[Redis] Client 已连接: localhost:6379
[Redis] Subscriber 已连接: localhost:6379
[MongoDB] 已连接: mongodb://localhost:27017/synccanvas
[MongoDB] 索引已创建
[MongoDB] 用户和画布集合索引已初始化
[Kafka] Producer 已连接: localhost:9092
{"level":"INFO","timestamp":"2026-06-02T07:19:00.140Z","logger":"kafkajs","message":"[Consumer] Starting","groupId":"persistence-service"}
{"level":"INFO","timestamp":"2026-06-02T07:19:06.382Z","logger":"kafkajs","message":"[ConsumerGroup] Consumer has joined the group","groupId":"persistence-service","memberId":"synccanvas-gateway-74eaed96-82c3-4a35-96e2-7a7d28112d07","leaderId":"synccanvas-gateway-74eaed96-82c3-4a35-96e2-7a7d28112d07","isLeader":true,"memberAssignment":{"canvas-operations":[0]},"groupProtocol":"RoundRobinAssigner","duration":6241}
[Kafka] Consumer 已启动: topic=canvas-operations, groupId=persistence-service
===========================================
 SyncCanvas 网关服务 v2.0
 HTTP API:  http://10.138.77.29:3000/api/v1/
 WebSocket: ws://10.138.77.29:3000/ws
 提示: 打开 http://10.138.77.29:3000 访问应用
===========================================
[+] 用户连接: test03, canvas=canvas-5f2b215730e9, 当前在线: 1
[Room] test03 加入画布 canvas-5f2b215730e9 (房间人数: 1)
[Broadcast] 画布 canvas-5f2b215730e9: 已发送给 1 个客户端, seq=undefined
[Redis] 已订阅频道: canvas:canvas-5f2b215730e9
[Redis] 已订阅画布频道: canvas:canvas-5f2b215730e9
[History] 画布 canvas-5f2b215730e9: Redis 缓存命中 500 条, 最新 seq=5257
[Broadcast] 画布 canvas-5f2b215730e9: 已发送给 1 个客户端, seq=undefined
[Broadcast] 画布 canvas-5f2b215730e9: 已发送给 1 个客户端, seq=undefined
[Broadcast] 画布 canvas-5f2b215730e9: 已发送给 1 个客户端, seq=undefined
[Broadcast] 画布 canvas-5f2b215730e9: 已发送给 1 个客户端, seq=undefined
[Broadcast] 画布 canvas-5f2b215730e9: 已发送给 1 个客户端, seq=undefined
[Broadcast] 画布 canvas-5f2b215730e9: 已发送给 1 个客户端, seq=undefined
[Broadcast] 画布 canvas-5f2b215730e9: 已发送给 1 个客户端, seq=undefined
[Broadcast] 画布 canvas-5f2b215730e9: 已发送给 1 个客户端, seq=undefined
[Broadcast] 画布 canvas-5f2b215730e9: 已发送给 1 个客户端, seq=undefined
[Broadcast] 画布 canvas-5f2b215730e9: 已发送给 1 个客户端, seq=undefined
[Broadcast] 画布 canvas-5f2b215730e9: 已发送给 1 个客户端, seq=undefined
[Broadcast] 画布 canvas-5f2b215730e9: 已发送给 1 个客户端, seq=undefined
[Broadcast] 画布 canvas-5f2b215730e9: 已发送给 1 个客户端, seq=undefined
[Broadcast] 画布 canvas-5f2b215730e9: 已发送给 1 个客户端, seq=undefined
[Broadcast] 画布 canvas-5f2b215730e9: 已发送给 1 个客户端, seq=undefined
[Broadcast] 画布 canvas-5f2b215730e9: 已发送给 1 个客户端, seq=undefined
[Broadcast] 画布 canvas-5f2b215730e9: 已发送给 1 个客户端, seq=undefined
[Broadcast] 画布 canvas-5f2b215730e9: 已发送给 1 个客户端, seq=undefined
[Broadcast] 画布 canvas-5f2b215730e9: 已发送给 1 个客户端, seq=undefined
[Broadcast] 画布 canvas-5f2b215730e9: 已发送给 1 个客户端, seq=undefined
[Broadcast] 画布 canvas-5f2b215730e9: 已发送给 1 个客户端, seq=undefined
[Broadcast] 画布 canvas-5f2b215730e9: 已发送给 1 个客户端, seq=undefined
[消息] userId=test03, canvas=canvas-5f2b215730e9, action=stroke, id=bcceba41-480e-4fe7-8e27-6cbfb8947773, points=3
[Broadcast] 画布 canvas-5f2b215730e9: 已发送给 1 个客户端, seq=undefined
[Broadcast] 画布 canvas-5f2b215730e9: 已发送给 1 个客户端, seq=25672
[Broadcast] 画布 canvas-5f2b215730e9: 已发送给 1 个客户端, seq=undefined
[Broadcast] 画布 canvas-5f2b215730e9: 已发送给 1 个客户端, seq=undefined
[Broadcast] 画布 canvas-5f2b215730e9: 已发送给 1 个客户端, seq=undefined
[Snapshot] 画布 canvas-5f2b215730e9 生成快照，sequence_id=5185，笔画数=585，SVG大小=41695字节
[Kafka] 批量保存完成: count=1, excluded=0, reason=schedule
[消息] userId=test03, canvas=canvas-5f2b215730e9, action=stroke, id=158db891-95f0-4097-98e3-26d52965d75d, points=1
[Broadcast] 画布 canvas-5f2b215730e9: 已发送给 1 个客户端, seq=25673
[Kafka] 批量保存完成: count=1, excluded=0, reason=schedule
[消息] userId=test03, canvas=canvas-5f2b215730e9, action=stroke, id=3034f339-ef12-49c0-9931-3cdf9b75bfe1, points=1
[Broadcast] 画布 canvas-5f2b215730e9: 已发送给 1 个客户端, seq=25674
[消息] userId=test03, canvas=canvas-5f2b215730e9, action=presence, id=undefined, points=0
[Broadcast] 画布 canvas-5f2b215730e9: 已发送给 1 个客户端, seq=25675
[Kafka] 批量保存完成: count=2, excluded=0, reason=schedule
[消息] userId=test03, canvas=canvas-5f2b215730e9, action=stroke, id=5f4f5c81-5e15-460c-8e8d-41ef58065257, points=1
[Broadcast] 画布 canvas-5f2b215730e9: 已发送给 1 个客户端, seq=25676
[Kafka] 批量保存完成: count=1, excluded=0, reason=schedule
[Broadcast] 画布 canvas-5f2b215730e9: 已发送给 1 个客户端, seq=undefined
[Broadcast] 画布 canvas-5f2b215730e9: 已发送给 1 个客户端, seq=undefined
[Broadcast] 画布 canvas-5f2b215730e9: 已发送给 1 个客户端, seq=undefined
[Broadcast] 画布 canvas-5f2b215730e9: 已发送给 1 个客户端, seq=undefined
[Broadcast] 画布 canvas-5f2b215730e9: 已发送给 1 个客户端, seq=undefined
[Broadcast] 画布 canvas-5f2b215730e9: 已发送给 1 个客户端, seq=undefined
[Broadcast] 画布 canvas-5f2b215730e9: 已发送给 1 个客户端, seq=undefined
[Broadcast] 画布 canvas-5f2b215730e9: 已发送给 1 个客户端, seq=undefined
[Broadcast] 画布 canvas-5f2b215730e9: 已发送给 1 个客户端, seq=undefined
[Broadcast] 画布 canvas-5f2b215730e9: 已发送给 1 个客户端, seq=undefined
[Broadcast] 画布 canvas-5f2b215730e9: 已发送给 1 个客户端, seq=undefined
[Broadcast] 画布 canvas-5f2b215730e9: 已发送给 1 个客户端, seq=undefined
[Broadcast] 画布 canvas-5f2b215730e9: 已发送给 1 个客户端, seq=undefined
[Broadcast] 画布 canvas-5f2b215730e9: 已发送给 1 个客户端, seq=undefined
[Broadcast] 画布 canvas-5f2b215730e9: 已发送给 1 个客户端, seq=undefined
[消息] userId=test03, canvas=canvas-5f2b215730e9, action=presence, id=undefined, points=0
[Broadcast] 画布 canvas-5f2b215730e9: 已发送给 1 个客户端, seq=25677
[Broadcast] 画布 canvas-5f2b215730e9: 已发送给 1 个客户端, seq=undefined
[Broadcast] 画布 canvas-5f2b215730e9: 已发送给 1 个客户端, seq=undefined
[Broadcast] 画布 canvas-5f2b215730e9: 已发送给 1 个客户端, seq=undefined
[Kafka] 批量保存完成: count=1, excluded=0, reason=schedule
[Broadcast] 画布 canvas-5f2b215730e9: 已发送给 1 个客户端, seq=undefined
[Broadcast] 画布 canvas-5f2b215730e9: 已发送给 1 个客户端, seq=undefined
[Broadcast] 画布 canvas-5f2b215730e9: 已发送给 1 个客户端, seq=undefined
[Broadcast] 画布 canvas-5f2b215730e9: 已发送给 1 个客户端, seq=undefined
[Broadcast] 画布 canvas-5f2b215730e9: 已发送给 1 个客户端, seq=undefined
[Broadcast] 画布 canvas-5f2b215730e9: 已发送给 1 个客户端, seq=undefined
[Broadcast] 画布 canvas-5f2b215730e9: 已发送给 1 个客户端, seq=undefined
[Broadcast] 画布 canvas-5f2b215730e9: 已发送给 1 个客户端, seq=undefined
[Broadcast] 画布 canvas-5f2b215730e9: 已发送给 1 个客户端, seq=undefined
[Broadcast] 画布 canvas-5f2b215730e9: 已发送给 1 个客户端, seq=undefined
[消息] userId=test03, canvas=canvas-5f2b215730e9, action=element_add, id=58350392-f89d-4763-81dc-e30420bd6368, points=0
[Broadcast] 画布 canvas-5f2b215730e9: 已发送给 1 个客户端, seq=undefined
[Broadcast] 画布 canvas-5f2b215730e9: 已发送给 1 个客户端, seq=25678
[Broadcast] 画布 canvas-5f2b215730e9: 已发送给 1 个客户端, seq=undefined
[Broadcast] 画布 canvas-5f2b215730e9: 已发送给 1 个客户端, seq=undefined
[Broadcast] 画布 canvas-5f2b215730e9: 已发送给 1 个客户端, seq=undefined
[Broadcast] 画布 canvas-5f2b215730e9: 已发送给 1 个客户端, seq=undefined
[Broadcast] 画布 canvas-5f2b215730e9: 已发送给 1 个客户端, seq=undefined
[Broadcast] 画布 canvas-5f2b215730e9: 已发送给 1 个客户端, seq=undefined
[Kafka] 批量保存完成: count=1, excluded=0, reason=schedule
[消息] userId=test03, canvas=canvas-5f2b215730e9, action=presence, id=undefined, points=0
[Broadcast] 画布 canvas-5f2b215730e9: 已发送给 1 个客户端, seq=25679
[Kafka] 批量保存完成: count=1, excluded=0, reason=schedule
[消息] userId=test03, canvas=canvas-5f2b215730e9, action=presence, id=undefined, points=0
[Broadcast] 画布 canvas-5f2b215730e9: 已发送给 1 个客户端, seq=25680
[Kafka] 批量保存完成: count=1, excluded=0, reason=schedule
[消息] userId=test03, canvas=canvas-5f2b215730e9, action=presence, id=undefined, points=0
[Broadcast] 画布 canvas-5f2b215730e9: 已发送给 1 个客户端, seq=25681
[Kafka] 批量保存完成: count=1, excluded=0, reason=schedule
[消息] userId=test03, canvas=canvas-5f2b215730e9, action=presence, id=undefined, points=0
[Broadcast] 画布 canvas-5f2b215730e9: 已发送给 1 个客户端, seq=25682
[Kafka] 批量保存完成: count=1, excluded=0, reason=schedule
[消息] userId=test03, canvas=canvas-5f2b215730e9, action=presence, id=undefined, points=0
[Broadcast] 画布 canvas-5f2b215730e9: 已发送给 1 个客户端, seq=25683
[Snapshot] 画布 canvas-5f2b215730e9 生成快照，sequence_id=25678，笔画数=590，SVG大小=42268字节
[Kafka] 批量保存完成: count=1, excluded=0, reason=schedule
[Broadcast] 画布 canvas-5f2b215730e9: 已发送给 1 个客户端, seq=undefined
[Broadcast] 画布 canvas-5f2b215730e9: 已发送给 1 个客户端, seq=undefined
[Broadcast] 画布 canvas-5f2b215730e9: 已发送给 1 个客户端, seq=undefined
[Broadcast] 画布 canvas-5f2b215730e9: 已发送给 1 个客户端, seq=undefined
[Broadcast] 画布 canvas-5f2b215730e9: 已发送给 1 个客户端, seq=undefined
[Broadcast] 画布 canvas-5f2b215730e9: 已发送给 1 个客户端, seq=undefined
[Broadcast] 画布 canvas-5f2b215730e9: 已发送给 1 个客户端, seq=undefined
[消息] userId=test03, canvas=canvas-5f2b215730e9, action=leave, id=undefined, points=0
[Redis] 已取消订阅频道: canvas:canvas-5f2b215730e9
[Redis] 已取消订阅画布频道: canvas:canvas-5f2b215730e9
[Room] test03 离开画布 canvas-5f2b215730e9 (房间人数: 0)
[-] 用户断开: test03, canvas=canvas-5f2b215730e9, 当前在线: 0
[Kafka] 批量保存完成: count=1, excluded=0, reason=schedule
[+] 用户连接: test03, canvas=canvas-2c4267c4daf5, 当前在线: 1
[Room] test03 加入画布 canvas-2c4267c4daf5 (房间人数: 1)
[Broadcast] 画布 canvas-2c4267c4daf5: 已发送给 1 个客户端, seq=undefined
[Redis] 已订阅频道: canvas:canvas-2c4267c4daf5
[Redis] 已订阅画布频道: canvas:canvas-2c4267c4daf5
[History] 画布 canvas-2c4267c4daf5: Redis 缓存命中 296 条, 最新 seq=5255
[Broadcast] 画布 canvas-2c4267c4daf5: 已发送给 1 个客户端, seq=undefined
[Broadcast] 画布 canvas-2c4267c4daf5: 已发送给 1 个客户端, seq=undefined
[Broadcast] 画布 canvas-2c4267c4daf5: 已发送给 1 个客户端, seq=undefined
[Broadcast] 画布 canvas-2c4267c4daf5: 已发送给 1 个客户端, seq=undefined
[Broadcast] 画布 canvas-2c4267c4daf5: 已发送给 1 个客户端, seq=undefined
[Broadcast] 画布 canvas-2c4267c4daf5: 已发送给 1 个客户端, seq=undefined
[Broadcast] 画布 canvas-2c4267c4daf5: 已发送给 1 个客户端, seq=undefined
[Broadcast] 画布 canvas-2c4267c4daf5: 已发送给 1 个客户端, seq=undefined
[Broadcast] 画布 canvas-2c4267c4daf5: 已发送给 1 个客户端, seq=undefined
[Broadcast] 画布 canvas-2c4267c4daf5: 已发送给 1 个客户端, seq=undefined
[Broadcast] 画布 canvas-2c4267c4daf5: 已发送给 1 个客户端, seq=undefined
[消息] userId=test03, canvas=canvas-2c4267c4daf5, action=element_add, id=996cc92a-2b7c-4fdc-a72e-16fb0051cbe9, points=0
[Broadcast] 画布 canvas-2c4267c4daf5: 已发送给 1 个客户端, seq=25685
[Snapshot] 画布 canvas-2c4267c4daf5 生成快照，sequence_id=5219，笔画数=241，SVG大小=20378字节
[Broadcast] 画布 canvas-2c4267c4daf5: 已发送给 1 个客户端, seq=undefined
[Broadcast] 画布 canvas-2c4267c4daf5: 已发送给 1 个客户端, seq=undefined
[Broadcast] 画布 canvas-2c4267c4daf5: 已发送给 1 个客户端, seq=undefined
[Broadcast] 画布 canvas-2c4267c4daf5: 已发送给 1 个客户端, seq=undefined
[Broadcast] 画布 canvas-2c4267c4daf5: 已发送给 1 个客户端, seq=undefined
[Kafka] 批量保存完成: count=1, excluded=0, reason=schedule
[Broadcast] 画布 canvas-2c4267c4daf5: 已发送给 1 个客户端, seq=undefined
[Broadcast] 画布 canvas-2c4267c4daf5: 已发送给 1 个客户端, seq=undefined
[Broadcast] 画布 canvas-2c4267c4daf5: 已发送给 1 个客户端, seq=undefined
[Broadcast] 画布 canvas-2c4267c4daf5: 已发送给 1 个客户端, seq=undefined
[Broadcast] 画布 canvas-2c4267c4daf5: 已发送给 1 个客户端, seq=undefined
[Broadcast] 画布 canvas-2c4267c4daf5: 已发送给 1 个客户端, seq=undefined
[Broadcast] 画布 canvas-2c4267c4daf5: 已发送给 1 个客户端, seq=undefined
[Broadcast] 画布 canvas-2c4267c4daf5: 已发送给 1 个客户端, seq=undefined
[Broadcast] 画布 canvas-2c4267c4daf5: 已发送给 1 个客户端, seq=undefined
[Broadcast] 画布 canvas-2c4267c4daf5: 已发送给 1 个客户端, seq=undefined
[Broadcast] 画布 canvas-2c4267c4daf5: 已发送给 1 个客户端, seq=undefined
[Broadcast] 画布 canvas-2c4267c4daf5: 已发送给 1 个客户端, seq=undefined
[Broadcast] 画布 canvas-2c4267c4daf5: 已发送给 1 个客户端, seq=undefined
[Broadcast] 画布 canvas-2c4267c4daf5: 已发送给 1 个客户端, seq=undefined
[Broadcast] 画布 canvas-2c4267c4daf5: 已发送给 1 个客户端, seq=undefined
[消息] userId=test03, canvas=canvas-2c4267c4daf5, action=presence, id=undefined, points=0
[Broadcast] 画布 canvas-2c4267c4daf5: 已发送给 1 个客户端, seq=25686
[Kafka] 批量保存完成: count=1, excluded=0, reason=schedule
[消息] userId=test03, canvas=canvas-2c4267c4daf5, action=leave, id=undefined, points=0
[Redis] 已取消订阅频道: canvas:canvas-2c4267c4daf5
[Redis] 已取消订阅画布频道: canvas:canvas-2c4267c4daf5
[Room] test03 离开画布 canvas-2c4267c4daf5 (房间人数: 0)
[-] 用户断开: test03, canvas=canvas-2c4267c4daf5, 当前在线: 0
[+] 用户连接: test03, canvas=canvas-5f2b215730e9, 当前在线: 1
[Room] test03 加入画布 canvas-5f2b215730e9 (房间人数: 1)
[Broadcast] 画布 canvas-5f2b215730e9: 已发送给 1 个客户端, seq=undefined
[Redis] 已订阅频道: canvas:canvas-5f2b215730e9
[Redis] 已订阅画布频道: canvas:canvas-5f2b215730e9
[History] 画布 canvas-5f2b215730e9: Redis 缓存命中 500 条, 最新 seq=25684
[Kafka] 批量保存完成: count=1, excluded=0, reason=schedule
[消息] userId=test03, canvas=canvas-5f2b215730e9, action=leave, id=undefined, points=0
[Redis] 已取消订阅频道: canvas:canvas-5f2b215730e9
[Redis] 已取消订阅画布频道: canvas:canvas-5f2b215730e9
[Room] test03 离开画布 canvas-5f2b215730e9 (房间人数: 0)
[-] 用户断开: test03, canvas=canvas-5f2b215730e9, 当前在线: 0
[Kafka] 批量保存完成: count=1, excluded=0, reason=schedule
[+] 用户连接: test03, canvas=canvas-2c4267c4daf5, 当前在线: 1
[Room] test03 加入画布 canvas-2c4267c4daf5 (房间人数: 1)
[Broadcast] 画布 canvas-2c4267c4daf5: 已发送给 1 个客户端, seq=undefined
[Redis] 已订阅频道: canvas:canvas-2c4267c4daf5
[Redis] 已订阅画布频道: canvas:canvas-2c4267c4daf5
[History] 画布 canvas-2c4267c4daf5: Redis 缓存命中 299 条, 最新 seq=25687
[消息] userId=test03, canvas=canvas-2c4267c4daf5, action=leave, id=undefined, points=0
[Redis] 已取消订阅频道: canvas:canvas-2c4267c4daf5
[Redis] 已取消订阅画布频道: canvas:canvas-2c4267c4daf5
[Room] test03 离开画布 canvas-2c4267c4daf5 (房间人数: 0)
[-] 用户断开: test03, canvas=canvas-2c4267c4daf5, 当前在线: 0
[+] 用户连接: test03, canvas=canvas-5f2b215730e9, 当前在线: 1
[Room] test03 加入画布 canvas-5f2b215730e9 (房间人数: 1)
[Broadcast] 画布 canvas-5f2b215730e9: 已发送给 1 个客户端, seq=undefined
[Redis] 已订阅频道: canvas:canvas-5f2b215730e9
[Redis] 已订阅画布频道: canvas:canvas-5f2b215730e9
[History] 画布 canvas-5f2b215730e9: Redis 缓存命中 500 条, 最新 seq=25688
[Kafka] 批量保存完成: count=1, excluded=0, reason=schedule
[消息] userId=test03, canvas=canvas-5f2b215730e9, action=presence, id=undefined, points=0
[Broadcast] 画布 canvas-5f2b215730e9: 已发送给 1 个客户端, seq=25690
[Kafka] 批量保存完成: count=1, excluded=0, reason=schedule
[消息] userId=test03, canvas=canvas-5f2b215730e9, action=presence, id=undefined, points=0
[Broadcast] 画布 canvas-5f2b215730e9: 已发送给 1 个客户端, seq=25691
[Kafka] 批量保存完成: count=1, excluded=0, reason=schedule
[消息] userId=test03, canvas=canvas-5f2b215730e9, action=presence, id=undefined, points=0
[Broadcast] 画布 canvas-5f2b215730e9: 已发送给 1 个客户端, seq=25692
[Kafka] 批量保存完成: count=1, excluded=0, reason=schedule
[消息] userId=test03, canvas=canvas-5f2b215730e9, action=presence, id=undefined, points=0
[Broadcast] 画布 canvas-5f2b215730e9: 已发送给 1 个客户端, seq=25693
[Snapshot] 画布 canvas-5f2b215730e9 生成快照，sequence_id=25678，笔画数=590，SVG大小=42268字节
[Kafka] 批量保存完成: count=1, excluded=0, reason=schedule
[Broadcast] 画布 canvas-5f2b215730e9: 已发送给 1 个客户端, seq=undefined
[Broadcast] 画布 canvas-5f2b215730e9: 已发送给 1 个客户端, seq=undefined
[Broadcast] 画布 canvas-5f2b215730e9: 已发送给 1 个客户端, seq=undefined
[Broadcast] 画布 canvas-5f2b215730e9: 已发送给 1 个客户端, seq=undefined
[Broadcast] 画布 canvas-5f2b215730e9: 已发送给 1 个客户端, seq=undefined
[Broadcast] 画布 canvas-5f2b215730e9: 已发送给 1 个客户端, seq=undefined
[Broadcast] 画布 canvas-5f2b215730e9: 已发送给 1 个客户端, seq=undefined
[Broadcast] 画布 canvas-5f2b215730e9: 已发送给 1 个客户端, seq=undefined
[Broadcast] 画布 canvas-5f2b215730e9: 已发送给 1 个客户端, seq=undefined
[消息] userId=test03, canvas=canvas-5f2b215730e9, action=presence, id=undefined, points=0
[Broadcast] 画布 canvas-5f2b215730e9: 已发送给 1 个客户端, seq=25694
[消息] userId=test03, canvas=canvas-5f2b215730e9, action=leave, id=undefined, points=0
[Redis] 已取消订阅频道: canvas:canvas-5f2b215730e9
[Redis] 已取消订阅画布频道: canvas:canvas-5f2b215730e9
[Room] test03 离开画布 canvas-5f2b215730e9 (房间人数: 0)
[-] 用户断开: test03, canvas=canvas-5f2b215730e9, 当前在线: 0
[Kafka] 批量保存完成: count=2, excluded=0, reason=schedule
[+] 用户连接: test03, canvas=canvas-2c4267c4daf5, 当前在线: 1
[Room] test03 加入画布 canvas-2c4267c4daf5 (房间人数: 1)
[Broadcast] 画布 canvas-2c4267c4daf5: 已发送给 1 个客户端, seq=undefined
[Redis] 已订阅频道: canvas:canvas-2c4267c4daf5
[Redis] 已订阅画布频道: canvas:canvas-2c4267c4daf5
[History] 画布 canvas-2c4267c4daf5: Redis 缓存命中 300 条, 最新 seq=25689
[消息] userId=test03, canvas=canvas-2c4267c4daf5, action=leave, id=undefined, points=0
[Redis] 已取消订阅频道: canvas:canvas-2c4267c4daf5
[Redis] 已取消订阅画布频道: canvas:canvas-2c4267c4daf5
[Room] test03 离开画布 canvas-2c4267c4daf5 (房间人数: 0)
[-] 用户断开: test03, canvas=canvas-2c4267c4daf5, 当前在线: 0
[Snapshot] 画布 canvas-2c4267c4daf5 生成快照，sequence_id=25685，笔画数=242，SVG大小=20378字节
[Kafka] 批量保存完成: count=1, excluded=0, reason=schedule
[+] 用户连接: test03, canvas=canvas-932910914f41, 当前在线: 1
[Room] test03 加入画布 canvas-932910914f41 (房间人数: 1)
[Broadcast] 画布 canvas-932910914f41: 已发送给 1 个客户端, seq=undefined
[Redis] 已订阅频道: canvas:canvas-932910914f41
[Redis] 已订阅画布频道: canvas:canvas-932910914f41
[History] 画布 canvas-932910914f41: Redis 缓存命中 500 条, 最新 seq=5290
[Broadcast] 画布 canvas-932910914f41: 已发送给 1 个客户端, seq=undefined
[Broadcast] 画布 canvas-932910914f41: 已发送给 1 个客户端, seq=undefined
[Broadcast] 画布 canvas-932910914f41: 已发送给 1 个客户端, seq=undefined
[Broadcast] 画布 canvas-932910914f41: 已发送给 1 个客户端, seq=undefined
[Broadcast] 画布 canvas-932910914f41: 已发送给 1 个客户端, seq=undefined
[Broadcast] 画布 canvas-932910914f41: 已发送给 1 个客户端, seq=undefined
[Broadcast] 画布 canvas-932910914f41: 已发送给 1 个客户端, seq=undefined
[Broadcast] 画布 canvas-932910914f41: 已发送给 1 个客户端, seq=undefined
[Broadcast] 画布 canvas-932910914f41: 已发送给 1 个客户端, seq=undefined
[Broadcast] 画布 canvas-932910914f41: 已发送给 1 个客户端, seq=undefined
[Broadcast] 画布 canvas-932910914f41: 已发送给 1 个客户端, seq=undefined
[Broadcast] 画布 canvas-932910914f41: 已发送给 1 个客户端, seq=undefined
[Broadcast] 画布 canvas-932910914f41: 已发送给 1 个客户端, seq=undefined
[Broadcast] 画布 canvas-932910914f41: 已发送给 1 个客户端, seq=undefined
[Broadcast] 画布 canvas-932910914f41: 已发送给 1 个客户端, seq=undefined
[Broadcast] 画布 canvas-932910914f41: 已发送给 1 个客户端, seq=undefined
[Broadcast] 画布 canvas-932910914f41: 已发送给 1 个客户端, seq=undefined
[消息] userId=test03, canvas=canvas-932910914f41, action=element_add, id=a6b23137-8dbf-4a59-a817-a259219ec9f7, points=0
[Broadcast] 画布 canvas-932910914f41: 已发送给 1 个客户端, seq=25697
[Broadcast] 画布 canvas-932910914f41: 已发送给 1 个客户端, seq=undefined
[Snapshot] 画布 canvas-932910914f41 生成快照，sequence_id=5290，笔画数=766，SVG大小=68156字节
[Broadcast] 画布 canvas-932910914f41: 已发送给 1 个客户端, seq=undefined
[Broadcast] 画布 canvas-932910914f41: 已发送给 1 个客户端, seq=undefined
[Broadcast] 画布 canvas-932910914f41: 已发送给 1 个客户端, seq=undefined
[Broadcast] 画布 canvas-932910914f41: 已发送给 1 个客户端, seq=undefined
[Broadcast] 画布 canvas-932910914f41: 已发送给 1 个客户端, seq=undefined
[Broadcast] 画布 canvas-932910914f41: 已发送给 1 个客户端, seq=undefined
[Kafka] 批量保存完成: count=1, excluded=0, reason=schedule
[Broadcast] 画布 canvas-932910914f41: 已发送给 1 个客户端, seq=undefined
[Broadcast] 画布 canvas-932910914f41: 已发送给 1 个客户端, seq=undefined
[Broadcast] 画布 canvas-932910914f41: 已发送给 1 个客户端, seq=undefined
[Broadcast] 画布 canvas-932910914f41: 已发送给 1 个客户端, seq=undefined
[Broadcast] 画布 canvas-932910914f41: 已发送给 1 个客户端, seq=undefined
[Broadcast] 画布 canvas-932910914f41: 已发送给 1 个客户端, seq=undefined
[消息] userId=test03, canvas=canvas-932910914f41, action=presence, id=undefined, points=0
[Broadcast] 画布 canvas-932910914f41: 已发送给 1 个客户端, seq=25698
[Kafka] 批量保存完成: count=1, excluded=0, reason=schedule
[消息] userId=test03, canvas=canvas-932910914f41, action=presence, id=undefined, points=0
[Broadcast] 画布 canvas-932910914f41: 已发送给 1 个客户端, seq=25699
[Kafka] 批量保存完成: count=1, excluded=0, reason=schedule
[消息] userId=test03, canvas=canvas-932910914f41, action=leave, id=undefined, points=0
[Redis] 已取消订阅频道: canvas:canvas-932910914f41
[Redis] 已取消订阅画布频道: canvas:canvas-932910914f41
[Room] test03 离开画布 canvas-932910914f41 (房间人数: 0)
[-] 用户断开: test03, canvas=canvas-932910914f41, 当前在线: 0
[+] 用户连接: test03, canvas=canvas-2c4267c4daf5, 当前在线: 1
[Room] test03 加入画布 canvas-2c4267c4daf5 (房间人数: 1)
[Broadcast] 画布 canvas-2c4267c4daf5: 已发送给 1 个客户端, seq=undefined
[Redis] 已订阅频道: canvas:canvas-2c4267c4daf5
[Redis] 已订阅画布频道: canvas:canvas-2c4267c4daf5
[History] 画布 canvas-2c4267c4daf5: Redis 缓存命中 301 条, 最新 seq=25696
[Kafka] 批量保存完成: count=1, excluded=0, reason=schedule
[Broadcast] 画布 canvas-2c4267c4daf5: 已发送给 1 个客户端, seq=undefined
[Broadcast] 画布 canvas-2c4267c4daf5: 已发送给 1 个客户端, seq=undefined
[Broadcast] 画布 canvas-2c4267c4daf5: 已发送给 1 个客户端, seq=undefined
[Broadcast] 画布 canvas-2c4267c4daf5: 已发送给 1 个客户端, seq=undefined
[Broadcast] 画布 canvas-2c4267c4daf5: 已发送给 1 个客户端, seq=undefined
[Broadcast] 画布 canvas-2c4267c4daf5: 已发送给 1 个客户端, seq=undefined
[Broadcast] 画布 canvas-2c4267c4daf5: 已发送给 1 个客户端, seq=undefined
[Broadcast] 画布 canvas-2c4267c4daf5: 已发送给 1 个客户端, seq=undefined
[Broadcast] 画布 canvas-2c4267c4daf5: 已发送给 1 个客户端, seq=undefined
[Broadcast] 画布 canvas-2c4267c4daf5: 已发送给 1 个客户端, seq=undefined
[Broadcast] 画布 canvas-2c4267c4daf5: 已发送给 1 个客户端, seq=undefined
[Broadcast] 画布 canvas-2c4267c4daf5: 已发送给 1 个客户端, seq=undefined
[Broadcast] 画布 canvas-2c4267c4daf5: 已发送给 1 个客户端, seq=undefined
[Broadcast] 画布 canvas-2c4267c4daf5: 已发送给 1 个客户端, seq=undefined
[Broadcast] 画布 canvas-2c4267c4daf5: 已发送给 1 个客户端, seq=undefined
[Broadcast] 画布 canvas-2c4267c4daf5: 已发送给 1 个客户端, seq=undefined
[Broadcast] 画布 canvas-2c4267c4daf5: 已发送给 1 个客户端, seq=undefined
[Broadcast] 画布 canvas-2c4267c4daf5: 已发送给 1 个客户端, seq=undefined
[Broadcast] 画布 canvas-2c4267c4daf5: 已发送给 1 个客户端, seq=undefined
[Broadcast] 画布 canvas-2c4267c4daf5: 已发送给 1 个客户端, seq=undefined
[Broadcast] 画布 canvas-2c4267c4daf5: 已发送给 1 个客户端, seq=undefined
[Broadcast] 画布 canvas-2c4267c4daf5: 已发送给 1 个客户端, seq=undefined
[Broadcast] 画布 canvas-2c4267c4daf5: 已发送给 1 个客户端, seq=undefined
[Broadcast] 画布 canvas-2c4267c4daf5: 已发送给 1 个客户端, seq=undefined
[Broadcast] 画布 canvas-2c4267c4daf5: 已发送给 1 个客户端, seq=undefined
[Broadcast] 画布 canvas-2c4267c4daf5: 已发送给 1 个客户端, seq=undefined
[Broadcast] 画布 canvas-2c4267c4daf5: 已发送给 1 个客户端, seq=undefined
[Broadcast] 画布 canvas-2c4267c4daf5: 已发送给 1 个客户端, seq=undefined
[Broadcast] 画布 canvas-2c4267c4daf5: 已发送给 1 个客户端, seq=undefined
[Broadcast] 画布 canvas-2c4267c4daf5: 已发送给 1 个客户端, seq=undefined
[Broadcast] 画布 canvas-2c4267c4daf5: 已发送给 1 个客户端, seq=undefined
[消息] userId=test03, canvas=canvas-2c4267c4daf5, action=presence, id=undefined, points=0
[Broadcast] 画布 canvas-2c4267c4daf5: 已发送给 1 个客户端, seq=25701
[Broadcast] 画布 canvas-2c4267c4daf5: 已发送给 1 个客户端, seq=undefined
[Broadcast] 画布 canvas-2c4267c4daf5: 已发送给 1 个客户端, seq=undefined
[Broadcast] 画布 canvas-2c4267c4daf5: 已发送给 1 个客户端, seq=undefined
[Broadcast] 画布 canvas-2c4267c4daf5: 已发送给 1 个客户端, seq=undefined
[Broadcast] 画布 canvas-2c4267c4daf5: 已发送给 1 个客户端, seq=undefined
[Broadcast] 画布 canvas-2c4267c4daf5: 已发送给 1 个客户端, seq=undefined
[Broadcast] 画布 canvas-2c4267c4daf5: 已发送给 1 个客户端, seq=undefined
[Kafka] 批量保存完成: count=1, excluded=0, reason=schedule
[Broadcast] 画布 canvas-2c4267c4daf5: 已发送给 1 个客户端, seq=undefined
[Broadcast] 画布 canvas-2c4267c4daf5: 已发送给 1 个客户端, seq=undefined
[Broadcast] 画布 canvas-2c4267c4daf5: 已发送给 1 个客户端, seq=undefined
[Broadcast] 画布 canvas-2c4267c4daf5: 已发送给 1 个客户端, seq=undefined
[Broadcast] 画布 canvas-2c4267c4daf5: 已发送给 1 个客户端, seq=undefined
[Broadcast] 画布 canvas-2c4267c4daf5: 已发送给 1 个客户端, seq=undefined
[Broadcast] 画布 canvas-2c4267c4daf5: 已发送给 1 个客户端, seq=undefined
[Broadcast] 画布 canvas-2c4267c4daf5: 已发送给 1 个客户端, seq=undefined
[Broadcast] 画布 canvas-2c4267c4daf5: 已发送给 1 个客户端, seq=undefined
[Broadcast] 画布 canvas-2c4267c4daf5: 已发送给 1 个客户端, seq=undefined
[Broadcast] 画布 canvas-2c4267c4daf5: 已发送给 1 个客户端, seq=undefined
[Broadcast] 画布 canvas-2c4267c4daf5: 已发送给 1 个客户端, seq=undefined
[Broadcast] 画布 canvas-2c4267c4daf5: 已发送给 1 个客户端, seq=undefined
[Broadcast] 画布 canvas-2c4267c4daf5: 已发送给 1 个客户端, seq=undefined
[Broadcast] 画布 canvas-2c4267c4daf5: 已发送给 1 个客户端, seq=undefined
[Broadcast] 画布 canvas-2c4267c4daf5: 已发送给 1 个客户端, seq=undefined
[Broadcast] 画布 canvas-2c4267c4daf5: 已发送给 1 个客户端, seq=undefined
[Broadcast] 画布 canvas-2c4267c4daf5: 已发送给 1 个客户端, seq=undefined
[Broadcast] 画布 canvas-2c4267c4daf5: 已发送给 1 个客户端, seq=undefined
[Broadcast] 画布 canvas-2c4267c4daf5: 已发送给 1 个客户端, seq=undefined
[Broadcast] 画布 canvas-2c4267c4daf5: 已发送给 1 个客户端, seq=undefined
[Broadcast] 画布 canvas-2c4267c4daf5: 已发送给 1 个客户端, seq=undefined
[Broadcast] 画布 canvas-2c4267c4daf5: 已发送给 1 个客户端, seq=undefined
[Broadcast] 画布 canvas-2c4267c4daf5: 已发送给 1 个客户端, seq=undefined
[Broadcast] 画布 canvas-2c4267c4daf5: 已发送给 1 个客户端, seq=undefined
[Broadcast] 画布 canvas-2c4267c4daf5: 已发送给 1 个客户端, seq=undefined
[Broadcast] 画布 canvas-2c4267c4daf5: 已发送给 1 个客户端, seq=undefined
[Broadcast] 画布 canvas-2c4267c4daf5: 已发送给 1 个客户端, seq=undefined
[Broadcast] 画布 canvas-2c4267c4daf5: 已发送给 1 个客户端, seq=undefined
[Broadcast] 画布 canvas-2c4267c4daf5: 已发送给 1 个客户端, seq=undefined
[Broadcast] 画布 canvas-2c4267c4daf5: 已发送给 1 个客户端, seq=undefined
[Broadcast] 画布 canvas-2c4267c4daf5: 已发送给 1 个客户端, seq=undefined
[Broadcast] 画布 canvas-2c4267c4daf5: 已发送给 1 个客户端, seq=undefined
[Broadcast] 画布 canvas-2c4267c4daf5: 已发送给 1 个客户端, seq=undefined
[消息] userId=test03, canvas=canvas-2c4267c4daf5, action=stroke, id=0810ff5d-8b17-44e1-81bf-966e5c139392, points=111
[Broadcast] 画布 canvas-2c4267c4daf5: 已发送给 1 个客户端, seq=25702
[Broadcast] 画布 canvas-2c4267c4daf5: 已发送给 1 个客户端, seq=undefined
[Broadcast] 画布 canvas-2c4267c4daf5: 已发送给 1 个客户端, seq=undefined
[Broadcast] 画布 canvas-2c4267c4daf5: 已发送给 1 个客户端, seq=undefined
[Broadcast] 画布 canvas-2c4267c4daf5: 已发送给 1 个客户端, seq=undefined
[Kafka] 批量保存完成: count=1, excluded=0, reason=schedule
[Broadcast] 画布 canvas-2c4267c4daf5: 已发送给 1 个客户端, seq=undefined
[Broadcast] 画布 canvas-2c4267c4daf5: 已发送给 1 个客户端, seq=undefined
[Broadcast] 画布 canvas-2c4267c4daf5: 已发送给 1 个客户端, seq=undefined
[Broadcast] 画布 canvas-2c4267c4daf5: 已发送给 1 个客户端, seq=undefined
[Broadcast] 画布 canvas-2c4267c4daf5: 已发送给 1 个客户端, seq=undefined
[Broadcast] 画布 canvas-2c4267c4daf5: 已发送给 1 个客户端, seq=undefined
[Broadcast] 画布 canvas-2c4267c4daf5: 已发送给 1 个客户端, seq=undefined
[Broadcast] 画布 canvas-2c4267c4daf5: 已发送给 1 个客户端, seq=undefined
[Broadcast] 画布 canvas-2c4267c4daf5: 已发送给 1 个客户端, seq=undefined
[Broadcast] 画布 canvas-2c4267c4daf5: 已发送给 1 个客户端, seq=undefined
[Broadcast] 画布 canvas-2c4267c4daf5: 已发送给 1 个客户端, seq=undefined
[Broadcast] 画布 canvas-2c4267c4daf5: 已发送给 1 个客户端, seq=undefined
[Broadcast] 画布 canvas-2c4267c4daf5: 已发送给 1 个客户端, seq=undefined
[Broadcast] 画布 canvas-2c4267c4daf5: 已发送给 1 个客户端, seq=undefined
[Broadcast] 画布 canvas-2c4267c4daf5: 已发送给 1 个客户端, seq=undefined
[Broadcast] 画布 canvas-2c4267c4daf5: 已发送给 1 个客户端, seq=undefined
[Broadcast] 画布 canvas-2c4267c4daf5: 已发送给 1 个客户端, seq=undefined
[Broadcast] 画布 canvas-2c4267c4daf5: 已发送给 1 个客户端, seq=undefined
[Broadcast] 画布 canvas-2c4267c4daf5: 已发送给 1 个客户端, seq=undefined
[消息] userId=test03, canvas=canvas-2c4267c4daf5, action=presence, id=undefined, points=0
[Broadcast] 画布 canvas-2c4267c4daf5: 已发送给 1 个客户端, seq=25703
[Kafka] 批量保存完成: count=1, excluded=0, reason=schedule
[消息] userId=test03, canvas=canvas-2c4267c4daf5, action=presence, id=undefined, points=0
[Broadcast] 画布 canvas-2c4267c4daf5: 已发送给 1 个客户端, seq=25704
[Kafka] 批量保存完成: count=1, excluded=0, reason=schedule
[Broadcast] 画布 canvas-2c4267c4daf5: 已发送给 1 个客户端, seq=undefined
[Broadcast] 画布 canvas-2c4267c4daf5: 已发送给 1 个客户端, seq=undefined
[Broadcast] 画布 canvas-2c4267c4daf5: 已发送给 1 个客户端, seq=undefined
[Broadcast] 画布 canvas-2c4267c4daf5: 已发送给 1 个客户端, seq=undefined
[Broadcast] 画布 canvas-2c4267c4daf5: 已发送给 1 个客户端, seq=undefined
[Broadcast] 画布 canvas-2c4267c4daf5: 已发送给 1 个客户端, seq=undefined
[Broadcast] 画布 canvas-2c4267c4daf5: 已发送给 1 个客户端, seq=undefined
[Broadcast] 画布 canvas-2c4267c4daf5: 已发送给 1 个客户端, seq=undefined
[Broadcast] 画布 canvas-2c4267c4daf5: 已发送给 1 个客户端, seq=undefined
[Broadcast] 画布 canvas-2c4267c4daf5: 已发送给 1 个客户端, seq=undefined
[Broadcast] 画布 canvas-2c4267c4daf5: 已发送给 1 个客户端, seq=undefined
[Broadcast] 画布 canvas-2c4267c4daf5: 已发送给 1 个客户端, seq=undefined
[Broadcast] 画布 canvas-2c4267c4daf5: 已发送给 1 个客户端, seq=undefined
[Broadcast] 画布 canvas-2c4267c4daf5: 已发送给 1 个客户端, seq=undefined
[Broadcast] 画布 canvas-2c4267c4daf5: 已发送给 1 个客户端, seq=undefined
[Broadcast] 画布 canvas-2c4267c4daf5: 已发送给 1 个客户端, seq=undefined
[Broadcast] 画布 canvas-2c4267c4daf5: 已发送给 1 个客户端, seq=undefined
[Broadcast] 画布 canvas-2c4267c4daf5: 已发送给 1 个客户端, seq=undefined
[Broadcast] 画布 canvas-2c4267c4daf5: 已发送给 1 个客户端, seq=undefined
[Broadcast] 画布 canvas-2c4267c4daf5: 已发送给 1 个客户端, seq=undefined
[Broadcast] 画布 canvas-2c4267c4daf5: 已发送给 1 个客户端, seq=undefined
[Broadcast] 画布 canvas-2c4267c4daf5: 已发送给 1 个客户端, seq=undefined
[Broadcast] 画布 canvas-2c4267c4daf5: 已发送给 1 个客户端, seq=undefined
[Broadcast] 画布 canvas-2c4267c4daf5: 已发送给 1 个客户端, seq=undefined
[Broadcast] 画布 canvas-2c4267c4daf5: 已发送给 1 个客户端, seq=undefined
[Broadcast] 画布 canvas-2c4267c4daf5: 已发送给 1 个客户端, seq=undefined
[Broadcast] 画布 canvas-2c4267c4daf5: 已发送给 1 个客户端, seq=undefined
[Broadcast] 画布 canvas-2c4267c4daf5: 已发送给 1 个客户端, seq=undefined
[Broadcast] 画布 canvas-2c4267c4daf5: 已发送给 1 个客户端, seq=undefined
[Broadcast] 画布 canvas-2c4267c4daf5: 已发送给 1 个客户端, seq=undefined
[Broadcast] 画布 canvas-2c4267c4daf5: 已发送给 1 个客户端, seq=undefined
[Broadcast] 画布 canvas-2c4267c4daf5: 已发送给 1 个客户端, seq=undefined
[Broadcast] 画布 canvas-2c4267c4daf5: 已发送给 1 个客户端, seq=undefined
[Broadcast] 画布 canvas-2c4267c4daf5: 已发送给 1 个客户端, seq=undefined
[Broadcast] 画布 canvas-2c4267c4daf5: 已发送给 1 个客户端, seq=undefined
[Broadcast] 画布 canvas-2c4267c4daf5: 已发送给 1 个客户端, seq=undefined
[Broadcast] 画布 canvas-2c4267c4daf5: 已发送给 1 个客户端, seq=undefined
[Broadcast] 画布 canvas-2c4267c4daf5: 已发送给 1 个客户端, seq=undefined
[Broadcast] 画布 canvas-2c4267c4daf5: 已发送给 1 个客户端, seq=undefined
[Broadcast] 画布 canvas-2c4267c4daf5: 已发送给 1 个客户端, seq=undefined
[Broadcast] 画布 canvas-2c4267c4daf5: 已发送给 1 个客户端, seq=undefined
[Broadcast] 画布 canvas-2c4267c4daf5: 已发送给 1 个客户端, seq=undefined
[Broadcast] 画布 canvas-2c4267c4daf5: 已发送给 1 个客户端, seq=undefined
[Broadcast] 画布 canvas-2c4267c4daf5: 已发送给 1 个客户端, seq=undefined
[消息] userId=test03, canvas=canvas-2c4267c4daf5, action=stroke, id=9795485d-35a8-4349-9a4c-9421e312b68c, points=46
[Broadcast] 画布 canvas-2c4267c4daf5: 已发送给 1 个客户端, seq=25705
[Broadcast] 画布 canvas-2c4267c4daf5: 已发送给 1 个客户端, seq=undefined
[Snapshot] 画布 canvas-2c4267c4daf5 生成快照，sequence_id=25702，笔画数=243，SVG大小=28776字节
[Broadcast] 画布 canvas-2c4267c4daf5: 已发送给 1 个客户端, seq=undefined
[Broadcast] 画布 canvas-2c4267c4daf5: 已发送给 1 个客户端, seq=undefined
[Broadcast] 画布 canvas-2c4267c4daf5: 已发送给 1 个客户端, seq=undefined
[Broadcast] 画布 canvas-2c4267c4daf5: 已发送给 1 个客户端, seq=undefined
[Broadcast] 画布 canvas-2c4267c4daf5: 已发送给 1 个客户端, seq=undefined
[Broadcast] 画布 canvas-2c4267c4daf5: 已发送给 1 个客户端, seq=undefined
[Broadcast] 画布 canvas-2c4267c4daf5: 已发送给 1 个客户端, seq=undefined
[Broadcast] 画布 canvas-2c4267c4daf5: 已发送给 1 个客户端, seq=undefined
[Kafka] 批量保存完成: count=1, excluded=0, reason=schedule
[消息] userId=test03, canvas=canvas-2c4267c4daf5, action=stroke, id=6a8f21ce-f178-470f-ba4a-de7f55d87ed2, points=1
[Broadcast] 画布 canvas-2c4267c4daf5: 已发送给 1 个客户端, seq=25706
[消息] userId=test03, canvas=canvas-2c4267c4daf5, action=presence, id=undefined, points=0
[Broadcast] 画布 canvas-2c4267c4daf5: 已发送给 1 个客户端, seq=25707
[Kafka] 批量保存完成: count=2, excluded=0, reason=schedule
[消息] userId=test03, canvas=canvas-2c4267c4daf5, action=stroke, id=c5885f1e-c77f-4f01-8346-e940c5569eff, points=1
[Broadcast] 画布 canvas-2c4267c4daf5: 已发送给 1 个客户端, seq=25708
[Kafka] 批量保存完成: count=1, excluded=0, reason=schedule
[消息] userId=test03, canvas=canvas-2c4267c4daf5, action=stroke, id=8775f0da-5d08-4ca9-8cb2-930d239c1ea8, points=1
[Broadcast] 画布 canvas-2c4267c4daf5: 已发送给 1 个客户端, seq=25709
[Kafka] 批量保存完成: count=1, excluded=0, reason=schedule
[消息] userId=test03, canvas=canvas-2c4267c4daf5, action=stroke, id=230712da-179a-45b1-8c72-129bc0acc37e, points=1
[Broadcast] 画布 canvas-2c4267c4daf5: 已发送给 1 个客户端, seq=25710
[Kafka] 批量保存完成: count=1, excluded=0, reason=schedule
[消息] userId=test03, canvas=canvas-2c4267c4daf5, action=stroke, id=c15ccc54-a2d9-4482-9a13-7cba4ce9b02c, points=1
[Broadcast] 画布 canvas-2c4267c4daf5: 已发送给 1 个客户端, seq=25711
[Kafka] 批量保存完成: count=1, excluded=0, reason=schedule
[消息] userId=test03, canvas=canvas-2c4267c4daf5, action=presence, id=undefined, points=0
[Broadcast] 画布 canvas-2c4267c4daf5: 已发送给 1 个客户端, seq=25712
[消息] userId=test03, canvas=canvas-2c4267c4daf5, action=stroke, id=7c37a270-fb78-47e4-b723-78e67d642538, points=1
[Broadcast] 画布 canvas-2c4267c4daf5: 已发送给 1 个客户端, seq=25713
[Kafka] 批量保存完成: count=2, excluded=0, reason=schedule
[消息] userId=test03, canvas=canvas-2c4267c4daf5, action=stroke, id=cdabe98f-e457-4496-9190-fb481008647f, points=1
[Broadcast] 画布 canvas-2c4267c4daf5: 已发送给 1 个客户端, seq=25714
[Kafka] 批量保存完成: count=1, excluded=0, reason=schedule
[消息] userId=test03, canvas=canvas-2c4267c4daf5, action=stroke, id=d9edd5bc-7291-4125-90c9-533adf2cfb37, points=1
[Broadcast] 画布 canvas-2c4267c4daf5: 已发送给 1 个客户端, seq=25715
[消息] userId=test03, canvas=canvas-2c4267c4daf5, action=presence, id=undefined, points=0
[Broadcast] 画布 canvas-2c4267c4daf5: 已发送给 1 个客户端, seq=25716
[Kafka] 批量保存完成: count=2, excluded=0, reason=schedule
[Broadcast] 画布 canvas-2c4267c4daf5: 已发送给 1 个客户端, seq=undefined
[Broadcast] 画布 canvas-2c4267c4daf5: 已发送给 1 个客户端, seq=undefined
[Broadcast] 画布 canvas-2c4267c4daf5: 已发送给 1 个客户端, seq=undefined
[Broadcast] 画布 canvas-2c4267c4daf5: 已发送给 1 个客户端, seq=undefined
[Broadcast] 画布 canvas-2c4267c4daf5: 已发送给 1 个客户端, seq=undefined
[Broadcast] 画布 canvas-2c4267c4daf5: 已发送给 1 个客户端, seq=undefined
[Broadcast] 画布 canvas-2c4267c4daf5: 已发送给 1 个客户端, seq=undefined
[Broadcast] 画布 canvas-2c4267c4daf5: 已发送给 1 个客户端, seq=undefined
[Broadcast] 画布 canvas-2c4267c4daf5: 已发送给 1 个客户端, seq=undefined
[Broadcast] 画布 canvas-2c4267c4daf5: 已发送给 1 个客户端, seq=undefined
[Broadcast] 画布 canvas-2c4267c4daf5: 已发送给 1 个客户端, seq=undefined
[Broadcast] 画布 canvas-2c4267c4daf5: 已发送给 1 个客户端, seq=undefined
[Broadcast] 画布 canvas-2c4267c4daf5: 已发送给 1 个客户端, seq=undefined
[Broadcast] 画布 canvas-2c4267c4daf5: 已发送给 1 个客户端, seq=undefined
[Broadcast] 画布 canvas-2c4267c4daf5: 已发送给 1 个客户端, seq=undefined
[Broadcast] 画布 canvas-2c4267c4daf5: 已发送给 1 个客户端, seq=undefined
[消息] userId=test03, canvas=canvas-2c4267c4daf5, action=presence, id=undefined, points=0
[Broadcast] 画布 canvas-2c4267c4daf5: 已发送给 1 个客户端, seq=25717
[Kafka] 批量保存完成: count=1, excluded=0, reason=schedule
[Broadcast] 画布 canvas-2c4267c4daf5: 已发送给 1 个客户端, seq=undefined
[Broadcast] 画布 canvas-2c4267c4daf5: 已发送给 1 个客户端, seq=undefined
[Broadcast] 画布 canvas-2c4267c4daf5: 已发送给 1 个客户端, seq=undefined
[Broadcast] 画布 canvas-2c4267c4daf5: 已发送给 1 个客户端, seq=undefined
[消息] userId=test03, canvas=canvas-2c4267c4daf5, action=stroke, id=e6502c78-2533-4010-8706-9d0693cfc743, points=1
[Broadcast] 画布 canvas-2c4267c4daf5: 已发送给 1 个客户端, seq=25718
[Kafka] 批量保存完成: count=1, excluded=0, reason=schedule
[消息] userId=test03, canvas=canvas-2c4267c4daf5, action=presence, id=undefined, points=0
[Broadcast] 画布 canvas-2c4267c4daf5: 已发送给 1 个客户端, seq=25719
[Kafka] 批量保存完成: count=1, excluded=0, reason=schedule
[Broadcast] 画布 canvas-2c4267c4daf5: 已发送给 1 个客户端, seq=undefined
[Broadcast] 画布 canvas-2c4267c4daf5: 已发送给 1 个客户端, seq=undefined
[Broadcast] 画布 canvas-2c4267c4daf5: 已发送给 1 个客户端, seq=undefined
[Broadcast] 画布 canvas-2c4267c4daf5: 已发送给 1 个客户端, seq=undefined
[Broadcast] 画布 canvas-2c4267c4daf5: 已发送给 1 个客户端, seq=undefined
[Broadcast] 画布 canvas-2c4267c4daf5: 已发送给 1 个客户端, seq=undefined
[Broadcast] 画布 canvas-2c4267c4daf5: 已发送给 1 个客户端, seq=undefined
[Broadcast] 画布 canvas-2c4267c4daf5: 已发送给 1 个客户端, seq=undefined
[消息] userId=test03, canvas=canvas-2c4267c4daf5, action=stroke, id=1f129dbb-6489-44d0-9769-ca8de917a4c8, points=1
[Broadcast] 画布 canvas-2c4267c4daf5: 已发送给 1 个客户端, seq=25720
[Kafka] 批量保存完成: count=1, excluded=0, reason=schedule
[消息] userId=test03, canvas=canvas-2c4267c4daf5, action=presence, id=undefined, points=0
[Broadcast] 画布 canvas-2c4267c4daf5: 已发送给 1 个客户端, seq=25721
[消息] userId=test03, canvas=canvas-2c4267c4daf5, action=stroke, id=23ba1f64-64f8-46de-ba73-41f8c4f50cd6, points=1
[Broadcast] 画布 canvas-2c4267c4daf5: 已发送给 1 个客户端, seq=25722
[Kafka] 批量保存完成: count=2, excluded=0, reason=schedule
[消息] userId=test03, canvas=canvas-2c4267c4daf5, action=stroke, id=d8163b8f-ca02-4977-b472-b5d4190cc2e1, points=1
[Broadcast] 画布 canvas-2c4267c4daf5: 已发送给 1 个客户端, seq=25723
[Kafka] 批量保存完成: count=1, excluded=0, reason=schedule
[消息] userId=test03, canvas=canvas-2c4267c4daf5, action=stroke, id=4c697190-1dfa-44e3-835f-82705b675c54, points=1
[Broadcast] 画布 canvas-2c4267c4daf5: 已发送给 1 个客户端, seq=25724
[Kafka] 批量保存完成: count=1, excluded=0, reason=schedule
[消息] userId=test03, canvas=canvas-2c4267c4daf5, action=stroke, id=b95af2c5-7c66-4355-923a-98b1f561026f, points=1
[Broadcast] 画布 canvas-2c4267c4daf5: 已发送给 1 个客户端, seq=25725
[Snapshot] 画布 canvas-2c4267c4daf5 生成快照，sequence_id=25724，笔画数=257，SVG大小=33409字节
[消息] userId=test03, canvas=canvas-2c4267c4daf5, action=stroke, id=e6d38d33-5d7e-45fc-a0ab-4bc227d7e37f, points=1
[Broadcast] 画布 canvas-2c4267c4daf5: 已发送给 1 个客户端, seq=25726
[Kafka] 批量保存完成: count=2, excluded=0, reason=schedule
[消息] userId=test03, canvas=canvas-2c4267c4daf5, action=presence, id=undefined, points=0
[Broadcast] 画布 canvas-2c4267c4daf5: 已发送给 1 个客户端, seq=25727
[Broadcast] 画布 canvas-2c4267c4daf5: 已发送给 1 个客户端, seq=undefined
[Broadcast] 画布 canvas-2c4267c4daf5: 已发送给 1 个客户端, seq=undefined
[Broadcast] 画布 canvas-2c4267c4daf5: 已发送给 1 个客户端, seq=undefined
[Broadcast] 画布 canvas-2c4267c4daf5: 已发送给 1 个客户端, seq=undefined
[Kafka] 批量保存完成: count=1, excluded=0, reason=schedule
[Broadcast] 画布 canvas-2c4267c4daf5: 已发送给 1 个客户端, seq=undefined
[Broadcast] 画布 canvas-2c4267c4daf5: 已发送给 1 个客户端, seq=undefined
[Broadcast] 画布 canvas-2c4267c4daf5: 已发送给 1 个客户端, seq=undefined
[Broadcast] 画布 canvas-2c4267c4daf5: 已发送给 1 个客户端, seq=undefined
[Broadcast] 画布 canvas-2c4267c4daf5: 已发送给 1 个客户端, seq=undefined
[Broadcast] 画布 canvas-2c4267c4daf5: 已发送给 1 个客户端, seq=undefined
[消息] userId=test03, canvas=canvas-2c4267c4daf5, action=leave, id=undefined, points=0
[Redis] 已取消订阅频道: canvas:canvas-2c4267c4daf5
[Redis] 已取消订阅画布频道: canvas:canvas-2c4267c4daf5
[Room] test03 离开画布 canvas-2c4267c4daf5 (房间人数: 0)
[-] 用户断开: test03, canvas=canvas-2c4267c4daf5, 当前在线: 0
[Kafka] 批量保存完成: count=1, excluded=0, reason=schedule
[+] 用户连接: test03, canvas=canvas-932910914f41, 当前在线: 1
[Room] test03 加入画布 canvas-932910914f41 (房间人数: 1)
[Broadcast] 画布 canvas-932910914f41: 已发送给 1 个客户端, seq=undefined
[Redis] 已订阅频道: canvas:canvas-932910914f41
[Redis] 已订阅画布频道: canvas:canvas-932910914f41
[History] 画布 canvas-932910914f41: Redis 缓存命中 500 条, 最新 seq=25700
[消息] userId=test03, canvas=canvas-932910914f41, action=leave, id=undefined, points=0
[Redis] 已取消订阅频道: canvas:canvas-932910914f41
[Redis] 已取消订阅画布频道: canvas:canvas-932910914f41
[Room] test03 离开画布 canvas-932910914f41 (房间人数: 0)
[-] 用户断开: test03, canvas=canvas-932910914f41, 当前在线: 0
[Snapshot] 画布 canvas-932910914f41 生成快照，sequence_id=25697，笔画数=767，SVG大小=68156字节
[+] 用户连接: test03, canvas=canvas-5f2b215730e9, 当前在线: 1
[Room] test03 加入画布 canvas-5f2b215730e9 (房间人数: 1)
[Broadcast] 画布 canvas-5f2b215730e9: 已发送给 1 个客户端, seq=undefined
[Redis] 已订阅频道: canvas:canvas-5f2b215730e9
[Redis] 已订阅画布频道: canvas:canvas-5f2b215730e9
[History] 画布 canvas-5f2b215730e9: Redis 缓存命中 500 条, 最新 seq=25695
[Kafka] 批量保存完成: count=1, excluded=0, reason=schedule
[消息] userId=test03, canvas=canvas-5f2b215730e9, action=leave, id=undefined, points=0
[Redis] 已取消订阅频道: canvas:canvas-5f2b215730e9
[Redis] 已取消订阅画布频道: canvas:canvas-5f2b215730e9
[Room] test03 离开画布 canvas-5f2b215730e9 (房间人数: 0)
[-] 用户断开: test03, canvas=canvas-5f2b215730e9, 当前在线: 0
[Snapshot] 画布 canvas-5f2b215730e9 生成快照，sequence_id=25678，笔画数=590，SVG大小=42268字节
[+] 用户连接: test03, canvas=canvas-2c4267c4daf5, 当前在线: 1
[Room] test03 加入画布 canvas-2c4267c4daf5 (房间人数: 1)
[Broadcast] 画布 canvas-2c4267c4daf5: 已发送给 1 个客户端, seq=undefined
[Redis] 已订阅频道: canvas:canvas-2c4267c4daf5
[Redis] 已订阅画布频道: canvas:canvas-2c4267c4daf5
[History] 画布 canvas-2c4267c4daf5: Redis 缓存命中 329 条, 最新 seq=25728
[Kafka] 批量保存完成: count=1, excluded=0, reason=schedule
[消息] userId=test03, canvas=canvas-2c4267c4daf5, action=presence, id=undefined, points=0
[Broadcast] 画布 canvas-2c4267c4daf5: 已发送给 1 个客户端, seq=25731
[Kafka] 批量保存完成: count=1, excluded=0, reason=schedule
[消息] userId=test03, canvas=canvas-2c4267c4daf5, action=presence, id=undefined, points=0
[Broadcast] 画布 canvas-2c4267c4daf5: 已发送给 1 个客户端, seq=25732
[Kafka] 批量保存完成: count=1, excluded=0, reason=schedule
[消息] userId=test03, canvas=canvas-2c4267c4daf5, action=presence, id=undefined, points=0
[Broadcast] 画布 canvas-2c4267c4daf5: 已发送给 1 个客户端, seq=25733
[Kafka] 批量保存完成: count=1, excluded=0, reason=schedule
[消息] userId=test03, canvas=canvas-2c4267c4daf5, action=presence, id=undefined, points=0
[Broadcast] 画布 canvas-2c4267c4daf5: 已发送给 1 个客户端, seq=25734
[Kafka] 批量保存完成: count=1, excluded=0, reason=schedule
[消息] userId=test03, canvas=canvas-2c4267c4daf5, action=presence, id=undefined, points=0
[Broadcast] 画布 canvas-2c4267c4daf5: 已发送给 1 个客户端, seq=25735
[Snapshot] 画布 canvas-2c4267c4daf5 生成快照，sequence_id=25726，笔画数=259，SVG大小=33570字节
[Kafka] 批量保存完成: count=1, excluded=0, reason=schedule
[消息] userId=test03, canvas=canvas-2c4267c4daf5, action=presence, id=undefined, points=0
[Broadcast] 画布 canvas-2c4267c4daf5: 已发送给 1 个客户端, seq=25736
[Kafka] 批量保存完成: count=1, excluded=0, reason=schedule
[消息] userId=test03, canvas=canvas-2c4267c4daf5, action=presence, id=undefined, points=0
[Broadcast] 画布 canvas-2c4267c4daf5: 已发送给 1 个客户端, seq=25737
[Kafka] 批量保存完成: count=1, excluded=0, reason=schedule
[消息] userId=test03, canvas=canvas-2c4267c4daf5, action=presence, id=undefined, points=0
[Broadcast] 画布 canvas-2c4267c4daf5: 已发送给 1 个客户端, seq=25738
[Kafka] 批量保存完成: count=1, excluded=0, reason=schedule
[消息] userId=test03, canvas=canvas-2c4267c4daf5, action=presence, id=undefined, points=0
[Broadcast] 画布 canvas-2c4267c4daf5: 已发送给 1 个客户端, seq=25739
[Kafka] 批量保存完成: count=1, excluded=0, reason=schedule
[Broadcast] 画布 canvas-2c4267c4daf5: 已发送给 1 个客户端, seq=undefined
[Broadcast] 画布 canvas-2c4267c4daf5: 已发送给 1 个客户端, seq=undefined
[Broadcast] 画布 canvas-2c4267c4daf5: 已发送给 1 个客户端, seq=undefined
[Broadcast] 画布 canvas-2c4267c4daf5: 已发送给 1 个客户端, seq=undefined
[Broadcast] 画布 canvas-2c4267c4daf5: 已发送给 1 个客户端, seq=undefined
[消息] userId=test03, canvas=canvas-2c4267c4daf5, action=erase, id=15903831-d097-4bc8-a3ff-45b159e8822c, points=1
[Broadcast] 画布 canvas-2c4267c4daf5: 已发送给 1 个客户端, seq=25740
[Kafka] 批量保存完成: count=1, excluded=0, reason=schedule
[消息] userId=test03, canvas=canvas-2c4267c4daf5, action=erase, id=0f47a869-652b-4802-a08a-925a1887ee4f, points=1
[Broadcast] 画布 canvas-2c4267c4daf5: 已发送给 1 个客户端, seq=25741
[消息] userId=test03, canvas=canvas-2c4267c4daf5, action=erase, id=4f971003-5871-46ad-a9ad-83e29558a84c, points=1
[Broadcast] 画布 canvas-2c4267c4daf5: 已发送给 1 个客户端, seq=25742
[Kafka] 批量保存完成: count=2, excluded=0, reason=schedule
[消息] userId=test03, canvas=canvas-2c4267c4daf5, action=presence, id=undefined, points=0
[Broadcast] 画布 canvas-2c4267c4daf5: 已发送给 1 个客户端, seq=25743
[Kafka] 批量保存完成: count=1, excluded=0, reason=schedule
[消息] userId=test03, canvas=canvas-2c4267c4daf5, action=erase, id=1a3ac085-be1b-41b9-ac48-67939d3a3442, points=1
[Broadcast] 画布 canvas-2c4267c4daf5: 已发送给 1 个客户端, seq=25744
[Broadcast] 画布 canvas-2c4267c4daf5: 已发送给 1 个客户端, seq=undefined
[Broadcast] 画布 canvas-2c4267c4daf5: 已发送给 1 个客户端, seq=undefined
[Broadcast] 画布 canvas-2c4267c4daf5: 已发送给 1 个客户端, seq=undefined
[Kafka] 批量保存完成: count=1, excluded=0, reason=schedule
[Broadcast] 画布 canvas-2c4267c4daf5: 已发送给 1 个客户端, seq=undefined
[Broadcast] 画布 canvas-2c4267c4daf5: 已发送给 1 个客户端, seq=undefined
[Broadcast] 画布 canvas-2c4267c4daf5: 已发送给 1 个客户端, seq=undefined
[Broadcast] 画布 canvas-2c4267c4daf5: 已发送给 1 个客户端, seq=undefined
[Broadcast] 画布 canvas-2c4267c4daf5: 已发送给 1 个客户端, seq=undefined
[Broadcast] 画布 canvas-2c4267c4daf5: 已发送给 1 个客户端, seq=undefined
[消息] userId=test03, canvas=canvas-2c4267c4daf5, action=leave, id=undefined, points=0
[Redis] 已取消订阅频道: canvas:canvas-2c4267c4daf5
[Redis] 已取消订阅画布频道: canvas:canvas-2c4267c4daf5
[Room] test03 离开画布 canvas-2c4267c4daf5 (房间人数: 0)
[-] 用户断开: test03, canvas=canvas-2c4267c4daf5, 当前在线: 0
[+] 用户连接: test03, canvas=canvas-932910914f41, 当前在线: 1
[Room] test03 加入画布 canvas-932910914f41 (房间人数: 1)
[Broadcast] 画布 canvas-932910914f41: 已发送给 1 个客户端, seq=undefined
[Redis] 已订阅频道: canvas:canvas-932910914f41
[Redis] 已订阅画布频道: canvas:canvas-932910914f41
[History] 画布 canvas-932910914f41: Redis 缓存命中 500 条, 最新 seq=25729
[Broadcast] 画布 canvas-932910914f41: 已发送给 1 个客户端, seq=undefined
[Kafka] 批量保存完成: count=1, excluded=0, reason=schedule
[Broadcast] 画布 canvas-932910914f41: 已发送给 1 个客户端, seq=undefined
[Broadcast] 画布 canvas-932910914f41: 已发送给 1 个客户端, seq=undefined
[Broadcast] 画布 canvas-932910914f41: 已发送给 1 个客户端, seq=undefined
[Broadcast] 画布 canvas-932910914f41: 已发送给 1 个客户端, seq=undefined
[消息] userId=test03, canvas=canvas-932910914f41, action=leave, id=undefined, points=0
[Redis] 已取消订阅频道: canvas:canvas-932910914f41
[Redis] 已取消订阅画布频道: canvas:canvas-932910914f41
[Room] test03 离开画布 canvas-932910914f41 (房间人数: 0)
[-] 用户断开: test03, canvas=canvas-932910914f41, 当前在线: 0
[Snapshot] 画布 canvas-932910914f41 生成快照，sequence_id=25697，笔画数=767，SVG大小=68156字节
[+] 用户连接: test03, canvas=canvas-5f2b215730e9, 当前在线: 1
[Room] test03 加入画布 canvas-5f2b215730e9 (房间人数: 1)
[Broadcast] 画布 canvas-5f2b215730e9: 已发送给 1 个客户端, seq=undefined
[Redis] 已订阅频道: canvas:canvas-5f2b215730e9
[Redis] 已订阅画布频道: canvas:canvas-5f2b215730e9
[History] 画布 canvas-5f2b215730e9: Redis 缓存命中 500 条, 最新 seq=25730
[Kafka] 批量保存完成: count=1, excluded=0, reason=schedule
[Broadcast] 画布 canvas-5f2b215730e9: 已发送给 1 个客户端, seq=undefined
[Broadcast] 画布 canvas-5f2b215730e9: 已发送给 1 个客户端, seq=undefined
[Broadcast] 画布 canvas-5f2b215730e9: 已发送给 1 个客户端, seq=undefined
[Broadcast] 画布 canvas-5f2b215730e9: 已发送给 1 个客户端, seq=undefined
[消息] userId=test03, canvas=canvas-5f2b215730e9, action=leave, id=undefined, points=0
[Redis] 已取消订阅频道: canvas:canvas-5f2b215730e9
[Redis] 已取消订阅画布频道: canvas:canvas-5f2b215730e9
[Room] test03 离开画布 canvas-5f2b215730e9 (房间人数: 0)
[-] 用户断开: test03, canvas=canvas-5f2b215730e9, 当前在线: 0
[Snapshot] 画布 canvas-5f2b215730e9 生成快照，sequence_id=25678，笔画数=590，SVG大小=42268字节
[+] 用户连接: test03, canvas=canvas-2d2b6f9c42d9, 当前在线: 1
[Room] test03 加入画布 canvas-2d2b6f9c42d9 (房间人数: 1)
[Broadcast] 画布 canvas-2d2b6f9c42d9: 已发送给 1 个客户端, seq=undefined
[Redis] 已订阅频道: canvas:canvas-2d2b6f9c42d9
[Redis] 已订阅画布频道: canvas:canvas-2d2b6f9c42d9
[History] 画布 canvas-2d2b6f9c42d9: Redis 缓存命中 500 条, 最新 seq=5253
[Broadcast] 画布 canvas-2d2b6f9c42d9: 已发送给 1 个客户端, seq=undefined
[Broadcast] 画布 canvas-2d2b6f9c42d9: 已发送给 1 个客户端, seq=undefined
[Broadcast] 画布 canvas-2d2b6f9c42d9: 已发送给 1 个客户端, seq=undefined
[Kafka] 批量保存完成: count=1, excluded=0, reason=schedule
[Broadcast] 画布 canvas-2d2b6f9c42d9: 已发送给 1 个客户端, seq=undefined
[消息] userId=test03, canvas=canvas-2d2b6f9c42d9, action=presence, id=undefined, points=0
[Broadcast] 画布 canvas-2d2b6f9c42d9: 已发送给 1 个客户端, seq=25748
[Snapshot] 画布 canvas-2d2b6f9c42d9 生成快照，sequence_id=5252，笔画数=3132，SVG大小=242907字节
[Kafka] 批量保存完成: count=1, excluded=0, reason=schedule
[消息] userId=test03, canvas=canvas-2d2b6f9c42d9, action=presence, id=undefined, points=0
[Broadcast] 画布 canvas-2d2b6f9c42d9: 已发送给 1 个客户端, seq=25749
[Kafka] 批量保存完成: count=1, excluded=0, reason=schedule
[消息] userId=test03, canvas=canvas-2d2b6f9c42d9, action=presence, id=undefined, points=0
[Broadcast] 画布 canvas-2d2b6f9c42d9: 已发送给 1 个客户端, seq=25750
[Kafka] 批量保存完成: count=1, excluded=0, reason=schedule
[消息] userId=test03, canvas=canvas-2d2b6f9c42d9, action=presence, id=undefined, points=0
[Broadcast] 画布 canvas-2d2b6f9c42d9: 已发送给 1 个客户端, seq=25751
[Kafka] 批量保存完成: count=1, excluded=0, reason=schedule
[消息] userId=test03, canvas=canvas-2d2b6f9c42d9, action=presence, id=undefined, points=0
[Broadcast] 画布 canvas-2d2b6f9c42d9: 已发送给 1 个客户端, seq=25752
[Kafka] 批量保存完成: count=1, excluded=0, reason=schedule
[消息] userId=test03, canvas=canvas-2d2b6f9c42d9, action=presence, id=undefined, points=0
[Broadcast] 画布 canvas-2d2b6f9c42d9: 已发送给 1 个客户端, seq=25753
[Kafka] 批量保存完成: count=1, excluded=0, reason=schedule
[消息] userId=test03, canvas=canvas-2d2b6f9c42d9, action=presence, id=undefined, points=0
[Broadcast] 画布 canvas-2d2b6f9c42d9: 已发送给 1 个客户端, seq=25754
[Snapshot] 画布 canvas-2d2b6f9c42d9 生成快照，sequence_id=5252，笔画数=3132，SVG大小=242907字节
[Kafka] 批量保存完成: count=1, excluded=0, reason=schedule
[消息] userId=test03, canvas=canvas-2d2b6f9c42d9, action=presence, id=undefined, points=0
[Broadcast] 画布 canvas-2d2b6f9c42d9: 已发送给 1 个客户端, seq=25755
[Kafka] 批量保存完成: count=1, excluded=0, reason=schedule
[Broadcast] 画布 canvas-2d2b6f9c42d9: 已发送给 1 个客户端, seq=undefined
[Broadcast] 画布 canvas-2d2b6f9c42d9: 已发送给 1 个客户端, seq=undefined
[Broadcast] 画布 canvas-2d2b6f9c42d9: 已发送给 1 个客户端, seq=undefined
[消息] userId=test03, canvas=canvas-2d2b6f9c42d9, action=erase, id=d529698c-1a3b-4239-ad00-5132ded8a697, points=1
[Broadcast] 画布 canvas-2d2b6f9c42d9: 已发送给 1 个客户端, seq=25756
[Kafka] 批量保存完成: count=1, excluded=0, reason=schedule
[消息] userId=test03, canvas=canvas-2d2b6f9c42d9, action=erase, id=74ec1800-5ce9-402a-8fb6-0c722fcb35a0, points=1
[Broadcast] 画布 canvas-2d2b6f9c42d9: 已发送给 1 个客户端, seq=25757
[消息] userId=test03, canvas=canvas-2d2b6f9c42d9, action=erase, id=abbae81d-658c-45dd-9182-9ba5297b4e0f, points=1
[Broadcast] 画布 canvas-2d2b6f9c42d9: 已发送给 1 个客户端, seq=25758
[消息] userId=test03, canvas=canvas-2d2b6f9c42d9, action=presence, id=undefined, points=0
[Broadcast] 画布 canvas-2d2b6f9c42d9: 已发送给 1 个客户端, seq=25759
[Kafka] 批量保存完成: count=3, excluded=0, reason=schedule
[消息] userId=test03, canvas=canvas-2d2b6f9c42d9, action=erase, id=090c2120-cf62-4d6f-8b3d-932218b13b23, points=2
[Broadcast] 画布 canvas-2d2b6f9c42d9: 已发送给 1 个客户端, seq=25760
[Kafka] 批量保存完成: count=1, excluded=0, reason=schedule
[消息] userId=test03, canvas=canvas-2d2b6f9c42d9, action=erase, id=0faf455d-8cff-40c1-9f1a-ed92407278e7, points=1
[Broadcast] 画布 canvas-2d2b6f9c42d9: 已发送给 1 个客户端, seq=25761
[消息] userId=test03, canvas=canvas-2d2b6f9c42d9, action=presence, id=undefined, points=0
[Broadcast] 画布 canvas-2d2b6f9c42d9: 已发送给 1 个客户端, seq=25762
[Kafka] 批量保存完成: count=2, excluded=0, reason=schedule
[消息] userId=test03, canvas=canvas-2d2b6f9c42d9, action=presence, id=undefined, points=0
[Broadcast] 画布 canvas-2d2b6f9c42d9: 已发送给 1 个客户端, seq=25763
[Kafka] 批量保存完成: count=1, excluded=0, reason=schedule
[Broadcast] 画布 canvas-2d2b6f9c42d9: 已发送给 1 个客户端, seq=undefined
[Broadcast] 画布 canvas-2d2b6f9c42d9: 已发送给 1 个客户端, seq=undefined
[Broadcast] 画布 canvas-2d2b6f9c42d9: 已发送给 1 个客户端, seq=undefined
[Broadcast] 画布 canvas-2d2b6f9c42d9: 已发送给 1 个客户端, seq=undefined
[Broadcast] 画布 canvas-2d2b6f9c42d9: 已发送给 1 个客户端, seq=undefined
[Broadcast] 画布 canvas-2d2b6f9c42d9: 已发送给 1 个客户端, seq=undefined
[Broadcast] 画布 canvas-2d2b6f9c42d9: 已发送给 1 个客户端, seq=undefined
[Broadcast] 画布 canvas-2d2b6f9c42d9: 已发送给 1 个客户端, seq=undefined
[Broadcast] 画布 canvas-2d2b6f9c42d9: 已发送给 1 个客户端, seq=undefined
[Broadcast] 画布 canvas-2d2b6f9c42d9: 已发送给 1 个客户端, seq=undefined
[消息] userId=test03, canvas=canvas-2d2b6f9c42d9, action=presence, id=undefined, points=0
[Broadcast] 画布 canvas-2d2b6f9c42d9: 已发送给 1 个客户端, seq=25764
[Kafka] 批量保存完成: count=1, excluded=0, reason=schedule
[消息] userId=test03, canvas=canvas-2d2b6f9c42d9, action=leave, id=undefined, points=0
[Redis] 已取消订阅频道: canvas:canvas-2d2b6f9c42d9
[Redis] 已取消订阅画布频道: canvas:canvas-2d2b6f9c42d9
[Room] test03 离开画布 canvas-2d2b6f9c42d9 (房间人数: 0)
[-] 用户断开: test03, canvas=canvas-2d2b6f9c42d9, 当前在线: 0
[+] 用户连接: test03, canvas=canvas-2c4267c4daf5, 当前在线: 1
[Room] test03 加入画布 canvas-2c4267c4daf5 (房间人数: 1)
[Broadcast] 画布 canvas-2c4267c4daf5: 已发送给 1 个客户端, seq=undefined
[Redis] 已订阅频道: canvas:canvas-2c4267c4daf5
[Redis] 已订阅画布频道: canvas:canvas-2c4267c4daf5
[History] 画布 canvas-2c4267c4daf5: Redis 缓存命中 344 条, 最新 seq=25745
[Kafka] 批量保存完成: count=1, excluded=0, reason=schedule
[Broadcast] 画布 canvas-2c4267c4daf5: 已发送给 1 个客户端, seq=undefined
[Broadcast] 画布 canvas-2c4267c4daf5: 已发送给 1 个客户端, seq=undefined
[Broadcast] 画布 canvas-2c4267c4daf5: 已发送给 1 个客户端, seq=undefined
[Broadcast] 画布 canvas-2c4267c4daf5: 已发送给 1 个客户端, seq=undefined
[Broadcast] 画布 canvas-2c4267c4daf5: 已发送给 1 个客户端, seq=undefined
[Broadcast] 画布 canvas-2c4267c4daf5: 已发送给 1 个客户端, seq=undefined
[Broadcast] 画布 canvas-2c4267c4daf5: 已发送给 1 个客户端, seq=undefined
[Broadcast] 画布 canvas-2c4267c4daf5: 已发送给 1 个客户端, seq=undefined
[消息] userId=test03, canvas=canvas-2c4267c4daf5, action=element_add, id=dd2bd6d6-e514-470e-a667-96a280033304, points=0
[Broadcast] 画布 canvas-2c4267c4daf5: 已发送给 1 个客户端, seq=25766
[Broadcast] 画布 canvas-2c4267c4daf5: 已发送给 1 个客户端, seq=undefined
[Snapshot] 画布 canvas-2c4267c4daf5 生成快照，sequence_id=25744，笔画数=263，SVG大小=33893字节
[Broadcast] 画布 canvas-2c4267c4daf5: 已发送给 1 个客户端, seq=undefined
[Kafka] 批量保存完成: count=1, excluded=0, reason=schedule
[Broadcast] 画布 canvas-2c4267c4daf5: 已发送给 1 个客户端, seq=undefined
[Broadcast] 画布 canvas-2c4267c4daf5: 已发送给 1 个客户端, seq=undefined
[Broadcast] 画布 canvas-2c4267c4daf5: 已发送给 1 个客户端, seq=undefined
[Broadcast] 画布 canvas-2c4267c4daf5: 已发送给 1 个客户端, seq=undefined
[Broadcast] 画布 canvas-2c4267c4daf5: 已发送给 1 个客户端, seq=undefined
[消息] userId=test03, canvas=canvas-2c4267c4daf5, action=leave, id=undefined, points=0
[Redis] 已取消订阅频道: canvas:canvas-2c4267c4daf5
[Redis] 已取消订阅画布频道: canvas:canvas-2c4267c4daf5
[Room] test03 离开画布 canvas-2c4267c4daf5 (房间人数: 0)
[-] 用户断开: test03, canvas=canvas-2c4267c4daf5, 当前在线: 0
[Kafka] 批量保存完成: count=1, excluded=0, reason=schedule
[+] 用户连接: test03, canvas=canvas-2d2b6f9c42d9, 当前在线: 1
[Room] test03 加入画布 canvas-2d2b6f9c42d9 (房间人数: 1)
[Broadcast] 画布 canvas-2d2b6f9c42d9: 已发送给 1 个客户端, seq=undefined
[Redis] 已订阅频道: canvas:canvas-2d2b6f9c42d9
[Redis] 已订阅画布频道: canvas:canvas-2d2b6f9c42d9
[History] 画布 canvas-2d2b6f9c42d9: Redis 缓存命中 500 条, 最新 seq=25765
[Broadcast] 画布 canvas-2d2b6f9c42d9: 已发送给 1 个客户端, seq=undefined
[Broadcast] 画布 canvas-2d2b6f9c42d9: 已发送给 1 个客户端, seq=undefined
[Broadcast] 画布 canvas-2d2b6f9c42d9: 已发送给 1 个客户端, seq=undefined
[Broadcast] 画布 canvas-2d2b6f9c42d9: 已发送给 1 个客户端, seq=undefined
[Broadcast] 画布 canvas-2d2b6f9c42d9: 已发送给 1 个客户端, seq=undefined
[Broadcast] 画布 canvas-2d2b6f9c42d9: 已发送给 1 个客户端, seq=undefined
[消息] userId=test03, canvas=canvas-2d2b6f9c42d9, action=presence, id=undefined, points=0
[Broadcast] 画布 canvas-2d2b6f9c42d9: 已发送给 1 个客户端, seq=25768
[Snapshot] 画布 canvas-2d2b6f9c42d9 生成快照，sequence_id=25761，笔画数=3137，SVG大小=243489字节
[Kafka] 批量保存完成: count=1, excluded=0, reason=schedule
[Broadcast] 画布 canvas-2d2b6f9c42d9: 已发送给 1 个客户端, seq=undefined
[Broadcast] 画布 canvas-2d2b6f9c42d9: 已发送给 1 个客户端, seq=undefined
[Broadcast] 画布 canvas-2d2b6f9c42d9: 已发送给 1 个客户端, seq=undefined
[Broadcast] 画布 canvas-2d2b6f9c42d9: 已发送给 1 个客户端, seq=undefined
[Broadcast] 画布 canvas-2d2b6f9c42d9: 已发送给 1 个客户端, seq=undefined
[Broadcast] 画布 canvas-2d2b6f9c42d9: 已发送给 1 个客户端, seq=undefined
[Broadcast] 画布 canvas-2d2b6f9c42d9: 已发送给 1 个客户端, seq=undefined
[消息] userId=test03, canvas=canvas-2d2b6f9c42d9, action=stroke, id=062d5835-f98a-45ac-acbc-8fafd6bfe9d4, points=1
[Broadcast] 画布 canvas-2d2b6f9c42d9: 已发送给 1 个客户端, seq=25769
[消息] userId=test03, canvas=canvas-2d2b6f9c42d9, action=presence, id=undefined, points=0
[Broadcast] 画布 canvas-2d2b6f9c42d9: 已发送给 1 个客户端, seq=25770
[Kafka] 批量保存完成: count=2, excluded=0, reason=schedule
[消息] userId=test03, canvas=canvas-2d2b6f9c42d9, action=stroke, id=5f85dd17-2329-471f-83ce-bd7a036382c3, points=1
[Broadcast] 画布 canvas-2d2b6f9c42d9: 已发送给 1 个客户端, seq=25771
[Kafka] 批量保存完成: count=1, excluded=0, reason=schedule
[消息] userId=test03, canvas=canvas-2d2b6f9c42d9, action=stroke, id=2bd55a06-2750-4428-b970-431d276312cc, points=1
[Broadcast] 画布 canvas-2d2b6f9c42d9: 已发送给 1 个客户端, seq=25772
[Kafka] 批量保存完成: count=1, excluded=0, reason=schedule
[消息] userId=test03, canvas=canvas-2d2b6f9c42d9, action=stroke, id=07fcef98-b0ec-4f7b-a455-d0bd0edfe3ce, points=1
[Broadcast] 画布 canvas-2d2b6f9c42d9: 已发送给 1 个客户端, seq=25773
[Kafka] 批量保存完成: count=1, excluded=0, reason=schedule
[消息] userId=test03, canvas=canvas-2d2b6f9c42d9, action=stroke, id=9af118da-56c7-42a9-a22f-3c668261ad9c, points=1
[Broadcast] 画布 canvas-2d2b6f9c42d9: 已发送给 1 个客户端, seq=25774
[Kafka] 批量保存完成: count=1, excluded=0, reason=schedule
[消息] userId=test03, canvas=canvas-2d2b6f9c42d9, action=presence, id=undefined, points=0
[Broadcast] 画布 canvas-2d2b6f9c42d9: 已发送给 1 个客户端, seq=25775
[Kafka] 批量保存完成: count=1, excluded=0, reason=schedule
[消息] userId=test03, canvas=canvas-2d2b6f9c42d9, action=stroke, id=e1aa0a7a-fc01-4e82-a77c-40c1b5b6a9ef, points=1
[Broadcast] 画布 canvas-2d2b6f9c42d9: 已发送给 1 个客户端, seq=25776
[Kafka] 批量保存完成: count=1, excluded=0, reason=schedule
[消息] userId=test03, canvas=canvas-2d2b6f9c42d9, action=presence, id=undefined, points=0
[Broadcast] 画布 canvas-2d2b6f9c42d9: 已发送给 1 个客户端, seq=25777
[Kafka] 批量保存完成: count=1, excluded=0, reason=schedule
[消息] userId=test03, canvas=canvas-2d2b6f9c42d9, action=presence, id=undefined, points=0
[Broadcast] 画布 canvas-2d2b6f9c42d9: 已发送给 1 个客户端, seq=25778
[Kafka] 批量保存完成: count=1, excluded=0, reason=schedule
[Broadcast] 画布 canvas-2d2b6f9c42d9: 已发送给 1 个客户端, seq=undefined
[Broadcast] 画布 canvas-2d2b6f9c42d9: 已发送给 1 个客户端, seq=undefined
[Broadcast] 画布 canvas-2d2b6f9c42d9: 已发送给 1 个客户端, seq=undefined
[Broadcast] 画布 canvas-2d2b6f9c42d9: 已发送给 1 个客户端, seq=undefined
[Broadcast] 画布 canvas-2d2b6f9c42d9: 已发送给 1 个客户端, seq=undefined
[消息] userId=test03, canvas=canvas-2d2b6f9c42d9, action=presence, id=undefined, points=0
[Broadcast] 画布 canvas-2d2b6f9c42d9: 已发送给 1 个客户端, seq=25779
[Kafka] 批量保存完成: count=1, excluded=0, reason=schedule
[消息] userId=test03, canvas=canvas-2d2b6f9c42d9, action=presence, id=undefined, points=0
[Broadcast] 画布 canvas-2d2b6f9c42d9: 已发送给 1 个客户端, seq=25780
[Snapshot] 画布 canvas-2d2b6f9c42d9 生成快照，sequence_id=25776，笔画数=3143，SVG大小=243971字节
[Broadcast] 画布 canvas-2d2b6f9c42d9: 已发送给 1 个客户端, seq=undefined
[Broadcast] 画布 canvas-2d2b6f9c42d9: 已发送给 1 个客户端, seq=undefined
[Broadcast] 画布 canvas-2d2b6f9c42d9: 已发送给 1 个客户端, seq=undefined
[Broadcast] 画布 canvas-2d2b6f9c42d9: 已发送给 1 个客户端, seq=undefined
[Kafka] 批量保存完成: count=1, excluded=0, reason=schedule
[消息] userId=test03, canvas=canvas-2d2b6f9c42d9, action=presence, id=undefined, points=0
[Broadcast] 画布 canvas-2d2b6f9c42d9: 已发送给 1 个客户端, seq=25781
[Kafka] 批量保存完成: count=1, excluded=0, reason=schedule
[消息] userId=test03, canvas=canvas-2d2b6f9c42d9, action=presence, id=undefined, points=0
[Broadcast] 画布 canvas-2d2b6f9c42d9: 已发送给 1 个客户端, seq=25782
[Kafka] 批量保存完成: count=1, excluded=0, reason=schedule
[消息] userId=test03, canvas=canvas-2d2b6f9c42d9, action=presence, id=undefined, points=0
[Broadcast] 画布 canvas-2d2b6f9c42d9: 已发送给 1 个客户端, seq=25783
[Kafka] 批量保存完成: count=1, excluded=0, reason=schedule
[消息] userId=test03, canvas=canvas-2d2b6f9c42d9, action=presence, id=undefined, points=0
[Broadcast] 画布 canvas-2d2b6f9c42d9: 已发送给 1 个客户端, seq=25784
[Kafka] 批量保存完成: count=1, excluded=0, reason=schedule
[消息] userId=test03, canvas=canvas-2d2b6f9c42d9, action=presence, id=undefined, points=0
[Broadcast] 画布 canvas-2d2b6f9c42d9: 已发送给 1 个客户端, seq=25785
[Kafka] 批量保存完成: count=1, excluded=0, reason=schedule
[消息] userId=test03, canvas=canvas-2d2b6f9c42d9, action=presence, id=undefined, points=0
[Broadcast] 画布 canvas-2d2b6f9c42d9: 已发送给 1 个客户端, seq=25786
[Snapshot] 画布 canvas-2d2b6f9c42d9 生成快照，sequence_id=25776，笔画数=3143，SVG大小=243971字节
[Kafka] 批量保存完成: count=1, excluded=0, reason=schedule
[消息] userId=test03, canvas=canvas-2d2b6f9c42d9, action=presence, id=undefined, points=0
[Broadcast] 画布 canvas-2d2b6f9c42d9: 已发送给 1 个客户端, seq=25787
[Kafka] 批量保存完成: count=1, excluded=0, reason=schedule
[消息] userId=test03, canvas=canvas-2d2b6f9c42d9, action=presence, id=undefined, points=0
[Broadcast] 画布 canvas-2d2b6f9c42d9: 已发送给 1 个客户端, seq=25788
[Kafka] 批量保存完成: count=1, excluded=0, reason=schedule
[消息] userId=test03, canvas=canvas-2d2b6f9c42d9, action=presence, id=undefined, points=0
[Broadcast] 画布 canvas-2d2b6f9c42d9: 已发送给 1 个客户端, seq=25789
[Kafka] 批量保存完成: count=1, excluded=0, reason=schedule
[消息] userId=test03, canvas=canvas-2d2b6f9c42d9, action=presence, id=undefined, points=0
[Broadcast] 画布 canvas-2d2b6f9c42d9: 已发送给 1 个客户端, seq=25790
[Kafka] 批量保存完成: count=1, excluded=0, reason=schedule
[消息] userId=test03, canvas=canvas-2d2b6f9c42d9, action=presence, id=undefined, points=0
[Broadcast] 画布 canvas-2d2b6f9c42d9: 已发送给 1 个客户端, seq=25791
[Kafka] 批量保存完成: count=1, excluded=0, reason=schedule
[消息] userId=test03, canvas=canvas-2d2b6f9c42d9, action=presence, id=undefined, points=0
[Broadcast] 画布 canvas-2d2b6f9c42d9: 已发送给 1 个客户端, seq=25792
[Kafka] 批量保存完成: count=1, excluded=0, reason=schedule
[消息] userId=test03, canvas=canvas-2d2b6f9c42d9, action=presence, id=undefined, points=0
[Broadcast] 画布 canvas-2d2b6f9c42d9: 已发送给 1 个客户端, seq=25793
[Snapshot] 画布 canvas-2d2b6f9c42d9 生成快照，sequence_id=25776，笔画数=3143，SVG大小=243971字节
[Kafka] 批量保存完成: count=1, excluded=0, reason=schedule
[消息] userId=test03, canvas=canvas-2d2b6f9c42d9, action=presence, id=undefined, points=0
[Broadcast] 画布 canvas-2d2b6f9c42d9: 已发送给 1 个客户端, seq=25794
[Snapshot] 画布 canvas-2d2b6f9c42d9 生成快照，sequence_id=25776，笔画数=3143，SVG大小=243971字节
[Kafka] 批量保存完成: count=1, excluded=0, reason=schedule
[消息] userId=test03, canvas=canvas-2d2b6f9c42d9, action=presence, id=undefined, points=0
[Broadcast] 画布 canvas-2d2b6f9c42d9: 已发送给 1 个客户端, seq=25795
[Snapshot] 画布 canvas-2d2b6f9c42d9 生成快照，sequence_id=25776，笔画数=3143，SVG大小=243971字节
[Kafka] 批量保存完成: count=1, excluded=0, reason=schedule
[消息] userId=test03, canvas=canvas-2d2b6f9c42d9, action=presence, id=undefined, points=0
[Broadcast] 画布 canvas-2d2b6f9c42d9: 已发送给 1 个客户端, seq=25796
[Snapshot] 画布 canvas-2d2b6f9c42d9 生成快照，sequence_id=25776，笔画数=3143，SVG大小=243971字节
[Broadcast] 画布 canvas-2d2b6f9c42d9: 已发送给 1 个客户端, seq=undefined
[Broadcast] 画布 canvas-2d2b6f9c42d9: 已发送给 1 个客户端, seq=undefined
[Broadcast] 画布 canvas-2d2b6f9c42d9: 已发送给 1 个客户端, seq=undefined
[Broadcast] 画布 canvas-2d2b6f9c42d9: 已发送给 1 个客户端, seq=undefined
[Broadcast] 画布 canvas-2d2b6f9c42d9: 已发送给 1 个客户端, seq=undefined
[Broadcast] 画布 canvas-2d2b6f9c42d9: 已发送给 1 个客户端, seq=undefined
[Broadcast] 画布 canvas-2d2b6f9c42d9: 已发送给 1 个客户端, seq=undefined
[Broadcast] 画布 canvas-2d2b6f9c42d9: 已发送给 1 个客户端, seq=undefined
[Kafka] 批量保存完成: count=1, excluded=0, reason=schedule
[Broadcast] 画布 canvas-2d2b6f9c42d9: 已发送给 1 个客户端, seq=undefined
[Broadcast] 画布 canvas-2d2b6f9c42d9: 已发送给 1 个客户端, seq=undefined
[Broadcast] 画布 canvas-2d2b6f9c42d9: 已发送给 1 个客户端, seq=undefined
[Broadcast] 画布 canvas-2d2b6f9c42d9: 已发送给 1 个客户端, seq=undefined
[Broadcast] 画布 canvas-2d2b6f9c42d9: 已发送给 1 个客户端, seq=undefined
[Broadcast] 画布 canvas-2d2b6f9c42d9: 已发送给 1 个客户端, seq=undefined
[Broadcast] 画布 canvas-2d2b6f9c42d9: 已发送给 1 个客户端, seq=undefined
[Broadcast] 画布 canvas-2d2b6f9c42d9: 已发送给 1 个客户端, seq=undefined
[Broadcast] 画布 canvas-2d2b6f9c42d9: 已发送给 1 个客户端, seq=undefined
[Broadcast] 画布 canvas-2d2b6f9c42d9: 已发送给 1 个客户端, seq=undefined
[Broadcast] 画布 canvas-2d2b6f9c42d9: 已发送给 1 个客户端, seq=undefined
[Broadcast] 画布 canvas-2d2b6f9c42d9: 已发送给 1 个客户端, seq=undefined
[Broadcast] 画布 canvas-2d2b6f9c42d9: 已发送给 1 个客户端, seq=undefined
[消息] userId=test03, canvas=canvas-2d2b6f9c42d9, action=stroke, id=b1d8627c-6674-46b3-8de3-f24fc63bf458, points=1
[Broadcast] 画布 canvas-2d2b6f9c42d9: 已发送给 1 个客户端, seq=25797
[Kafka] 批量保存完成: count=1, excluded=0, reason=schedule
[Broadcast] 画布 canvas-2d2b6f9c42d9: 已发送给 1 个客户端, seq=undefined
[Broadcast] 画布 canvas-2d2b6f9c42d9: 已发送给 1 个客户端, seq=undefined
[Broadcast] 画布 canvas-2d2b6f9c42d9: 已发送给 1 个客户端, seq=undefined
[Broadcast] 画布 canvas-2d2b6f9c42d9: 已发送给 1 个客户端, seq=undefined
[Broadcast] 画布 canvas-2d2b6f9c42d9: 已发送给 1 个客户端, seq=undefined
[Broadcast] 画布 canvas-2d2b6f9c42d9: 已发送给 1 个客户端, seq=undefined
[消息] userId=test03, canvas=canvas-2d2b6f9c42d9, action=presence, id=undefined, points=0
[Broadcast] 画布 canvas-2d2b6f9c42d9: 已发送给 1 个客户端, seq=25798
[Kafka] 批量保存完成: count=1, excluded=0, reason=schedule
[消息] userId=test03, canvas=canvas-2d2b6f9c42d9, action=stroke, id=f2690c83-32e5-4030-a2da-be409cbb3d5f, points=1
[Broadcast] 画布 canvas-2d2b6f9c42d9: 已发送给 1 个客户端, seq=25799
[Kafka] 批量保存完成: count=1, excluded=0, reason=schedule
[消息] userId=test03, canvas=canvas-2d2b6f9c42d9, action=stroke, id=4af35a0e-1d71-4145-8cb0-57b940825abe, points=1
[Broadcast] 画布 canvas-2d2b6f9c42d9: 已发送给 1 个客户端, seq=25800
[Broadcast] 画布 canvas-2d2b6f9c42d9: 已发送给 1 个客户端, seq=undefined
[Broadcast] 画布 canvas-2d2b6f9c42d9: 已发送给 1 个客户端, seq=undefined
[Broadcast] 画布 canvas-2d2b6f9c42d9: 已发送给 1 个客户端, seq=undefined
[Broadcast] 画布 canvas-2d2b6f9c42d9: 已发送给 1 个客户端, seq=undefined
[Broadcast] 画布 canvas-2d2b6f9c42d9: 已发送给 1 个客户端, seq=undefined
[Kafka] 批量保存完成: count=1, excluded=0, reason=schedule
[Broadcast] 画布 canvas-2d2b6f9c42d9: 已发送给 1 个客户端, seq=undefined
[Broadcast] 画布 canvas-2d2b6f9c42d9: 已发送给 1 个客户端, seq=undefined
[Broadcast] 画布 canvas-2d2b6f9c42d9: 已发送给 1 个客户端, seq=undefined
[Broadcast] 画布 canvas-2d2b6f9c42d9: 已发送给 1 个客户端, seq=undefined
[Broadcast] 画布 canvas-2d2b6f9c42d9: 已发送给 1 个客户端, seq=undefined
[Broadcast] 画布 canvas-2d2b6f9c42d9: 已发送给 1 个客户端, seq=undefined
[Broadcast] 画布 canvas-2d2b6f9c42d9: 已发送给 1 个客户端, seq=undefined
[Broadcast] 画布 canvas-2d2b6f9c42d9: 已发送给 1 个客户端, seq=undefined
[消息] userId=test03, canvas=canvas-2d2b6f9c42d9, action=presence, id=undefined, points=0
[Broadcast] 画布 canvas-2d2b6f9c42d9: 已发送给 1 个客户端, seq=25801
[Broadcast] 画布 canvas-2d2b6f9c42d9: 已发送给 1 个客户端, seq=undefined
[Broadcast] 画布 canvas-2d2b6f9c42d9: 已发送给 1 个客户端, seq=undefined
[Kafka] 批量保存完成: count=1, excluded=0, reason=schedule
[Broadcast] 画布 canvas-2d2b6f9c42d9: 已发送给 1 个客户端, seq=undefined
[Broadcast] 画布 canvas-2d2b6f9c42d9: 已发送给 1 个客户端, seq=undefined
[消息] userId=test03, canvas=canvas-2d2b6f9c42d9, action=element_add, id=18ed4788-a493-4671-a16f-ebc60a336273, points=0
[Broadcast] 画布 canvas-2d2b6f9c42d9: 已发送给 1 个客户端, seq=25802
[Broadcast] 画布 canvas-2d2b6f9c42d9: 已发送给 1 个客户端, seq=undefined
[Broadcast] 画布 canvas-2d2b6f9c42d9: 已发送给 1 个客户端, seq=undefined
[Broadcast] 画布 canvas-2d2b6f9c42d9: 已发送给 1 个客户端, seq=undefined
[Broadcast] 画布 canvas-2d2b6f9c42d9: 已发送给 1 个客户端, seq=undefined
[Broadcast] 画布 canvas-2d2b6f9c42d9: 已发送给 1 个客户端, seq=undefined
[Broadcast] 画布 canvas-2d2b6f9c42d9: 已发送给 1 个客户端, seq=undefined
[Broadcast] 画布 canvas-2d2b6f9c42d9: 已发送给 1 个客户端, seq=undefined
[Broadcast] 画布 canvas-2d2b6f9c42d9: 已发送给 1 个客户端, seq=undefined
[Kafka] 批量保存完成: count=1, excluded=0, reason=schedule
[消息] userId=test03, canvas=canvas-2d2b6f9c42d9, action=leave, id=undefined, points=0
[Redis] 已取消订阅频道: canvas:canvas-2d2b6f9c42d9
[Redis] 已取消订阅画布频道: canvas:canvas-2d2b6f9c42d9
[Room] test03 离开画布 canvas-2d2b6f9c42d9 (房间人数: 0)
[-] 用户断开: test03, canvas=canvas-2d2b6f9c42d9, 当前在线: 0
[+] 用户连接: test03, canvas=canvas-2c4267c4daf5, 当前在线: 1
[Room] test03 加入画布 canvas-2c4267c4daf5 (房间人数: 1)
[Broadcast] 画布 canvas-2c4267c4daf5: 已发送给 1 个客户端, seq=undefined
[Redis] 已订阅频道: canvas:canvas-2c4267c4daf5
[Redis] 已订阅画布频道: canvas:canvas-2c4267c4daf5
[History] 画布 canvas-2c4267c4daf5: Redis 缓存命中 346 条, 最新 seq=25767
[Kafka] 批量保存完成: count=1, excluded=0, reason=schedule
[消息] userId=test03, canvas=canvas-2c4267c4daf5, action=presence, id=undefined, points=0
[Broadcast] 画布 canvas-2c4267c4daf5: 已发送给 1 个客户端, seq=25804
[Snapshot] 画布 canvas-2c4267c4daf5 生成快照，sequence_id=25766，笔画数=264，SVG大小=33893字节
[Kafka] 批量保存完成: count=1, excluded=0, reason=schedule
[消息] userId=test03, canvas=canvas-2c4267c4daf5, action=presence, id=undefined, points=0
[Broadcast] 画布 canvas-2c4267c4daf5: 已发送给 1 个客户端, seq=25805
[Kafka] 批量保存完成: count=1, excluded=0, reason=schedule
[Broadcast] 画布 canvas-2c4267c4daf5: 已发送给 1 个客户端, seq=undefined
[Broadcast] 画布 canvas-2c4267c4daf5: 已发送给 1 个客户端, seq=undefined
[Broadcast] 画布 canvas-2c4267c4daf5: 已发送给 1 个客户端, seq=undefined
[消息] userId=test03, canvas=canvas-2c4267c4daf5, action=presence, id=undefined, points=0
[Broadcast] 画布 canvas-2c4267c4daf5: 已发送给 1 个客户端, seq=25806
[Kafka] 批量保存完成: count=1, excluded=0, reason=schedule
[消息] userId=test03, canvas=canvas-2c4267c4daf5, action=presence, id=undefined, points=0
[Broadcast] 画布 canvas-2c4267c4daf5: 已发送给 1 个客户端, seq=25807
[Kafka] 批量保存完成: count=1, excluded=0, reason=schedule
[消息] userId=test03, canvas=canvas-2c4267c4daf5, action=presence, id=undefined, points=0
[Broadcast] 画布 canvas-2c4267c4daf5: 已发送给 1 个客户端, seq=25808
[Kafka] 批量保存完成: count=1, excluded=0, reason=schedule
[消息] userId=test03, canvas=canvas-2c4267c4daf5, action=presence, id=undefined, points=0
[Broadcast] 画布 canvas-2c4267c4daf5: 已发送给 1 个客户端, seq=25809
[Kafka] 批量保存完成: count=1, excluded=0, reason=schedule
[消息] userId=test03, canvas=canvas-2c4267c4daf5, action=presence, id=undefined, points=0
[Broadcast] 画布 canvas-2c4267c4daf5: 已发送给 1 个客户端, seq=25810
[Snapshot] 画布 canvas-2c4267c4daf5 生成快照，sequence_id=25766，笔画数=264，SVG大小=33893字节
[Kafka] 批量保存完成: count=1, excluded=0, reason=schedule
[消息] userId=test03, canvas=canvas-2c4267c4daf5, action=presence, id=undefined, points=0
[Broadcast] 画布 canvas-2c4267c4daf5: 已发送给 1 个客户端, seq=25811
[Kafka] 批量保存完成: count=1, excluded=0, reason=schedule
[消息] userId=test03, canvas=canvas-2c4267c4daf5, action=presence, id=undefined, points=0
[Broadcast] 画布 canvas-2c4267c4daf5: 已发送给 1 个客户端, seq=25812
[Kafka] 批量保存完成: count=1, excluded=0, reason=schedule
[消息] userId=test03, canvas=canvas-2c4267c4daf5, action=presence, id=undefined, points=0
[Broadcast] 画布 canvas-2c4267c4daf5: 已发送给 1 个客户端, seq=25813
[Kafka] 批量保存完成: count=1, excluded=0, reason=schedule
[消息] userId=test03, canvas=canvas-2c4267c4daf5, action=presence, id=undefined, points=0
[Broadcast] 画布 canvas-2c4267c4daf5: 已发送给 1 个客户端, seq=25814
[Kafka] 批量保存完成: count=1, excluded=0, reason=schedule
[消息] userId=test03, canvas=canvas-2c4267c4daf5, action=presence, id=undefined, points=0
[Broadcast] 画布 canvas-2c4267c4daf5: 已发送给 1 个客户端, seq=25815
[Kafka] 批量保存完成: count=1, excluded=0, reason=schedule
[消息] userId=test03, canvas=canvas-2c4267c4daf5, action=presence, id=undefined, points=0
[Broadcast] 画布 canvas-2c4267c4daf5: 已发送给 1 个客户端, seq=25816
[Kafka] 批量保存完成: count=1, excluded=0, reason=schedule
[消息] userId=test03, canvas=canvas-2c4267c4daf5, action=presence, id=undefined, points=0
[Broadcast] 画布 canvas-2c4267c4daf5: 已发送给 1 个客户端, seq=25817
[Snapshot] 画布 canvas-2c4267c4daf5 生成快照，sequence_id=25766，笔画数=264，SVG大小=33893字节
[Kafka] 批量保存完成: count=1, excluded=0, reason=schedule
[消息] userId=test03, canvas=canvas-2c4267c4daf5, action=presence, id=undefined, points=0
[Broadcast] 画布 canvas-2c4267c4daf5: 已发送给 1 个客户端, seq=25818
[Snapshot] 画布 canvas-2c4267c4daf5 生成快照，sequence_id=25766，笔画数=264，SVG大小=33893字节
[Kafka] 批量保存完成: count=1, excluded=0, reason=schedule
[消息] userId=test03, canvas=canvas-2c4267c4daf5, action=presence, id=undefined, points=0
[Broadcast] 画布 canvas-2c4267c4daf5: 已发送给 1 个客户端, seq=25819
[Snapshot] 画布 canvas-2c4267c4daf5 生成快照，sequence_id=25766，笔画数=264，SVG大小=33893字节
[Broadcast] 画布 canvas-2c4267c4daf5: 已发送给 1 个客户端, seq=undefined
[Broadcast] 画布 canvas-2c4267c4daf5: 已发送给 1 个客户端, seq=undefined
[Broadcast] 画布 canvas-2c4267c4daf5: 已发送给 1 个客户端, seq=undefined
[Broadcast] 画布 canvas-2c4267c4daf5: 已发送给 1 个客户端, seq=undefined
[Kafka] 批量保存完成: count=1, excluded=0, reason=schedule
[消息] userId=test03, canvas=canvas-2c4267c4daf5, action=presence, id=undefined, points=0
[Broadcast] 画布 canvas-2c4267c4daf5: 已发送给 1 个客户端, seq=25820
[Broadcast] 画布 canvas-2c4267c4daf5: 已发送给 1 个客户端, seq=undefined
[Kafka] 批量保存完成: count=1, excluded=0, reason=schedule
[Broadcast] 画布 canvas-2c4267c4daf5: 已发送给 1 个客户端, seq=undefined
[Broadcast] 画布 canvas-2c4267c4daf5: 已发送给 1 个客户端, seq=undefined
[Broadcast] 画布 canvas-2c4267c4daf5: 已发送给 1 个客户端, seq=undefined
[Broadcast] 画布 canvas-2c4267c4daf5: 已发送给 1 个客户端, seq=undefined
[Broadcast] 画布 canvas-2c4267c4daf5: 已发送给 1 个客户端, seq=undefined
[Broadcast] 画布 canvas-2c4267c4daf5: 已发送给 1 个客户端, seq=undefined
[Broadcast] 画布 canvas-2c4267c4daf5: 已发送给 1 个客户端, seq=undefined
[Broadcast] 画布 canvas-2c4267c4daf5: 已发送给 1 个客户端, seq=undefined
[Broadcast] 画布 canvas-2c4267c4daf5: 已发送给 1 个客户端, seq=undefined
[Broadcast] 画布 canvas-2c4267c4daf5: 已发送给 1 个客户端, seq=undefined
[Broadcast] 画布 canvas-2c4267c4daf5: 已发送给 1 个客户端, seq=undefined
[Broadcast] 画布 canvas-2c4267c4daf5: 已发送给 1 个客户端, seq=undefined
[Broadcast] 画布 canvas-2c4267c4daf5: 已发送给 1 个客户端, seq=undefined
[Broadcast] 画布 canvas-2c4267c4daf5: 已发送给 1 个客户端, seq=undefined
[Broadcast] 画布 canvas-2c4267c4daf5: 已发送给 1 个客户端, seq=undefined
[Broadcast] 画布 canvas-2c4267c4daf5: 已发送给 1 个客户端, seq=undefined
[Broadcast] 画布 canvas-2c4267c4daf5: 已发送给 1 个客户端, seq=undefined
[Broadcast] 画布 canvas-2c4267c4daf5: 已发送给 1 个客户端, seq=undefined
[Broadcast] 画布 canvas-2c4267c4daf5: 已发送给 1 个客户端, seq=undefined
[Broadcast] 画布 canvas-2c4267c4daf5: 已发送给 1 个客户端, seq=undefined
[Broadcast] 画布 canvas-2c4267c4daf5: 已发送给 1 个客户端, seq=undefined
[Broadcast] 画布 canvas-2c4267c4daf5: 已发送给 1 个客户端, seq=undefined
[Broadcast] 画布 canvas-2c4267c4daf5: 已发送给 1 个客户端, seq=undefined
[Broadcast] 画布 canvas-2c4267c4daf5: 已发送给 1 个客户端, seq=undefined
[Broadcast] 画布 canvas-2c4267c4daf5: 已发送给 1 个客户端, seq=undefined
[Broadcast] 画布 canvas-2c4267c4daf5: 已发送给 1 个客户端, seq=undefined
[Broadcast] 画布 canvas-2c4267c4daf5: 已发送给 1 个客户端, seq=undefined
[Broadcast] 画布 canvas-2c4267c4daf5: 已发送给 1 个客户端, seq=undefined
[Broadcast] 画布 canvas-2c4267c4daf5: 已发送给 1 个客户端, seq=undefined
[Broadcast] 画布 canvas-2c4267c4daf5: 已发送给 1 个客户端, seq=undefined
[Broadcast] 画布 canvas-2c4267c4daf5: 已发送给 1 个客户端, seq=undefined
[Broadcast] 画布 canvas-2c4267c4daf5: 已发送给 1 个客户端, seq=undefined
[Broadcast] 画布 canvas-2c4267c4daf5: 已发送给 1 个客户端, seq=undefined
[Broadcast] 画布 canvas-2c4267c4daf5: 已发送给 1 个客户端, seq=undefined
[Broadcast] 画布 canvas-2c4267c4daf5: 已发送给 1 个客户端, seq=undefined
[Broadcast] 画布 canvas-2c4267c4daf5: 已发送给 1 个客户端, seq=undefined
[Broadcast] 画布 canvas-2c4267c4daf5: 已发送给 1 个客户端, seq=undefined
[Broadcast] 画布 canvas-2c4267c4daf5: 已发送给 1 个客户端, seq=undefined
[Broadcast] 画布 canvas-2c4267c4daf5: 已发送给 1 个客户端, seq=undefined
[Broadcast] 画布 canvas-2c4267c4daf5: 已发送给 1 个客户端, seq=undefined
[Broadcast] 画布 canvas-2c4267c4daf5: 已发送给 1 个客户端, seq=undefined
[Broadcast] 画布 canvas-2c4267c4daf5: 已发送给 1 个客户端, seq=undefined
[Broadcast] 画布 canvas-2c4267c4daf5: 已发送给 1 个客户端, seq=undefined
[消息] userId=test03, canvas=canvas-2c4267c4daf5, action=erase, id=d0105de3-9c24-423d-8b78-7197ebd1a3ec, points=10
[Broadcast] 画布 canvas-2c4267c4daf5: 已发送给 1 个客户端, seq=undefined
[Broadcast] 画布 canvas-2c4267c4daf5: 已发送给 1 个客户端, seq=25821
[Broadcast] 画布 canvas-2c4267c4daf5: 已发送给 1 个客户端, seq=undefined
[Broadcast] 画布 canvas-2c4267c4daf5: 已发送给 1 个客户端, seq=undefined
[Broadcast] 画布 canvas-2c4267c4daf5: 已发送给 1 个客户端, seq=undefined
[Broadcast] 画布 canvas-2c4267c4daf5: 已发送给 1 个客户端, seq=undefined
[Broadcast] 画布 canvas-2c4267c4daf5: 已发送给 1 个客户端, seq=undefined
[Broadcast] 画布 canvas-2c4267c4daf5: 已发送给 1 个客户端, seq=undefined
[Broadcast] 画布 canvas-2c4267c4daf5: 已发送给 1 个客户端, seq=undefined
[Broadcast] 画布 canvas-2c4267c4daf5: 已发送给 1 个客户端, seq=undefined
[Kafka] 批量保存完成: count=1, excluded=0, reason=schedule
[Broadcast] 画布 canvas-2c4267c4daf5: 已发送给 1 个客户端, seq=undefined
[消息] userId=test03, canvas=canvas-2c4267c4daf5, action=presence, id=undefined, points=0
[Broadcast] 画布 canvas-2c4267c4daf5: 已发送给 1 个客户端, seq=25822
[Broadcast] 画布 canvas-2c4267c4daf5: 已发送给 1 个客户端, seq=undefined
[Broadcast] 画布 canvas-2c4267c4daf5: 已发送给 1 个客户端, seq=undefined
[Broadcast] 画布 canvas-2c4267c4daf5: 已发送给 1 个客户端, seq=undefined
[Broadcast] 画布 canvas-2c4267c4daf5: 已发送给 1 个客户端, seq=undefined
[Broadcast] 画布 canvas-2c4267c4daf5: 已发送给 1 个客户端, seq=undefined
[Broadcast] 画布 canvas-2c4267c4daf5: 已发送给 1 个客户端, seq=undefined
[Broadcast] 画布 canvas-2c4267c4daf5: 已发送给 1 个客户端, seq=undefined
[Broadcast] 画布 canvas-2c4267c4daf5: 已发送给 1 个客户端, seq=undefined
[Kafka] 批量保存完成: count=1, excluded=0, reason=schedule
[Broadcast] 画布 canvas-2c4267c4daf5: 已发送给 1 个客户端, seq=undefined
[Broadcast] 画布 canvas-2c4267c4daf5: 已发送给 1 个客户端, seq=undefined
[Broadcast] 画布 canvas-2c4267c4daf5: 已发送给 1 个客户端, seq=undefined
[Broadcast] 画布 canvas-2c4267c4daf5: 已发送给 1 个客户端, seq=undefined
[Broadcast] 画布 canvas-2c4267c4daf5: 已发送给 1 个客户端, seq=undefined
[Broadcast] 画布 canvas-2c4267c4daf5: 已发送给 1 个客户端, seq=undefined
[Broadcast] 画布 canvas-2c4267c4daf5: 已发送给 1 个客户端, seq=undefined
[Broadcast] 画布 canvas-2c4267c4daf5: 已发送给 1 个客户端, seq=undefined
[消息] userId=test03, canvas=canvas-2c4267c4daf5, action=erase, id=004d9f7c-e110-4785-8e65-8f08f6073cfd, points=1
[Broadcast] 画布 canvas-2c4267c4daf5: 已发送给 1 个客户端, seq=25823
[Broadcast] 画布 canvas-2c4267c4daf5: 已发送给 1 个客户端, seq=undefined
[Broadcast] 画布 canvas-2c4267c4daf5: 已发送给 1 个客户端, seq=undefined
[Broadcast] 画布 canvas-2c4267c4daf5: 已发送给 1 个客户端, seq=undefined
[Kafka] 批量保存完成: count=1, excluded=0, reason=schedule
[Broadcast] 画布 canvas-2c4267c4daf5: 已发送给 1 个客户端, seq=undefined
[Broadcast] 画布 canvas-2c4267c4daf5: 已发送给 1 个客户端, seq=undefined
[Broadcast] 画布 canvas-2c4267c4daf5: 已发送给 1 个客户端, seq=undefined
[Broadcast] 画布 canvas-2c4267c4daf5: 已发送给 1 个客户端, seq=undefined
[消息] userId=test03, canvas=canvas-2c4267c4daf5, action=erase, id=f4d7552d-dbf2-4077-a382-550597649dc7, points=1
[Broadcast] 画布 canvas-2c4267c4daf5: 已发送给 1 个客户端, seq=25824
[Broadcast] 画布 canvas-2c4267c4daf5: 已发送给 1 个客户端, seq=undefined
[Broadcast] 画布 canvas-2c4267c4daf5: 已发送给 1 个客户端, seq=undefined
[Broadcast] 画布 canvas-2c4267c4daf5: 已发送给 1 个客户端, seq=undefined
[Broadcast] 画布 canvas-2c4267c4daf5: 已发送给 1 个客户端, seq=undefined
[Broadcast] 画布 canvas-2c4267c4daf5: 已发送给 1 个客户端, seq=undefined
[Kafka] 批量保存完成: count=1, excluded=0, reason=schedule
[Broadcast] 画布 canvas-2c4267c4daf5: 已发送给 1 个客户端, seq=undefined
[Broadcast] 画布 canvas-2c4267c4daf5: 已发送给 1 个客户端, seq=undefined
[消息] userId=test03, canvas=canvas-2c4267c4daf5, action=erase, id=c5120ee3-fc0d-48b5-a887-bbd9f96b2671, points=1
[Broadcast] 画布 canvas-2c4267c4daf5: 已发送给 1 个客户端, seq=25825
[Broadcast] 画布 canvas-2c4267c4daf5: 已发送给 1 个客户端, seq=undefined
[Broadcast] 画布 canvas-2c4267c4daf5: 已发送给 1 个客户端, seq=undefined
[Broadcast] 画布 canvas-2c4267c4daf5: 已发送给 1 个客户端, seq=undefined
[Broadcast] 画布 canvas-2c4267c4daf5: 已发送给 1 个客户端, seq=undefined
[Broadcast] 画布 canvas-2c4267c4daf5: 已发送给 1 个客户端, seq=undefined
[Broadcast] 画布 canvas-2c4267c4daf5: 已发送给 1 个客户端, seq=undefined
[Broadcast] 画布 canvas-2c4267c4daf5: 已发送给 1 个客户端, seq=undefined
[Broadcast] 画布 canvas-2c4267c4daf5: 已发送给 1 个客户端, seq=undefined
[Broadcast] 画布 canvas-2c4267c4daf5: 已发送给 1 个客户端, seq=undefined
[Kafka] 批量保存完成: count=1, excluded=0, reason=schedule
[Broadcast] 画布 canvas-2c4267c4daf5: 已发送给 1 个客户端, seq=undefined
[消息] userId=test03, canvas=canvas-2c4267c4daf5, action=presence, id=undefined, points=0
[Broadcast] 画布 canvas-2c4267c4daf5: 已发送给 1 个客户端, seq=25826
[消息] userId=test03, canvas=canvas-2c4267c4daf5, action=erase, id=f9502859-ca72-4d4a-96a0-52c00e70eea5, points=1
[Broadcast] 画布 canvas-2c4267c4daf5: 已发送给 1 个客户端, seq=25827
[Broadcast] 画布 canvas-2c4267c4daf5: 已发送给 1 个客户端, seq=undefined
[Broadcast] 画布 canvas-2c4267c4daf5: 已发送给 1 个客户端, seq=undefined
[Broadcast] 画布 canvas-2c4267c4daf5: 已发送给 1 个客户端, seq=undefined
[Broadcast] 画布 canvas-2c4267c4daf5: 已发送给 1 个客户端, seq=undefined
[Broadcast] 画布 canvas-2c4267c4daf5: 已发送给 1 个客户端, seq=undefined
[消息] userId=test03, canvas=canvas-2c4267c4daf5, action=erase, id=cb4a8ee6-fe0b-498e-b9b8-b19d9ad66233, points=1
[Broadcast] 画布 canvas-2c4267c4daf5: 已发送给 1 个客户端, seq=25828
[Broadcast] 画布 canvas-2c4267c4daf5: 已发送给 1 个客户端, seq=undefined
[Broadcast] 画布 canvas-2c4267c4daf5: 已发送给 1 个客户端, seq=undefined
[Broadcast] 画布 canvas-2c4267c4daf5: 已发送给 1 个客户端, seq=undefined
[Broadcast] 画布 canvas-2c4267c4daf5: 已发送给 1 个客户端, seq=undefined
[Kafka] 批量保存完成: count=3, excluded=0, reason=schedule
[Broadcast] 画布 canvas-2c4267c4daf5: 已发送给 1 个客户端, seq=undefined
[Broadcast] 画布 canvas-2c4267c4daf5: 已发送给 1 个客户端, seq=undefined
[Broadcast] 画布 canvas-2c4267c4daf5: 已发送给 1 个客户端, seq=undefined
[Broadcast] 画布 canvas-2c4267c4daf5: 已发送给 1 个客户端, seq=undefined
[Broadcast] 画布 canvas-2c4267c4daf5: 已发送给 1 个客户端, seq=undefined
[Broadcast] 画布 canvas-2c4267c4daf5: 已发送给 1 个客户端, seq=undefined
[Broadcast] 画布 canvas-2c4267c4daf5: 已发送给 1 个客户端, seq=undefined
[Broadcast] 画布 canvas-2c4267c4daf5: 已发送给 1 个客户端, seq=undefined
[Broadcast] 画布 canvas-2c4267c4daf5: 已发送给 1 个客户端, seq=undefined
[Broadcast] 画布 canvas-2c4267c4daf5: 已发送给 1 个客户端, seq=undefined
[Broadcast] 画布 canvas-2c4267c4daf5: 已发送给 1 个客户端, seq=undefined
[Broadcast] 画布 canvas-2c4267c4daf5: 已发送给 1 个客户端, seq=undefined
[消息] userId=test03, canvas=canvas-2c4267c4daf5, action=undo, id=undefined, points=0
[Undo] 调用 deleteStrokeById(cb4a8ee6-fe0b-498e-b9b8-b19d9ad66233)
[MongoDB] deleteStrokeById(cb4a8ee6-fe0b-498e-b9b8-b19d9ad66233): deleted=1
[Undo] MongoDB 删除完成
[Undo] 用户 test03 撤销了笔画 cb4a8ee6-fe0b-498e-b9b8-b19d9ad66233（画布 canvas-2c4267c4daf5）
[Undo] deletedStroke 详情: {"stroke_id":"cb4a8ee6-fe0b-498e-b9b8-b19d9ad66233","canvas_id":"canvas-2c4267c4daf5","sequence_id":25828}
[Broadcast] 画布 canvas-2c4267c4daf5: 已发送给 1 个客户端, seq=25829
[消息] userId=test03, canvas=canvas-2c4267c4daf5, action=presence, id=undefined, points=0
[Broadcast] 画布 canvas-2c4267c4daf5: 已发送给 1 个客户端, seq=25830
[消息] userId=test03, canvas=canvas-2c4267c4daf5, action=undo, id=undefined, points=0
[Undo] 调用 deleteStrokeById(f9502859-ca72-4d4a-96a0-52c00e70eea5)
[MongoDB] deleteStrokeById(f9502859-ca72-4d4a-96a0-52c00e70eea5): deleted=1
[Undo] MongoDB 删除完成
[Undo] 用户 test03 撤销了笔画 f9502859-ca72-4d4a-96a0-52c00e70eea5（画布 canvas-2c4267c4daf5）
[Undo] deletedStroke 详情: {"stroke_id":"f9502859-ca72-4d4a-96a0-52c00e70eea5","canvas_id":"canvas-2c4267c4daf5","sequence_id":25827}
[Broadcast] 画布 canvas-2c4267c4daf5: 已发送给 1 个客户端, seq=25831
[消息] userId=test03, canvas=canvas-2c4267c4daf5, action=undo, id=undefined, points=0
[Undo] 调用 deleteStrokeById(c5120ee3-fc0d-48b5-a887-bbd9f96b2671)
[MongoDB] deleteStrokeById(c5120ee3-fc0d-48b5-a887-bbd9f96b2671): deleted=1
[Undo] MongoDB 删除完成
[Undo] 用户 test03 撤销了笔画 c5120ee3-fc0d-48b5-a887-bbd9f96b2671（画布 canvas-2c4267c4daf5）
[Undo] deletedStroke 详情: {"stroke_id":"c5120ee3-fc0d-48b5-a887-bbd9f96b2671","canvas_id":"canvas-2c4267c4daf5","sequence_id":25825}
[Broadcast] 画布 canvas-2c4267c4daf5: 已发送给 1 个客户端, seq=25832
[消息] userId=test03, canvas=canvas-2c4267c4daf5, action=undo, id=undefined, points=0
[Kafka] 批量保存完成: count=1, excluded=0, reason=schedule
[Undo] 调用 deleteStrokeById(f4d7552d-dbf2-4077-a382-550597649dc7)
[MongoDB] deleteStrokeById(f4d7552d-dbf2-4077-a382-550597649dc7): deleted=1
[Undo] MongoDB 删除完成
[Undo] 用户 test03 撤销了笔画 f4d7552d-dbf2-4077-a382-550597649dc7（画布 canvas-2c4267c4daf5）
[Undo] deletedStroke 详情: {"stroke_id":"f4d7552d-dbf2-4077-a382-550597649dc7","canvas_id":"canvas-2c4267c4daf5","sequence_id":25824}
[Broadcast] 画布 canvas-2c4267c4daf5: 已发送给 1 个客户端, seq=25833
[消息] userId=test03, canvas=canvas-2c4267c4daf5, action=undo, id=undefined, points=0
[Undo] 调用 deleteStrokeById(004d9f7c-e110-4785-8e65-8f08f6073cfd)
[MongoDB] deleteStrokeById(004d9f7c-e110-4785-8e65-8f08f6073cfd): deleted=1
[Undo] MongoDB 删除完成
[Undo] 用户 test03 撤销了笔画 004d9f7c-e110-4785-8e65-8f08f6073cfd（画布 canvas-2c4267c4daf5）
[Undo] deletedStroke 详情: {"stroke_id":"004d9f7c-e110-4785-8e65-8f08f6073cfd","canvas_id":"canvas-2c4267c4daf5","sequence_id":25823}
[Broadcast] 画布 canvas-2c4267c4daf5: 已发送给 1 个客户端, seq=25834
[消息] userId=test03, canvas=canvas-2c4267c4daf5, action=undo, id=undefined, points=0
[Undo] 调用 deleteStrokeById(d0105de3-9c24-423d-8b78-7197ebd1a3ec)
[MongoDB] deleteStrokeById(d0105de3-9c24-423d-8b78-7197ebd1a3ec): deleted=1
[Undo] MongoDB 删除完成
[Undo] 用户 test03 撤销了笔画 d0105de3-9c24-423d-8b78-7197ebd1a3ec（画布 canvas-2c4267c4daf5）
[Undo] deletedStroke 详情: {"stroke_id":"d0105de3-9c24-423d-8b78-7197ebd1a3ec","canvas_id":"canvas-2c4267c4daf5","sequence_id":25821}
[Broadcast] 画布 canvas-2c4267c4daf5: 已发送给 1 个客户端, seq=25835
[消息] userId=test03, canvas=canvas-2c4267c4daf5, action=undo, id=undefined, points=0
[Undo] 调用 deleteStrokeById(dd2bd6d6-e514-470e-a667-96a280033304)
[MongoDB] deleteStrokeById(dd2bd6d6-e514-470e-a667-96a280033304): deleted=1
[Undo] MongoDB 删除完成
[Undo] 用户 test03 撤销了笔画 dd2bd6d6-e514-470e-a667-96a280033304（画布 canvas-2c4267c4daf5）
[Undo] deletedStroke 详情: {"stroke_id":"dd2bd6d6-e514-470e-a667-96a280033304","canvas_id":"canvas-2c4267c4daf5","sequence_id":25766}
[Broadcast] 画布 canvas-2c4267c4daf5: 已发送给 1 个客户端, seq=25836
[消息] userId=test03, canvas=canvas-2c4267c4daf5, action=presence, id=undefined, points=0
[Broadcast] 画布 canvas-2c4267c4daf5: 已发送给 1 个客户端, seq=25837
[Kafka] 批量保存完成: count=1, excluded=0, reason=schedule
[Broadcast] 画布 canvas-2c4267c4daf5: 已发送给 1 个客户端, seq=undefined
[Broadcast] 画布 canvas-2c4267c4daf5: 已发送给 1 个客户端, seq=undefined
[Broadcast] 画布 canvas-2c4267c4daf5: 已发送给 1 个客户端, seq=undefined
[Broadcast] 画布 canvas-2c4267c4daf5: 已发送给 1 个客户端, seq=undefined
[Broadcast] 画布 canvas-2c4267c4daf5: 已发送给 1 个客户端, seq=undefined
[Broadcast] 画布 canvas-2c4267c4daf5: 已发送给 1 个客户端, seq=undefined
[Broadcast] 画布 canvas-2c4267c4daf5: 已发送给 1 个客户端, seq=undefined
[Broadcast] 画布 canvas-2c4267c4daf5: 已发送给 1 个客户端, seq=undefined
[Broadcast] 画布 canvas-2c4267c4daf5: 已发送给 1 个客户端, seq=undefined
[Broadcast] 画布 canvas-2c4267c4daf5: 已发送给 1 个客户端, seq=undefined
[消息] userId=test03, canvas=canvas-2c4267c4daf5, action=presence, id=undefined, points=0
[Broadcast] 画布 canvas-2c4267c4daf5: 已发送给 1 个客户端, seq=25838
[Kafka] 批量保存完成: count=1, excluded=0, reason=schedule
[消息] userId=test03, canvas=canvas-2c4267c4daf5, action=element_add, id=842e773f-ed96-4934-b01e-dd2821717a16, points=0
[Broadcast] 画布 canvas-2c4267c4daf5: 已发送给 1 个客户端, seq=25839
[Kafka] 批量保存完成: count=1, excluded=0, reason=schedule
[Broadcast] 画布 canvas-2c4267c4daf5: 已发送给 1 个客户端, seq=undefined
[Broadcast] 画布 canvas-2c4267c4daf5: 已发送给 1 个客户端, seq=undefined
[Broadcast] 画布 canvas-2c4267c4daf5: 已发送给 1 个客户端, seq=undefined
[Broadcast] 画布 canvas-2c4267c4daf5: 已发送给 1 个客户端, seq=undefined
[Broadcast] 画布 canvas-2c4267c4daf5: 已发送给 1 个客户端, seq=undefined
[Broadcast] 画布 canvas-2c4267c4daf5: 已发送给 1 个客户端, seq=undefined
[Broadcast] 画布 canvas-2c4267c4daf5: 已发送给 1 个客户端, seq=undefined
[Broadcast] 画布 canvas-2c4267c4daf5: 已发送给 1 个客户端, seq=undefined
[Broadcast] 画布 canvas-2c4267c4daf5: 已发送给 1 个客户端, seq=undefined
[Broadcast] 画布 canvas-2c4267c4daf5: 已发送给 1 个客户端, seq=undefined
[Broadcast] 画布 canvas-2c4267c4daf5: 已发送给 1 个客户端, seq=undefined
[Broadcast] 画布 canvas-2c4267c4daf5: 已发送给 1 个客户端, seq=undefined
[Broadcast] 画布 canvas-2c4267c4daf5: 已发送给 1 个客户端, seq=undefined
[Broadcast] 画布 canvas-2c4267c4daf5: 已发送给 1 个客户端, seq=undefined
[Broadcast] 画布 canvas-2c4267c4daf5: 已发送给 1 个客户端, seq=undefined
[Broadcast] 画布 canvas-2c4267c4daf5: 已发送给 1 个客户端, seq=undefined
[Broadcast] 画布 canvas-2c4267c4daf5: 已发送给 1 个客户端, seq=undefined
[Broadcast] 画布 canvas-2c4267c4daf5: 已发送给 1 个客户端, seq=undefined
[消息] userId=test03, canvas=canvas-2c4267c4daf5, action=presence, id=undefined, points=0
[Broadcast] 画布 canvas-2c4267c4daf5: 已发送给 1 个客户端, seq=25840
[Broadcast] 画布 canvas-2c4267c4daf5: 已发送给 1 个客户端, seq=undefined
[Snapshot] 画布 canvas-2c4267c4daf5 生成快照，sequence_id=25839，笔画数=264，SVG大小=33893字节
[Broadcast] 画布 canvas-2c4267c4daf5: 已发送给 1 个客户端, seq=undefined
[Kafka] 批量保存完成: count=1, excluded=0, reason=schedule
[Broadcast] 画布 canvas-2c4267c4daf5: 已发送给 1 个客户端, seq=undefined
[Broadcast] 画布 canvas-2c4267c4daf5: 已发送给 1 个客户端, seq=undefined
[Broadcast] 画布 canvas-2c4267c4daf5: 已发送给 1 个客户端, seq=undefined
[Broadcast] 画布 canvas-2c4267c4daf5: 已发送给 1 个客户端, seq=undefined
[Broadcast] 画布 canvas-2c4267c4daf5: 已发送给 1 个客户端, seq=undefined
[Broadcast] 画布 canvas-2c4267c4daf5: 已发送给 1 个客户端, seq=undefined
[Broadcast] 画布 canvas-2c4267c4daf5: 已发送给 1 个客户端, seq=undefined
[Broadcast] 画布 canvas-2c4267c4daf5: 已发送给 1 个客户端, seq=undefined
[Broadcast] 画布 canvas-2c4267c4daf5: 已发送给 1 个客户端, seq=undefined
[Broadcast] 画布 canvas-2c4267c4daf5: 已发送给 1 个客户端, seq=undefined
[Broadcast] 画布 canvas-2c4267c4daf5: 已发送给 1 个客户端, seq=undefined
[Broadcast] 画布 canvas-2c4267c4daf5: 已发送给 1 个客户端, seq=undefined
[Broadcast] 画布 canvas-2c4267c4daf5: 已发送给 1 个客户端, seq=undefined
[Broadcast] 画布 canvas-2c4267c4daf5: 已发送给 1 个客户端, seq=undefined
[Broadcast] 画布 canvas-2c4267c4daf5: 已发送给 1 个客户端, seq=undefined
[Broadcast] 画布 canvas-2c4267c4daf5: 已发送给 1 个客户端, seq=undefined
[Broadcast] 画布 canvas-2c4267c4daf5: 已发送给 1 个客户端, seq=undefined
[Broadcast] 画布 canvas-2c4267c4daf5: 已发送给 1 个客户端, seq=undefined
[Broadcast] 画布 canvas-2c4267c4daf5: 已发送给 1 个客户端, seq=undefined
[Broadcast] 画布 canvas-2c4267c4daf5: 已发送给 1 个客户端, seq=undefined
[Broadcast] 画布 canvas-2c4267c4daf5: 已发送给 1 个客户端, seq=undefined
[Broadcast] 画布 canvas-2c4267c4daf5: 已发送给 1 个客户端, seq=undefined
[Broadcast] 画布 canvas-2c4267c4daf5: 已发送给 1 个客户端, seq=undefined
[Broadcast] 画布 canvas-2c4267c4daf5: 已发送给 1 个客户端, seq=undefined
[Broadcast] 画布 canvas-2c4267c4daf5: 已发送给 1 个客户端, seq=undefined
[Broadcast] 画布 canvas-2c4267c4daf5: 已发送给 1 个客户端, seq=undefined
[Broadcast] 画布 canvas-2c4267c4daf5: 已发送给 1 个客户端, seq=undefined
[Broadcast] 画布 canvas-2c4267c4daf5: 已发送给 1 个客户端, seq=undefined
[Broadcast] 画布 canvas-2c4267c4daf5: 已发送给 1 个客户端, seq=undefined
[Broadcast] 画布 canvas-2c4267c4daf5: 已发送给 1 个客户端, seq=undefined
[Broadcast] 画布 canvas-2c4267c4daf5: 已发送给 1 个客户端, seq=undefined
[Broadcast] 画布 canvas-2c4267c4daf5: 已发送给 1 个客户端, seq=undefined
[Broadcast] 画布 canvas-2c4267c4daf5: 已发送给 1 个客户端, seq=undefined
[Broadcast] 画布 canvas-2c4267c4daf5: 已发送给 1 个客户端, seq=undefined
[Broadcast] 画布 canvas-2c4267c4daf5: 已发送给 1 个客户端, seq=undefined
[Broadcast] 画布 canvas-2c4267c4daf5: 已发送给 1 个客户端, seq=undefined
[Broadcast] 画布 canvas-2c4267c4daf5: 已发送给 1 个客户端, seq=undefined
[Broadcast] 画布 canvas-2c4267c4daf5: 已发送给 1 个客户端, seq=undefined
[Broadcast] 画布 canvas-2c4267c4daf5: 已发送给 1 个客户端, seq=undefined
[Broadcast] 画布 canvas-2c4267c4daf5: 已发送给 1 个客户端, seq=undefined
[Broadcast] 画布 canvas-2c4267c4daf5: 已发送给 1 个客户端, seq=undefined
[Broadcast] 画布 canvas-2c4267c4daf5: 已发送给 1 个客户端, seq=undefined
[Broadcast] 画布 canvas-2c4267c4daf5: 已发送给 1 个客户端, seq=undefined
[Broadcast] 画布 canvas-2c4267c4daf5: 已发送给 1 个客户端, seq=undefined
[Broadcast] 画布 canvas-2c4267c4daf5: 已发送给 1 个客户端, seq=undefined
[Broadcast] 画布 canvas-2c4267c4daf5: 已发送给 1 个客户端, seq=undefined
[Broadcast] 画布 canvas-2c4267c4daf5: 已发送给 1 个客户端, seq=undefined
[Broadcast] 画布 canvas-2c4267c4daf5: 已发送给 1 个客户端, seq=undefined
[Broadcast] 画布 canvas-2c4267c4daf5: 已发送给 1 个客户端, seq=undefined
[Broadcast] 画布 canvas-2c4267c4daf5: 已发送给 1 个客户端, seq=undefined
[Broadcast] 画布 canvas-2c4267c4daf5: 已发送给 1 个客户端, seq=undefined
[Broadcast] 画布 canvas-2c4267c4daf5: 已发送给 1 个客户端, seq=undefined
[消息] userId=test03, canvas=canvas-2c4267c4daf5, action=presence, id=undefined, points=0
[Broadcast] 画布 canvas-2c4267c4daf5: 已发送给 1 个客户端, seq=25841
[Broadcast] 画布 canvas-2c4267c4daf5: 已发送给 1 个客户端, seq=undefined
[Broadcast] 画布 canvas-2c4267c4daf5: 已发送给 1 个客户端, seq=undefined
[Kafka] 批量保存完成: count=1, excluded=0, reason=schedule
[Broadcast] 画布 canvas-2c4267c4daf5: 已发送给 1 个客户端, seq=undefined
[Broadcast] 画布 canvas-2c4267c4daf5: 已发送给 1 个客户端, seq=undefined
[Broadcast] 画布 canvas-2c4267c4daf5: 已发送给 1 个客户端, seq=undefined
[Broadcast] 画布 canvas-2c4267c4daf5: 已发送给 1 个客户端, seq=undefined
[Broadcast] 画布 canvas-2c4267c4daf5: 已发送给 1 个客户端, seq=undefined
[Broadcast] 画布 canvas-2c4267c4daf5: 已发送给 1 个客户端, seq=undefined
[Broadcast] 画布 canvas-2c4267c4daf5: 已发送给 1 个客户端, seq=undefined
[Broadcast] 画布 canvas-2c4267c4daf5: 已发送给 1 个客户端, seq=undefined
[Broadcast] 画布 canvas-2c4267c4daf5: 已发送给 1 个客户端, seq=undefined
[Broadcast] 画布 canvas-2c4267c4daf5: 已发送给 1 个客户端, seq=undefined
[Broadcast] 画布 canvas-2c4267c4daf5: 已发送给 1 个客户端, seq=undefined
[Broadcast] 画布 canvas-2c4267c4daf5: 已发送给 1 个客户端, seq=undefined
[Broadcast] 画布 canvas-2c4267c4daf5: 已发送给 1 个客户端, seq=undefined
[Broadcast] 画布 canvas-2c4267c4daf5: 已发送给 1 个客户端, seq=undefined
[Broadcast] 画布 canvas-2c4267c4daf5: 已发送给 1 个客户端, seq=undefined
[Broadcast] 画布 canvas-2c4267c4daf5: 已发送给 1 个客户端, seq=undefined
[消息] userId=test03, canvas=canvas-2c4267c4daf5, action=element_add, id=215d12e2-36e0-4c29-8df3-c7e4b5c08eff, points=0
[Broadcast] 画布 canvas-2c4267c4daf5: 已发送给 1 个客户端, seq=25842
[Broadcast] 画布 canvas-2c4267c4daf5: 已发送给 1 个客户端, seq=undefined
[Broadcast] 画布 canvas-2c4267c4daf5: 已发送给 1 个客户端, seq=undefined
[Broadcast] 画布 canvas-2c4267c4daf5: 已发送给 1 个客户端, seq=undefined
[Broadcast] 画布 canvas-2c4267c4daf5: 已发送给 1 个客户端, seq=undefined
[Broadcast] 画布 canvas-2c4267c4daf5: 已发送给 1 个客户端, seq=undefined
[Broadcast] 画布 canvas-2c4267c4daf5: 已发送给 1 个客户端, seq=undefined
[Broadcast] 画布 canvas-2c4267c4daf5: 已发送给 1 个客户端, seq=undefined
[Broadcast] 画布 canvas-2c4267c4daf5: 已发送给 1 个客户端, seq=undefined
[Broadcast] 画布 canvas-2c4267c4daf5: 已发送给 1 个客户端, seq=undefined
[Broadcast] 画布 canvas-2c4267c4daf5: 已发送给 1 个客户端, seq=undefined
[Broadcast] 画布 canvas-2c4267c4daf5: 已发送给 1 个客户端, seq=undefined
[Broadcast] 画布 canvas-2c4267c4daf5: 已发送给 1 个客户端, seq=undefined
[Broadcast] 画布 canvas-2c4267c4daf5: 已发送给 1 个客户端, seq=undefined
[Broadcast] 画布 canvas-2c4267c4daf5: 已发送给 1 个客户端, seq=undefined
[Broadcast] 画布 canvas-2c4267c4daf5: 已发送给 1 个客户端, seq=undefined
[Broadcast] 画布 canvas-2c4267c4daf5: 已发送给 1 个客户端, seq=undefined
[Kafka] 批量保存完成: count=1, excluded=0, reason=schedule
[Broadcast] 画布 canvas-2c4267c4daf5: 已发送给 1 个客户端, seq=undefined
[Broadcast] 画布 canvas-2c4267c4daf5: 已发送给 1 个客户端, seq=undefined
[Broadcast] 画布 canvas-2c4267c4daf5: 已发送给 1 个客户端, seq=undefined
[Broadcast] 画布 canvas-2c4267c4daf5: 已发送给 1 个客户端, seq=undefined
[Broadcast] 画布 canvas-2c4267c4daf5: 已发送给 1 个客户端, seq=undefined
[Broadcast] 画布 canvas-2c4267c4daf5: 已发送给 1 个客户端, seq=undefined
[Broadcast] 画布 canvas-2c4267c4daf5: 已发送给 1 个客户端, seq=undefined
[Broadcast] 画布 canvas-2c4267c4daf5: 已发送给 1 个客户端, seq=undefined
[Broadcast] 画布 canvas-2c4267c4daf5: 已发送给 1 个客户端, seq=undefined
[Broadcast] 画布 canvas-2c4267c4daf5: 已发送给 1 个客户端, seq=undefined
[Broadcast] 画布 canvas-2c4267c4daf5: 已发送给 1 个客户端, seq=undefined
[Broadcast] 画布 canvas-2c4267c4daf5: 已发送给 1 个客户端, seq=undefined
[Broadcast] 画布 canvas-2c4267c4daf5: 已发送给 1 个客户端, seq=undefined
[Broadcast] 画布 canvas-2c4267c4daf5: 已发送给 1 个客户端, seq=undefined
[Broadcast] 画布 canvas-2c4267c4daf5: 已发送给 1 个客户端, seq=undefined
[Broadcast] 画布 canvas-2c4267c4daf5: 已发送给 1 个客户端, seq=undefined
[Broadcast] 画布 canvas-2c4267c4daf5: 已发送给 1 个客户端, seq=undefined
[Broadcast] 画布 canvas-2c4267c4daf5: 已发送给 1 个客户端, seq=undefined
[Broadcast] 画布 canvas-2c4267c4daf5: 已发送给 1 个客户端, seq=undefined
[Broadcast] 画布 canvas-2c4267c4daf5: 已发送给 1 个客户端, seq=undefined
[Broadcast] 画布 canvas-2c4267c4daf5: 已发送给 1 个客户端, seq=undefined
[Broadcast] 画布 canvas-2c4267c4daf5: 已发送给 1 个客户端, seq=undefined
[Broadcast] 画布 canvas-2c4267c4daf5: 已发送给 1 个客户端, seq=undefined
[消息] userId=test03, canvas=canvas-2c4267c4daf5, action=element_add, id=bb771e83-96ba-4ec3-8faa-5b425fd71584, points=0
[Broadcast] 画布 canvas-2c4267c4daf5: 已发送给 1 个客户端, seq=25843
[Broadcast] 画布 canvas-2c4267c4daf5: 已发送给 1 个客户端, seq=undefined
[Broadcast] 画布 canvas-2c4267c4daf5: 已发送给 1 个客户端, seq=undefined
[Broadcast] 画布 canvas-2c4267c4daf5: 已发送给 1 个客户端, seq=undefined
[Broadcast] 画布 canvas-2c4267c4daf5: 已发送给 1 个客户端, seq=undefined
[Broadcast] 画布 canvas-2c4267c4daf5: 已发送给 1 个客户端, seq=undefined
[Broadcast] 画布 canvas-2c4267c4daf5: 已发送给 1 个客户端, seq=undefined
[Broadcast] 画布 canvas-2c4267c4daf5: 已发送给 1 个客户端, seq=undefined
[Kafka] 批量保存完成: count=1, excluded=0, reason=schedule
[Broadcast] 画布 canvas-2c4267c4daf5: 已发送给 1 个客户端, seq=undefined
[Broadcast] 画布 canvas-2c4267c4daf5: 已发送给 1 个客户端, seq=undefined
[Broadcast] 画布 canvas-2c4267c4daf5: 已发送给 1 个客户端, seq=undefined
[Broadcast] 画布 canvas-2c4267c4daf5: 已发送给 1 个客户端, seq=undefined
[Broadcast] 画布 canvas-2c4267c4daf5: 已发送给 1 个客户端, seq=undefined
[Broadcast] 画布 canvas-2c4267c4daf5: 已发送给 1 个客户端, seq=undefined
[Broadcast] 画布 canvas-2c4267c4daf5: 已发送给 1 个客户端, seq=undefined
[Broadcast] 画布 canvas-2c4267c4daf5: 已发送给 1 个客户端, seq=undefined
[消息] userId=test03, canvas=canvas-2c4267c4daf5, action=presence, id=undefined, points=0
[Broadcast] 画布 canvas-2c4267c4daf5: 已发送给 1 个客户端, seq=25844
[Broadcast] 画布 canvas-2c4267c4daf5: 已发送给 1 个客户端, seq=undefined
[Broadcast] 画布 canvas-2c4267c4daf5: 已发送给 1 个客户端, seq=undefined
[Broadcast] 画布 canvas-2c4267c4daf5: 已发送给 1 个客户端, seq=undefined
[Kafka] 批量保存完成: count=1, excluded=0, reason=schedule
[Broadcast] 画布 canvas-2c4267c4daf5: 已发送给 1 个客户端, seq=undefined
[Broadcast] 画布 canvas-2c4267c4daf5: 已发送给 1 个客户端, seq=undefined
[Broadcast] 画布 canvas-2c4267c4daf5: 已发送给 1 个客户端, seq=undefined
[Broadcast] 画布 canvas-2c4267c4daf5: 已发送给 1 个客户端, seq=undefined
[Broadcast] 画布 canvas-2c4267c4daf5: 已发送给 1 个客户端, seq=undefined
[Broadcast] 画布 canvas-2c4267c4daf5: 已发送给 1 个客户端, seq=undefined
[Broadcast] 画布 canvas-2c4267c4daf5: 已发送给 1 个客户端, seq=undefined
[Broadcast] 画布 canvas-2c4267c4daf5: 已发送给 1 个客户端, seq=undefined
[Broadcast] 画布 canvas-2c4267c4daf5: 已发送给 1 个客户端, seq=undefined
[Broadcast] 画布 canvas-2c4267c4daf5: 已发送给 1 个客户端, seq=undefined
[Broadcast] 画布 canvas-2c4267c4daf5: 已发送给 1 个客户端, seq=undefined
[Broadcast] 画布 canvas-2c4267c4daf5: 已发送给 1 个客户端, seq=undefined
[Broadcast] 画布 canvas-2c4267c4daf5: 已发送给 1 个客户端, seq=undefined
[Broadcast] 画布 canvas-2c4267c4daf5: 已发送给 1 个客户端, seq=undefined
[Broadcast] 画布 canvas-2c4267c4daf5: 已发送给 1 个客户端, seq=undefined
[Broadcast] 画布 canvas-2c4267c4daf5: 已发送给 1 个客户端, seq=undefined
[Broadcast] 画布 canvas-2c4267c4daf5: 已发送给 1 个客户端, seq=undefined
[Broadcast] 画布 canvas-2c4267c4daf5: 已发送给 1 个客户端, seq=undefined
[Broadcast] 画布 canvas-2c4267c4daf5: 已发送给 1 个客户端, seq=undefined
[Broadcast] 画布 canvas-2c4267c4daf5: 已发送给 1 个客户端, seq=undefined
[Broadcast] 画布 canvas-2c4267c4daf5: 已发送给 1 个客户端, seq=undefined
[Broadcast] 画布 canvas-2c4267c4daf5: 已发送给 1 个客户端, seq=undefined
[Broadcast] 画布 canvas-2c4267c4daf5: 已发送给 1 个客户端, seq=undefined
[Broadcast] 画布 canvas-2c4267c4daf5: 已发送给 1 个客户端, seq=undefined
[Broadcast] 画布 canvas-2c4267c4daf5: 已发送给 1 个客户端, seq=undefined
[Broadcast] 画布 canvas-2c4267c4daf5: 已发送给 1 个客户端, seq=undefined
[Broadcast] 画布 canvas-2c4267c4daf5: 已发送给 1 个客户端, seq=undefined
[Broadcast] 画布 canvas-2c4267c4daf5: 已发送给 1 个客户端, seq=undefined
[Broadcast] 画布 canvas-2c4267c4daf5: 已发送给 1 个客户端, seq=undefined
[Broadcast] 画布 canvas-2c4267c4daf5: 已发送给 1 个客户端, seq=undefined
[Broadcast] 画布 canvas-2c4267c4daf5: 已发送给 1 个客户端, seq=undefined
[Broadcast] 画布 canvas-2c4267c4daf5: 已发送给 1 个客户端, seq=undefined
[Broadcast] 画布 canvas-2c4267c4daf5: 已发送给 1 个客户端, seq=undefined
[Broadcast] 画布 canvas-2c4267c4daf5: 已发送给 1 个客户端, seq=undefined
[Broadcast] 画布 canvas-2c4267c4daf5: 已发送给 1 个客户端, seq=undefined
[Broadcast] 画布 canvas-2c4267c4daf5: 已发送给 1 个客户端, seq=undefined
[Broadcast] 画布 canvas-2c4267c4daf5: 已发送给 1 个客户端, seq=undefined
[Broadcast] 画布 canvas-2c4267c4daf5: 已发送给 1 个客户端, seq=undefined
[Broadcast] 画布 canvas-2c4267c4daf5: 已发送给 1 个客户端, seq=undefined
[Broadcast] 画布 canvas-2c4267c4daf5: 已发送给 1 个客户端, seq=undefined
[Broadcast] 画布 canvas-2c4267c4daf5: 已发送给 1 个客户端, seq=undefined
[Broadcast] 画布 canvas-2c4267c4daf5: 已发送给 1 个客户端, seq=undefined
[Broadcast] 画布 canvas-2c4267c4daf5: 已发送给 1 个客户端, seq=undefined
[Broadcast] 画布 canvas-2c4267c4daf5: 已发送给 1 个客户端, seq=undefined
[Broadcast] 画布 canvas-2c4267c4daf5: 已发送给 1 个客户端, seq=undefined
[Broadcast] 画布 canvas-2c4267c4daf5: 已发送给 1 个客户端, seq=undefined
[Broadcast] 画布 canvas-2c4267c4daf5: 已发送给 1 个客户端, seq=undefined
[消息] userId=test03, canvas=canvas-2c4267c4daf5, action=presence, id=undefined, points=0
[Broadcast] 画布 canvas-2c4267c4daf5: 已发送给 1 个客户端, seq=25845
[Kafka] 批量保存完成: count=1, excluded=0, reason=schedule
[Broadcast] 画布 canvas-2c4267c4daf5: 已发送给 1 个客户端, seq=undefined
[Broadcast] 画布 canvas-2c4267c4daf5: 已发送给 1 个客户端, seq=undefined
[Broadcast] 画布 canvas-2c4267c4daf5: 已发送给 1 个客户端, seq=undefined
[Broadcast] 画布 canvas-2c4267c4daf5: 已发送给 1 个客户端, seq=undefined
[Broadcast] 画布 canvas-2c4267c4daf5: 已发送给 1 个客户端, seq=undefined
[Broadcast] 画布 canvas-2c4267c4daf5: 已发送给 1 个客户端, seq=undefined
[Broadcast] 画布 canvas-2c4267c4daf5: 已发送给 1 个客户端, seq=undefined
[Broadcast] 画布 canvas-2c4267c4daf5: 已发送给 1 个客户端, seq=undefined
[Broadcast] 画布 canvas-2c4267c4daf5: 已发送给 1 个客户端, seq=undefined
[Broadcast] 画布 canvas-2c4267c4daf5: 已发送给 1 个客户端, seq=undefined
[Broadcast] 画布 canvas-2c4267c4daf5: 已发送给 1 个客户端, seq=undefined
[Broadcast] 画布 canvas-2c4267c4daf5: 已发送给 1 个客户端, seq=undefined
[Broadcast] 画布 canvas-2c4267c4daf5: 已发送给 1 个客户端, seq=undefined
[Broadcast] 画布 canvas-2c4267c4daf5: 已发送给 1 个客户端, seq=undefined
[Broadcast] 画布 canvas-2c4267c4daf5: 已发送给 1 个客户端, seq=undefined
[Broadcast] 画布 canvas-2c4267c4daf5: 已发送给 1 个客户端, seq=undefined
[Broadcast] 画布 canvas-2c4267c4daf5: 已发送给 1 个客户端, seq=undefined
[Broadcast] 画布 canvas-2c4267c4daf5: 已发送给 1 个客户端, seq=undefined
[Broadcast] 画布 canvas-2c4267c4daf5: 已发送给 1 个客户端, seq=undefined
[Broadcast] 画布 canvas-2c4267c4daf5: 已发送给 1 个客户端, seq=undefined
[Broadcast] 画布 canvas-2c4267c4daf5: 已发送给 1 个客户端, seq=undefined
[Broadcast] 画布 canvas-2c4267c4daf5: 已发送给 1 个客户端, seq=undefined
[Broadcast] 画布 canvas-2c4267c4daf5: 已发送给 1 个客户端, seq=undefined
[Broadcast] 画布 canvas-2c4267c4daf5: 已发送给 1 个客户端, seq=undefined
[Broadcast] 画布 canvas-2c4267c4daf5: 已发送给 1 个客户端, seq=undefined
[Broadcast] 画布 canvas-2c4267c4daf5: 已发送给 1 个客户端, seq=undefined
[Broadcast] 画布 canvas-2c4267c4daf5: 已发送给 1 个客户端, seq=undefined
[Broadcast] 画布 canvas-2c4267c4daf5: 已发送给 1 个客户端, seq=undefined
[Broadcast] 画布 canvas-2c4267c4daf5: 已发送给 1 个客户端, seq=undefined
[Broadcast] 画布 canvas-2c4267c4daf5: 已发送给 1 个客户端, seq=undefined
[Broadcast] 画布 canvas-2c4267c4daf5: 已发送给 1 个客户端, seq=undefined
[Broadcast] 画布 canvas-2c4267c4daf5: 已发送给 1 个客户端, seq=undefined
[Broadcast] 画布 canvas-2c4267c4daf5: 已发送给 1 个客户端, seq=undefined
[Broadcast] 画布 canvas-2c4267c4daf5: 已发送给 1 个客户端, seq=undefined
[Broadcast] 画布 canvas-2c4267c4daf5: 已发送给 1 个客户端, seq=undefined
[Broadcast] 画布 canvas-2c4267c4daf5: 已发送给 1 个客户端, seq=undefined
[Broadcast] 画布 canvas-2c4267c4daf5: 已发送给 1 个客户端, seq=undefined
[Broadcast] 画布 canvas-2c4267c4daf5: 已发送给 1 个客户端, seq=undefined
[Broadcast] 画布 canvas-2c4267c4daf5: 已发送给 1 个客户端, seq=undefined
[Broadcast] 画布 canvas-2c4267c4daf5: 已发送给 1 个客户端, seq=undefined
[Broadcast] 画布 canvas-2c4267c4daf5: 已发送给 1 个客户端, seq=undefined
[Broadcast] 画布 canvas-2c4267c4daf5: 已发送给 1 个客户端, seq=undefined
[Broadcast] 画布 canvas-2c4267c4daf5: 已发送给 1 个客户端, seq=undefined
[Broadcast] 画布 canvas-2c4267c4daf5: 已发送给 1 个客户端, seq=undefined
[Broadcast] 画布 canvas-2c4267c4daf5: 已发送给 1 个客户端, seq=undefined
[Broadcast] 画布 canvas-2c4267c4daf5: 已发送给 1 个客户端, seq=undefined
[Broadcast] 画布 canvas-2c4267c4daf5: 已发送给 1 个客户端, seq=undefined
[Broadcast] 画布 canvas-2c4267c4daf5: 已发送给 1 个客户端, seq=undefined
[Broadcast] 画布 canvas-2c4267c4daf5: 已发送给 1 个客户端, seq=undefined
[Broadcast] 画布 canvas-2c4267c4daf5: 已发送给 1 个客户端, seq=undefined
[Broadcast] 画布 canvas-2c4267c4daf5: 已发送给 1 个客户端, seq=undefined
[Broadcast] 画布 canvas-2c4267c4daf5: 已发送给 1 个客户端, seq=undefined
[Broadcast] 画布 canvas-2c4267c4daf5: 已发送给 1 个客户端, seq=undefined
[消息] userId=test03, canvas=canvas-2c4267c4daf5, action=presence, id=undefined, points=0
[Broadcast] 画布 canvas-2c4267c4daf5: 已发送给 1 个客户端, seq=25846
[Broadcast] 画布 canvas-2c4267c4daf5: 已发送给 1 个客户端, seq=undefined
[Broadcast] 画布 canvas-2c4267c4daf5: 已发送给 1 个客户端, seq=undefined
[Broadcast] 画布 canvas-2c4267c4daf5: 已发送给 1 个客户端, seq=undefined
[Broadcast] 画布 canvas-2c4267c4daf5: 已发送给 1 个客户端, seq=undefined
[Kafka] 批量保存完成: count=1, excluded=0, reason=schedule
[Broadcast] 画布 canvas-2c4267c4daf5: 已发送给 1 个客户端, seq=undefined
[Broadcast] 画布 canvas-2c4267c4daf5: 已发送给 1 个客户端, seq=undefined
[Broadcast] 画布 canvas-2c4267c4daf5: 已发送给 1 个客户端, seq=undefined
[Broadcast] 画布 canvas-2c4267c4daf5: 已发送给 1 个客户端, seq=undefined
[Broadcast] 画布 canvas-2c4267c4daf5: 已发送给 1 个客户端, seq=undefined
[Broadcast] 画布 canvas-2c4267c4daf5: 已发送给 1 个客户端, seq=undefined
[Broadcast] 画布 canvas-2c4267c4daf5: 已发送给 1 个客户端, seq=undefined
[Broadcast] 画布 canvas-2c4267c4daf5: 已发送给 1 个客户端, seq=undefined
[Broadcast] 画布 canvas-2c4267c4daf5: 已发送给 1 个客户端, seq=undefined
[Broadcast] 画布 canvas-2c4267c4daf5: 已发送给 1 个客户端, seq=undefined
[消息] userId=test03, canvas=canvas-2c4267c4daf5, action=erase, id=b3de27b0-38c8-4cdf-aefd-5aa3b82f3802, points=23
[Broadcast] 画布 canvas-2c4267c4daf5: 已发送给 1 个客户端, seq=25847
[Broadcast] 画布 canvas-2c4267c4daf5: 已发送给 1 个客户端, seq=undefined
[Broadcast] 画布 canvas-2c4267c4daf5: 已发送给 1 个客户端, seq=undefined
[Kafka] 批量保存完成: count=1, excluded=0, reason=schedule
[Broadcast] 画布 canvas-2c4267c4daf5: 已发送给 1 个客户端, seq=undefined
[Broadcast] 画布 canvas-2c4267c4daf5: 已发送给 1 个客户端, seq=undefined
[Broadcast] 画布 canvas-2c4267c4daf5: 已发送给 1 个客户端, seq=undefined
[Broadcast] 画布 canvas-2c4267c4daf5: 已发送给 1 个客户端, seq=undefined
[消息] userId=test03, canvas=canvas-2c4267c4daf5, action=presence, id=undefined, points=0
[Broadcast] 画布 canvas-2c4267c4daf5: 已发送给 1 个客户端, seq=25848
[Kafka] 批量保存完成: count=1, excluded=0, reason=schedule
[Broadcast] 画布 canvas-2c4267c4daf5: 已发送给 1 个客户端, seq=undefined
[Broadcast] 画布 canvas-2c4267c4daf5: 已发送给 1 个客户端, seq=undefined
[Broadcast] 画布 canvas-2c4267c4daf5: 已发送给 1 个客户端, seq=undefined
[Broadcast] 画布 canvas-2c4267c4daf5: 已发送给 1 个客户端, seq=undefined
[Broadcast] 画布 canvas-2c4267c4daf5: 已发送给 1 个客户端, seq=undefined
[Broadcast] 画布 canvas-2c4267c4daf5: 已发送给 1 个客户端, seq=undefined
[消息] userId=test03, canvas=canvas-2c4267c4daf5, action=stroke, id=7e1b9993-73dc-4b26-965a-a565d7e378a3, points=1
[Broadcast] 画布 canvas-2c4267c4daf5: 已发送给 1 个客户端, seq=25849
[Kafka] 批量保存完成: count=1, excluded=0, reason=schedule
[Broadcast] 画布 canvas-2c4267c4daf5: 已发送给 1 个客户端, seq=undefined
[Broadcast] 画布 canvas-2c4267c4daf5: 已发送给 1 个客户端, seq=undefined
[Broadcast] 画布 canvas-2c4267c4daf5: 已发送给 1 个客户端, seq=undefined
[Broadcast] 画布 canvas-2c4267c4daf5: 已发送给 1 个客户端, seq=undefined
[Broadcast] 画布 canvas-2c4267c4daf5: 已发送给 1 个客户端, seq=undefined
[Broadcast] 画布 canvas-2c4267c4daf5: 已发送给 1 个客户端, seq=undefined
[Broadcast] 画布 canvas-2c4267c4daf5: 已发送给 1 个客户端, seq=undefined
[Broadcast] 画布 canvas-2c4267c4daf5: 已发送给 1 个客户端, seq=undefined
[消息] userId=test03, canvas=canvas-2c4267c4daf5, action=presence, id=undefined, points=0
[Broadcast] 画布 canvas-2c4267c4daf5: 已发送给 1 个客户端, seq=undefined
[Broadcast] 画布 canvas-2c4267c4daf5: 已发送给 1 个客户端, seq=25850
[Snapshot] 画布 canvas-2c4267c4daf5 生成快照，sequence_id=25849，笔画数=268，SVG大小=35853字节
[Broadcast] 画布 canvas-2c4267c4daf5: 已发送给 1 个客户端, seq=undefined
[Broadcast] 画布 canvas-2c4267c4daf5: 已发送给 1 个客户端, seq=undefined
[Broadcast] 画布 canvas-2c4267c4daf5: 已发送给 1 个客户端, seq=undefined
[Broadcast] 画布 canvas-2c4267c4daf5: 已发送给 1 个客户端, seq=undefined
[Kafka] 批量保存完成: count=1, excluded=0, reason=schedule
[Broadcast] 画布 canvas-2c4267c4daf5: 已发送给 1 个客户端, seq=undefined
[Broadcast] 画布 canvas-2c4267c4daf5: 已发送给 1 个客户端, seq=undefined
[Broadcast] 画布 canvas-2c4267c4daf5: 已发送给 1 个客户端, seq=undefined
[Broadcast] 画布 canvas-2c4267c4daf5: 已发送给 1 个客户端, seq=undefined
[Broadcast] 画布 canvas-2c4267c4daf5: 已发送给 1 个客户端, seq=undefined
[Broadcast] 画布 canvas-2c4267c4daf5: 已发送给 1 个客户端, seq=undefined
[Broadcast] 画布 canvas-2c4267c4daf5: 已发送给 1 个客户端, seq=undefined
[Broadcast] 画布 canvas-2c4267c4daf5: 已发送给 1 个客户端, seq=undefined
[Broadcast] 画布 canvas-2c4267c4daf5: 已发送给 1 个客户端, seq=undefined
[Broadcast] 画布 canvas-2c4267c4daf5: 已发送给 1 个客户端, seq=undefined
[Broadcast] 画布 canvas-2c4267c4daf5: 已发送给 1 个客户端, seq=undefined
[Broadcast] 画布 canvas-2c4267c4daf5: 已发送给 1 个客户端, seq=undefined
[Broadcast] 画布 canvas-2c4267c4daf5: 已发送给 1 个客户端, seq=undefined
[Broadcast] 画布 canvas-2c4267c4daf5: 已发送给 1 个客户端, seq=undefined
[Broadcast] 画布 canvas-2c4267c4daf5: 已发送给 1 个客户端, seq=undefined
[Broadcast] 画布 canvas-2c4267c4daf5: 已发送给 1 个客户端, seq=undefined
[Broadcast] 画布 canvas-2c4267c4daf5: 已发送给 1 个客户端, seq=undefined
[Broadcast] 画布 canvas-2c4267c4daf5: 已发送给 1 个客户端, seq=undefined
[Broadcast] 画布 canvas-2c4267c4daf5: 已发送给 1 个客户端, seq=undefined
[Broadcast] 画布 canvas-2c4267c4daf5: 已发送给 1 个客户端, seq=undefined
[Broadcast] 画布 canvas-2c4267c4daf5: 已发送给 1 个客户端, seq=undefined
[Broadcast] 画布 canvas-2c4267c4daf5: 已发送给 1 个客户端, seq=undefined
[Broadcast] 画布 canvas-2c4267c4daf5: 已发送给 1 个客户端, seq=undefined
[Broadcast] 画布 canvas-2c4267c4daf5: 已发送给 1 个客户端, seq=undefined
[Broadcast] 画布 canvas-2c4267c4daf5: 已发送给 1 个客户端, seq=undefined
[Broadcast] 画布 canvas-2c4267c4daf5: 已发送给 1 个客户端, seq=undefined
[Broadcast] 画布 canvas-2c4267c4daf5: 已发送给 1 个客户端, seq=undefined
[Broadcast] 画布 canvas-2c4267c4daf5: 已发送给 1 个客户端, seq=undefined
[Broadcast] 画布 canvas-2c4267c4daf5: 已发送给 1 个客户端, seq=undefined
[Broadcast] 画布 canvas-2c4267c4daf5: 已发送给 1 个客户端, seq=undefined
[Broadcast] 画布 canvas-2c4267c4daf5: 已发送给 1 个客户端, seq=undefined
[Broadcast] 画布 canvas-2c4267c4daf5: 已发送给 1 个客户端, seq=undefined
[Broadcast] 画布 canvas-2c4267c4daf5: 已发送给 1 个客户端, seq=undefined
[Broadcast] 画布 canvas-2c4267c4daf5: 已发送给 1 个客户端, seq=undefined
[Broadcast] 画布 canvas-2c4267c4daf5: 已发送给 1 个客户端, seq=undefined
[Broadcast] 画布 canvas-2c4267c4daf5: 已发送给 1 个客户端, seq=undefined
[Broadcast] 画布 canvas-2c4267c4daf5: 已发送给 1 个客户端, seq=undefined
[Broadcast] 画布 canvas-2c4267c4daf5: 已发送给 1 个客户端, seq=undefined
[Broadcast] 画布 canvas-2c4267c4daf5: 已发送给 1 个客户端, seq=undefined
[Broadcast] 画布 canvas-2c4267c4daf5: 已发送给 1 个客户端, seq=undefined
[Broadcast] 画布 canvas-2c4267c4daf5: 已发送给 1 个客户端, seq=undefined
[Broadcast] 画布 canvas-2c4267c4daf5: 已发送给 1 个客户端, seq=undefined
[Broadcast] 画布 canvas-2c4267c4daf5: 已发送给 1 个客户端, seq=undefined
[Broadcast] 画布 canvas-2c4267c4daf5: 已发送给 1 个客户端, seq=undefined
[Broadcast] 画布 canvas-2c4267c4daf5: 已发送给 1 个客户端, seq=undefined
[Broadcast] 画布 canvas-2c4267c4daf5: 已发送给 1 个客户端, seq=undefined
[Broadcast] 画布 canvas-2c4267c4daf5: 已发送给 1 个客户端, seq=undefined
[Broadcast] 画布 canvas-2c4267c4daf5: 已发送给 1 个客户端, seq=undefined
[Broadcast] 画布 canvas-2c4267c4daf5: 已发送给 1 个客户端, seq=undefined
[Broadcast] 画布 canvas-2c4267c4daf5: 已发送给 1 个客户端, seq=undefined
[Broadcast] 画布 canvas-2c4267c4daf5: 已发送给 1 个客户端, seq=undefined
[Broadcast] 画布 canvas-2c4267c4daf5: 已发送给 1 个客户端, seq=undefined
[Broadcast] 画布 canvas-2c4267c4daf5: 已发送给 1 个客户端, seq=undefined
[Broadcast] 画布 canvas-2c4267c4daf5: 已发送给 1 个客户端, seq=undefined
[Broadcast] 画布 canvas-2c4267c4daf5: 已发送给 1 个客户端, seq=undefined
[Broadcast] 画布 canvas-2c4267c4daf5: 已发送给 1 个客户端, seq=undefined
[Broadcast] 画布 canvas-2c4267c4daf5: 已发送给 1 个客户端, seq=undefined
[Broadcast] 画布 canvas-2c4267c4daf5: 已发送给 1 个客户端, seq=undefined
[Broadcast] 画布 canvas-2c4267c4daf5: 已发送给 1 个客户端, seq=undefined
[消息] userId=test03, canvas=canvas-2c4267c4daf5, action=stroke, id=c6c352cd-e477-4a70-b5d5-4317246bcc66, points=53
[Broadcast] 画布 canvas-2c4267c4daf5: 已发送给 1 个客户端, seq=25851
[Broadcast] 画布 canvas-2c4267c4daf5: 已发送给 1 个客户端, seq=undefined
[Broadcast] 画布 canvas-2c4267c4daf5: 已发送给 1 个客户端, seq=undefined
[Broadcast] 画布 canvas-2c4267c4daf5: 已发送给 1 个客户端, seq=undefined
[Broadcast] 画布 canvas-2c4267c4daf5: 已发送给 1 个客户端, seq=undefined
[Broadcast] 画布 canvas-2c4267c4daf5: 已发送给 1 个客户端, seq=undefined
[Broadcast] 画布 canvas-2c4267c4daf5: 已发送给 1 个客户端, seq=undefined
[Broadcast] 画布 canvas-2c4267c4daf5: 已发送给 1 个客户端, seq=undefined
[Broadcast] 画布 canvas-2c4267c4daf5: 已发送给 1 个客户端, seq=undefined
[Broadcast] 画布 canvas-2c4267c4daf5: 已发送给 1 个客户端, seq=undefined
[消息] userId=test03, canvas=canvas-2c4267c4daf5, action=presence, id=undefined, points=0
[Broadcast] 画布 canvas-2c4267c4daf5: 已发送给 1 个客户端, seq=25852
[Broadcast] 画布 canvas-2c4267c4daf5: 已发送给 1 个客户端, seq=undefined
[Broadcast] 画布 canvas-2c4267c4daf5: 已发送给 1 个客户端, seq=undefined
[Broadcast] 画布 canvas-2c4267c4daf5: 已发送给 1 个客户端, seq=undefined
[Broadcast] 画布 canvas-2c4267c4daf5: 已发送给 1 个客户端, seq=undefined
[Broadcast] 画布 canvas-2c4267c4daf5: 已发送给 1 个客户端, seq=undefined
[Broadcast] 画布 canvas-2c4267c4daf5: 已发送给 1 个客户端, seq=undefined
[Broadcast] 画布 canvas-2c4267c4daf5: 已发送给 1 个客户端, seq=undefined
[Kafka] 批量保存完成: count=2, excluded=0, reason=schedule
[Broadcast] 画布 canvas-2c4267c4daf5: 已发送给 1 个客户端, seq=undefined
[Broadcast] 画布 canvas-2c4267c4daf5: 已发送给 1 个客户端, seq=undefined
[Broadcast] 画布 canvas-2c4267c4daf5: 已发送给 1 个客户端, seq=undefined
[Broadcast] 画布 canvas-2c4267c4daf5: 已发送给 1 个客户端, seq=undefined
[Broadcast] 画布 canvas-2c4267c4daf5: 已发送给 1 个客户端, seq=undefined
[Broadcast] 画布 canvas-2c4267c4daf5: 已发送给 1 个客户端, seq=undefined
[Broadcast] 画布 canvas-2c4267c4daf5: 已发送给 1 个客户端, seq=undefined
[Broadcast] 画布 canvas-2c4267c4daf5: 已发送给 1 个客户端, seq=undefined
[Broadcast] 画布 canvas-2c4267c4daf5: 已发送给 1 个客户端, seq=undefined
[Broadcast] 画布 canvas-2c4267c4daf5: 已发送给 1 个客户端, seq=undefined
[Broadcast] 画布 canvas-2c4267c4daf5: 已发送给 1 个客户端, seq=undefined
[Broadcast] 画布 canvas-2c4267c4daf5: 已发送给 1 个客户端, seq=undefined
[Broadcast] 画布 canvas-2c4267c4daf5: 已发送给 1 个客户端, seq=undefined
[Broadcast] 画布 canvas-2c4267c4daf5: 已发送给 1 个客户端, seq=undefined
[Broadcast] 画布 canvas-2c4267c4daf5: 已发送给 1 个客户端, seq=undefined
[Broadcast] 画布 canvas-2c4267c4daf5: 已发送给 1 个客户端, seq=undefined
[Broadcast] 画布 canvas-2c4267c4daf5: 已发送给 1 个客户端, seq=undefined
[Broadcast] 画布 canvas-2c4267c4daf5: 已发送给 1 个客户端, seq=undefined
[Broadcast] 画布 canvas-2c4267c4daf5: 已发送给 1 个客户端, seq=undefined
[Broadcast] 画布 canvas-2c4267c4daf5: 已发送给 1 个客户端, seq=undefined
[Broadcast] 画布 canvas-2c4267c4daf5: 已发送给 1 个客户端, seq=undefined
[Broadcast] 画布 canvas-2c4267c4daf5: 已发送给 1 个客户端, seq=undefined
[Broadcast] 画布 canvas-2c4267c4daf5: 已发送给 1 个客户端, seq=undefined
[消息] userId=test03, canvas=canvas-2c4267c4daf5, action=presence, id=undefined, points=0
[Broadcast] 画布 canvas-2c4267c4daf5: 已发送给 1 个客户端, seq=25853
[Kafka] 批量保存完成: count=1, excluded=0, reason=schedule
[消息] userId=test03, canvas=canvas-2c4267c4daf5, action=clear, id=undefined, points=0
[Clear] 用户 test03 清空了画布 canvas-2c4267c4daf5
[Broadcast] 画布 canvas-2c4267c4daf5: 已发送给 1 个客户端, seq=25854
[Broadcast] 画布 canvas-2c4267c4daf5: 已发送给 1 个客户端, seq=undefined
[Broadcast] 画布 canvas-2c4267c4daf5: 已发送给 1 个客户端, seq=undefined
[Broadcast] 画布 canvas-2c4267c4daf5: 已发送给 1 个客户端, seq=undefined
[Broadcast] 画布 canvas-2c4267c4daf5: 已发送给 1 个客户端, seq=undefined
[Broadcast] 画布 canvas-2c4267c4daf5: 已发送给 1 个客户端, seq=undefined
[Broadcast] 画布 canvas-2c4267c4daf5: 已发送给 1 个客户端, seq=undefined
[Broadcast] 画布 canvas-2c4267c4daf5: 已发送给 1 个客户端, seq=undefined
[消息] userId=test03, canvas=canvas-2c4267c4daf5, action=presence, id=undefined, points=0
[Broadcast] 画布 canvas-2c4267c4daf5: 已发送给 1 个客户端, seq=25855
[Broadcast] 画布 canvas-2c4267c4daf5: 已发送给 1 个客户端, seq=undefined
[Broadcast] 画布 canvas-2c4267c4daf5: 已发送给 1 个客户端, seq=undefined
[Broadcast] 画布 canvas-2c4267c4daf5: 已发送给 1 个客户端, seq=undefined
[Broadcast] 画布 canvas-2c4267c4daf5: 已发送给 1 个客户端, seq=undefined
[Broadcast] 画布 canvas-2c4267c4daf5: 已发送给 1 个客户端, seq=undefined
[Kafka] 批量保存完成: count=1, excluded=0, reason=schedule
[Broadcast] 画布 canvas-2c4267c4daf5: 已发送给 1 个客户端, seq=undefined
[Broadcast] 画布 canvas-2c4267c4daf5: 已发送给 1 个客户端, seq=undefined
[Broadcast] 画布 canvas-2c4267c4daf5: 已发送给 1 个客户端, seq=undefined
[Broadcast] 画布 canvas-2c4267c4daf5: 已发送给 1 个客户端, seq=undefined
[Broadcast] 画布 canvas-2c4267c4daf5: 已发送给 1 个客户端, seq=undefined
[Broadcast] 画布 canvas-2c4267c4daf5: 已发送给 1 个客户端, seq=undefined
[Broadcast] 画布 canvas-2c4267c4daf5: 已发送给 1 个客户端, seq=undefined
[Broadcast] 画布 canvas-2c4267c4daf5: 已发送给 1 个客户端, seq=undefined
[Broadcast] 画布 canvas-2c4267c4daf5: 已发送给 1 个客户端, seq=undefined
[Broadcast] 画布 canvas-2c4267c4daf5: 已发送给 1 个客户端, seq=undefined
[Broadcast] 画布 canvas-2c4267c4daf5: 已发送给 1 个客户端, seq=undefined
[Broadcast] 画布 canvas-2c4267c4daf5: 已发送给 1 个客户端, seq=undefined
[Broadcast] 画布 canvas-2c4267c4daf5: 已发送给 1 个客户端, seq=undefined
[Broadcast] 画布 canvas-2c4267c4daf5: 已发送给 1 个客户端, seq=undefined
[Broadcast] 画布 canvas-2c4267c4daf5: 已发送给 1 个客户端, seq=undefined
[Broadcast] 画布 canvas-2c4267c4daf5: 已发送给 1 个客户端, seq=undefined
[Broadcast] 画布 canvas-2c4267c4daf5: 已发送给 1 个客户端, seq=undefined
[Broadcast] 画布 canvas-2c4267c4daf5: 已发送给 1 个客户端, seq=undefined
[Broadcast] 画布 canvas-2c4267c4daf5: 已发送给 1 个客户端, seq=undefined
[Broadcast] 画布 canvas-2c4267c4daf5: 已发送给 1 个客户端, seq=undefined
[Broadcast] 画布 canvas-2c4267c4daf5: 已发送给 1 个客户端, seq=undefined
[Broadcast] 画布 canvas-2c4267c4daf5: 已发送给 1 个客户端, seq=undefined
[Broadcast] 画布 canvas-2c4267c4daf5: 已发送给 1 个客户端, seq=undefined
[Broadcast] 画布 canvas-2c4267c4daf5: 已发送给 1 个客户端, seq=undefined
[Broadcast] 画布 canvas-2c4267c4daf5: 已发送给 1 个客户端, seq=undefined
[Broadcast] 画布 canvas-2c4267c4daf5: 已发送给 1 个客户端, seq=undefined
[Broadcast] 画布 canvas-2c4267c4daf5: 已发送给 1 个客户端, seq=undefined
[Broadcast] 画布 canvas-2c4267c4daf5: 已发送给 1 个客户端, seq=undefined
[Broadcast] 画布 canvas-2c4267c4daf5: 已发送给 1 个客户端, seq=undefined
[Broadcast] 画布 canvas-2c4267c4daf5: 已发送给 1 个客户端, seq=undefined
[Broadcast] 画布 canvas-2c4267c4daf5: 已发送给 1 个客户端, seq=undefined
[Broadcast] 画布 canvas-2c4267c4daf5: 已发送给 1 个客户端, seq=undefined
[Broadcast] 画布 canvas-2c4267c4daf5: 已发送给 1 个客户端, seq=undefined
[Broadcast] 画布 canvas-2c4267c4daf5: 已发送给 1 个客户端, seq=undefined
[Broadcast] 画布 canvas-2c4267c4daf5: 已发送给 1 个客户端, seq=undefined
[Broadcast] 画布 canvas-2c4267c4daf5: 已发送给 1 个客户端, seq=undefined
[Broadcast] 画布 canvas-2c4267c4daf5: 已发送给 1 个客户端, seq=undefined
[Broadcast] 画布 canvas-2c4267c4daf5: 已发送给 1 个客户端, seq=undefined
[Broadcast] 画布 canvas-2c4267c4daf5: 已发送给 1 个客户端, seq=undefined
[Broadcast] 画布 canvas-2c4267c4daf5: 已发送给 1 个客户端, seq=undefined
[Broadcast] 画布 canvas-2c4267c4daf5: 已发送给 1 个客户端, seq=undefined
[Broadcast] 画布 canvas-2c4267c4daf5: 已发送给 1 个客户端, seq=undefined
[Broadcast] 画布 canvas-2c4267c4daf5: 已发送给 1 个客户端, seq=undefined
[Broadcast] 画布 canvas-2c4267c4daf5: 已发送给 1 个客户端, seq=undefined
[Broadcast] 画布 canvas-2c4267c4daf5: 已发送给 1 个客户端, seq=undefined
[Broadcast] 画布 canvas-2c4267c4daf5: 已发送给 1 个客户端, seq=undefined
[Broadcast] 画布 canvas-2c4267c4daf5: 已发送给 1 个客户端, seq=undefined
[Broadcast] 画布 canvas-2c4267c4daf5: 已发送给 1 个客户端, seq=undefined
[消息] userId=test03, canvas=canvas-2c4267c4daf5, action=presence, id=undefined, points=0
[Broadcast] 画布 canvas-2c4267c4daf5: 已发送给 1 个客户端, seq=25856
[Broadcast] 画布 canvas-2c4267c4daf5: 已发送给 1 个客户端, seq=undefined
[Broadcast] 画布 canvas-2c4267c4daf5: 已发送给 1 个客户端, seq=undefined
[Broadcast] 画布 canvas-2c4267c4daf5: 已发送给 1 个客户端, seq=undefined
[Broadcast] 画布 canvas-2c4267c4daf5: 已发送给 1 个客户端, seq=undefined
[Broadcast] 画布 canvas-2c4267c4daf5: 已发送给 1 个客户端, seq=undefined
[Broadcast] 画布 canvas-2c4267c4daf5: 已发送给 1 个客户端, seq=undefined
[Broadcast] 画布 canvas-2c4267c4daf5: 已发送给 1 个客户端, seq=undefined
[Broadcast] 画布 canvas-2c4267c4daf5: 已发送给 1 个客户端, seq=undefined
[Broadcast] 画布 canvas-2c4267c4daf5: 已发送给 1 个客户端, seq=undefined
[Kafka] 批量保存完成: count=1, excluded=0, reason=schedule
[Broadcast] 画布 canvas-2c4267c4daf5: 已发送给 1 个客户端, seq=undefined
[Broadcast] 画布 canvas-2c4267c4daf5: 已发送给 1 个客户端, seq=undefined
[Broadcast] 画布 canvas-2c4267c4daf5: 已发送给 1 个客户端, seq=undefined
[Broadcast] 画布 canvas-2c4267c4daf5: 已发送给 1 个客户端, seq=undefined
[Broadcast] 画布 canvas-2c4267c4daf5: 已发送给 1 个客户端, seq=undefined
[Broadcast] 画布 canvas-2c4267c4daf5: 已发送给 1 个客户端, seq=undefined
[Broadcast] 画布 canvas-2c4267c4daf5: 已发送给 1 个客户端, seq=undefined
[Broadcast] 画布 canvas-2c4267c4daf5: 已发送给 1 个客户端, seq=undefined
[Broadcast] 画布 canvas-2c4267c4daf5: 已发送给 1 个客户端, seq=undefined
[Broadcast] 画布 canvas-2c4267c4daf5: 已发送给 1 个客户端, seq=undefined
[Broadcast] 画布 canvas-2c4267c4daf5: 已发送给 1 个客户端, seq=undefined
[Broadcast] 画布 canvas-2c4267c4daf5: 已发送给 1 个客户端, seq=undefined
[Broadcast] 画布 canvas-2c4267c4daf5: 已发送给 1 个客户端, seq=undefined
[Broadcast] 画布 canvas-2c4267c4daf5: 已发送给 1 个客户端, seq=undefined
[Broadcast] 画布 canvas-2c4267c4daf5: 已发送给 1 个客户端, seq=undefined
[Broadcast] 画布 canvas-2c4267c4daf5: 已发送给 1 个客户端, seq=undefined
[Broadcast] 画布 canvas-2c4267c4daf5: 已发送给 1 个客户端, seq=undefined
[Broadcast] 画布 canvas-2c4267c4daf5: 已发送给 1 个客户端, seq=undefined
[Broadcast] 画布 canvas-2c4267c4daf5: 已发送给 1 个客户端, seq=undefined
[Broadcast] 画布 canvas-2c4267c4daf5: 已发送给 1 个客户端, seq=undefined
[Broadcast] 画布 canvas-2c4267c4daf5: 已发送给 1 个客户端, seq=undefined
[Broadcast] 画布 canvas-2c4267c4daf5: 已发送给 1 个客户端, seq=undefined
[Broadcast] 画布 canvas-2c4267c4daf5: 已发送给 1 个客户端, seq=undefined
[Broadcast] 画布 canvas-2c4267c4daf5: 已发送给 1 个客户端, seq=undefined
[Broadcast] 画布 canvas-2c4267c4daf5: 已发送给 1 个客户端, seq=undefined
[Broadcast] 画布 canvas-2c4267c4daf5: 已发送给 1 个客户端, seq=undefined
[Broadcast] 画布 canvas-2c4267c4daf5: 已发送给 1 个客户端, seq=undefined
[Broadcast] 画布 canvas-2c4267c4daf5: 已发送给 1 个客户端, seq=undefined
[Broadcast] 画布 canvas-2c4267c4daf5: 已发送给 1 个客户端, seq=undefined
[Broadcast] 画布 canvas-2c4267c4daf5: 已发送给 1 个客户端, seq=undefined
[Broadcast] 画布 canvas-2c4267c4daf5: 已发送给 1 个客户端, seq=undefined
[Broadcast] 画布 canvas-2c4267c4daf5: 已发送给 1 个客户端, seq=undefined
[Broadcast] 画布 canvas-2c4267c4daf5: 已发送给 1 个客户端, seq=undefined
[Broadcast] 画布 canvas-2c4267c4daf5: 已发送给 1 个客户端, seq=undefined
[Broadcast] 画布 canvas-2c4267c4daf5: 已发送给 1 个客户端, seq=undefined
[Broadcast] 画布 canvas-2c4267c4daf5: 已发送给 1 个客户端, seq=undefined
[Broadcast] 画布 canvas-2c4267c4daf5: 已发送给 1 个客户端, seq=undefined
[Broadcast] 画布 canvas-2c4267c4daf5: 已发送给 1 个客户端, seq=undefined
[Broadcast] 画布 canvas-2c4267c4daf5: 已发送给 1 个客户端, seq=undefined
[Broadcast] 画布 canvas-2c4267c4daf5: 已发送给 1 个客户端, seq=undefined
[Broadcast] 画布 canvas-2c4267c4daf5: 已发送给 1 个客户端, seq=undefined
[Broadcast] 画布 canvas-2c4267c4daf5: 已发送给 1 个客户端, seq=undefined
[Broadcast] 画布 canvas-2c4267c4daf5: 已发送给 1 个客户端, seq=undefined
[Broadcast] 画布 canvas-2c4267c4daf5: 已发送给 1 个客户端, seq=undefined
[Broadcast] 画布 canvas-2c4267c4daf5: 已发送给 1 个客户端, seq=undefined
[Broadcast] 画布 canvas-2c4267c4daf5: 已发送给 1 个客户端, seq=undefined
[Broadcast] 画布 canvas-2c4267c4daf5: 已发送给 1 个客户端, seq=undefined
[Broadcast] 画布 canvas-2c4267c4daf5: 已发送给 1 个客户端, seq=undefined
[Broadcast] 画布 canvas-2c4267c4daf5: 已发送给 1 个客户端, seq=undefined
[Broadcast] 画布 canvas-2c4267c4daf5: 已发送给 1 个客户端, seq=undefined
[Broadcast] 画布 canvas-2c4267c4daf5: 已发送给 1 个客户端, seq=undefined
[Broadcast] 画布 canvas-2c4267c4daf5: 已发送给 1 个客户端, seq=undefined
[Broadcast] 画布 canvas-2c4267c4daf5: 已发送给 1 个客户端, seq=undefined
[Broadcast] 画布 canvas-2c4267c4daf5: 已发送给 1 个客户端, seq=undefined
[Broadcast] 画布 canvas-2c4267c4daf5: 已发送给 1 个客户端, seq=undefined
[Broadcast] 画布 canvas-2c4267c4daf5: 已发送给 1 个客户端, seq=undefined
[Broadcast] 画布 canvas-2c4267c4daf5: 已发送给 1 个客户端, seq=undefined
[Broadcast] 画布 canvas-2c4267c4daf5: 已发送给 1 个客户端, seq=undefined
[Broadcast] 画布 canvas-2c4267c4daf5: 已发送给 1 个客户端, seq=undefined
[Broadcast] 画布 canvas-2c4267c4daf5: 已发送给 1 个客户端, seq=undefined
[Broadcast] 画布 canvas-2c4267c4daf5: 已发送给 1 个客户端, seq=undefined
[Broadcast] 画布 canvas-2c4267c4daf5: 已发送给 1 个客户端, seq=undefined
[Broadcast] 画布 canvas-2c4267c4daf5: 已发送给 1 个客户端, seq=undefined
[Broadcast] 画布 canvas-2c4267c4daf5: 已发送给 1 个客户端, seq=undefined
[Broadcast] 画布 canvas-2c4267c4daf5: 已发送给 1 个客户端, seq=undefined
[Broadcast] 画布 canvas-2c4267c4daf5: 已发送给 1 个客户端, seq=undefined
[Broadcast] 画布 canvas-2c4267c4daf5: 已发送给 1 个客户端, seq=undefined
[Broadcast] 画布 canvas-2c4267c4daf5: 已发送给 1 个客户端, seq=undefined
[Broadcast] 画布 canvas-2c4267c4daf5: 已发送给 1 个客户端, seq=undefined
[Broadcast] 画布 canvas-2c4267c4daf5: 已发送给 1 个客户端, seq=undefined
[Broadcast] 画布 canvas-2c4267c4daf5: 已发送给 1 个客户端, seq=undefined
[消息] userId=test03, canvas=canvas-2c4267c4daf5, action=stroke, id=027b432c-88bd-4a0a-bc06-4fc0dfcb1793, points=132
[Broadcast] 画布 canvas-2c4267c4daf5: 已发送给 1 个客户端, seq=25857
[Broadcast] 画布 canvas-2c4267c4daf5: 已发送给 1 个客户端, seq=undefined
[Broadcast] 画布 canvas-2c4267c4daf5: 已发送给 1 个客户端, seq=undefined
[Broadcast] 画布 canvas-2c4267c4daf5: 已发送给 1 个客户端, seq=undefined
[Broadcast] 画布 canvas-2c4267c4daf5: 已发送给 1 个客户端, seq=undefined
[Broadcast] 画布 canvas-2c4267c4daf5: 已发送给 1 个客户端, seq=undefined
[Kafka] 批量保存完成: count=1, excluded=0, reason=schedule
[Broadcast] 画布 canvas-2c4267c4daf5: 已发送给 1 个客户端, seq=undefined
[Broadcast] 画布 canvas-2c4267c4daf5: 已发送给 1 个客户端, seq=undefined
[Broadcast] 画布 canvas-2c4267c4daf5: 已发送给 1 个客户端, seq=undefined
[Broadcast] 画布 canvas-2c4267c4daf5: 已发送给 1 个客户端, seq=undefined
[Broadcast] 画布 canvas-2c4267c4daf5: 已发送给 1 个客户端, seq=undefined
[消息] userId=test03, canvas=canvas-2c4267c4daf5, action=presence, id=undefined, points=0
[Broadcast] 画布 canvas-2c4267c4daf5: 已发送给 1 个客户端, seq=25858
[Kafka] 批量保存完成: count=1, excluded=0, reason=schedule
[消息] userId=test03, canvas=canvas-2c4267c4daf5, action=undo, id=undefined, points=0
[Undo] 调用 deleteStrokeById(027b432c-88bd-4a0a-bc06-4fc0dfcb1793)
[MongoDB] deleteStrokeById(027b432c-88bd-4a0a-bc06-4fc0dfcb1793): deleted=1
[Undo] MongoDB 删除完成
[Undo] 用户 test03 撤销了笔画 027b432c-88bd-4a0a-bc06-4fc0dfcb1793（画布 canvas-2c4267c4daf5）
[Undo] deletedStroke 详情: {"stroke_id":"027b432c-88bd-4a0a-bc06-4fc0dfcb1793","canvas_id":"canvas-2c4267c4daf5","sequence_id":25857}
[Broadcast] 画布 canvas-2c4267c4daf5: 已发送给 1 个客户端, seq=25859
[Broadcast] 画布 canvas-2c4267c4daf5: 已发送给 1 个客户端, seq=undefined
[Broadcast] 画布 canvas-2c4267c4daf5: 已发送给 1 个客户端, seq=undefined
[Broadcast] 画布 canvas-2c4267c4daf5: 已发送给 1 个客户端, seq=undefined
[Broadcast] 画布 canvas-2c4267c4daf5: 已发送给 1 个客户端, seq=undefined
[Broadcast] 画布 canvas-2c4267c4daf5: 已发送给 1 个客户端, seq=undefined
[Broadcast] 画布 canvas-2c4267c4daf5: 已发送给 1 个客户端, seq=undefined
[Broadcast] 画布 canvas-2c4267c4daf5: 已发送给 1 个客户端, seq=undefined
[消息] userId=test03, canvas=canvas-2c4267c4daf5, action=presence, id=undefined, points=0
[Broadcast] 画布 canvas-2c4267c4daf5: 已发送给 1 个客户端, seq=25860
[Broadcast] 画布 canvas-2c4267c4daf5: 已发送给 1 个客户端, seq=undefined
[Broadcast] 画布 canvas-2c4267c4daf5: 已发送给 1 个客户端, seq=undefined
[Broadcast] 画布 canvas-2c4267c4daf5: 已发送给 1 个客户端, seq=undefined
[Broadcast] 画布 canvas-2c4267c4daf5: 已发送给 1 个客户端, seq=undefined
[Broadcast] 画布 canvas-2c4267c4daf5: 已发送给 1 个客户端, seq=undefined
[Broadcast] 画布 canvas-2c4267c4daf5: 已发送给 1 个客户端, seq=undefined
[Broadcast] 画布 canvas-2c4267c4daf5: 已发送给 1 个客户端, seq=undefined
[Broadcast] 画布 canvas-2c4267c4daf5: 已发送给 1 个客户端, seq=undefined
[Broadcast] 画布 canvas-2c4267c4daf5: 已发送给 1 个客户端, seq=undefined
[Broadcast] 画布 canvas-2c4267c4daf5: 已发送给 1 个客户端, seq=undefined
[Kafka] 批量保存完成: count=1, excluded=0, reason=schedule
[Broadcast] 画布 canvas-2c4267c4daf5: 已发送给 1 个客户端, seq=undefined
[Broadcast] 画布 canvas-2c4267c4daf5: 已发送给 1 个客户端, seq=undefined
[Broadcast] 画布 canvas-2c4267c4daf5: 已发送给 1 个客户端, seq=undefined
[Broadcast] 画布 canvas-2c4267c4daf5: 已发送给 1 个客户端, seq=undefined
[Broadcast] 画布 canvas-2c4267c4daf5: 已发送给 1 个客户端, seq=undefined
[Broadcast] 画布 canvas-2c4267c4daf5: 已发送给 1 个客户端, seq=undefined
[Broadcast] 画布 canvas-2c4267c4daf5: 已发送给 1 个客户端, seq=undefined
[Broadcast] 画布 canvas-2c4267c4daf5: 已发送给 1 个客户端, seq=undefined
[Broadcast] 画布 canvas-2c4267c4daf5: 已发送给 1 个客户端, seq=undefined
[Broadcast] 画布 canvas-2c4267c4daf5: 已发送给 1 个客户端, seq=undefined
[Broadcast] 画布 canvas-2c4267c4daf5: 已发送给 1 个客户端, seq=undefined
[Broadcast] 画布 canvas-2c4267c4daf5: 已发送给 1 个客户端, seq=undefined
[Broadcast] 画布 canvas-2c4267c4daf5: 已发送给 1 个客户端, seq=undefined
[Broadcast] 画布 canvas-2c4267c4daf5: 已发送给 1 个客户端, seq=undefined
[Broadcast] 画布 canvas-2c4267c4daf5: 已发送给 1 个客户端, seq=undefined
[Broadcast] 画布 canvas-2c4267c4daf5: 已发送给 1 个客户端, seq=undefined
[Broadcast] 画布 canvas-2c4267c4daf5: 已发送给 1 个客户端, seq=undefined
[Broadcast] 画布 canvas-2c4267c4daf5: 已发送给 1 个客户端, seq=undefined
[Broadcast] 画布 canvas-2c4267c4daf5: 已发送给 1 个客户端, seq=undefined
[Broadcast] 画布 canvas-2c4267c4daf5: 已发送给 1 个客户端, seq=undefined
[Broadcast] 画布 canvas-2c4267c4daf5: 已发送给 1 个客户端, seq=undefined
[Broadcast] 画布 canvas-2c4267c4daf5: 已发送给 1 个客户端, seq=undefined
[Broadcast] 画布 canvas-2c4267c4daf5: 已发送给 1 个客户端, seq=undefined
[Broadcast] 画布 canvas-2c4267c4daf5: 已发送给 1 个客户端, seq=undefined
[Broadcast] 画布 canvas-2c4267c4daf5: 已发送给 1 个客户端, seq=undefined
[Broadcast] 画布 canvas-2c4267c4daf5: 已发送给 1 个客户端, seq=undefined
[Broadcast] 画布 canvas-2c4267c4daf5: 已发送给 1 个客户端, seq=undefined
[Broadcast] 画布 canvas-2c4267c4daf5: 已发送给 1 个客户端, seq=undefined
[Broadcast] 画布 canvas-2c4267c4daf5: 已发送给 1 个客户端, seq=undefined
[Broadcast] 画布 canvas-2c4267c4daf5: 已发送给 1 个客户端, seq=undefined
[Broadcast] 画布 canvas-2c4267c4daf5: 已发送给 1 个客户端, seq=undefined
[Broadcast] 画布 canvas-2c4267c4daf5: 已发送给 1 个客户端, seq=undefined
[Broadcast] 画布 canvas-2c4267c4daf5: 已发送给 1 个客户端, seq=undefined
[Broadcast] 画布 canvas-2c4267c4daf5: 已发送给 1 个客户端, seq=undefined
[Broadcast] 画布 canvas-2c4267c4daf5: 已发送给 1 个客户端, seq=undefined
[Broadcast] 画布 canvas-2c4267c4daf5: 已发送给 1 个客户端, seq=undefined
[Broadcast] 画布 canvas-2c4267c4daf5: 已发送给 1 个客户端, seq=undefined
[Broadcast] 画布 canvas-2c4267c4daf5: 已发送给 1 个客户端, seq=undefined
[Broadcast] 画布 canvas-2c4267c4daf5: 已发送给 1 个客户端, seq=undefined
[Broadcast] 画布 canvas-2c4267c4daf5: 已发送给 1 个客户端, seq=undefined
[Broadcast] 画布 canvas-2c4267c4daf5: 已发送给 1 个客户端, seq=undefined
[Broadcast] 画布 canvas-2c4267c4daf5: 已发送给 1 个客户端, seq=undefined
[Broadcast] 画布 canvas-2c4267c4daf5: 已发送给 1 个客户端, seq=undefined
[Broadcast] 画布 canvas-2c4267c4daf5: 已发送给 1 个客户端, seq=undefined
[Broadcast] 画布 canvas-2c4267c4daf5: 已发送给 1 个客户端, seq=undefined
[Broadcast] 画布 canvas-2c4267c4daf5: 已发送给 1 个客户端, seq=undefined
[Broadcast] 画布 canvas-2c4267c4daf5: 已发送给 1 个客户端, seq=undefined
[Broadcast] 画布 canvas-2c4267c4daf5: 已发送给 1 个客户端, seq=undefined
[Broadcast] 画布 canvas-2c4267c4daf5: 已发送给 1 个客户端, seq=undefined
[Broadcast] 画布 canvas-2c4267c4daf5: 已发送给 1 个客户端, seq=undefined
[Broadcast] 画布 canvas-2c4267c4daf5: 已发送给 1 个客户端, seq=undefined
[Broadcast] 画布 canvas-2c4267c4daf5: 已发送给 1 个客户端, seq=undefined
[Broadcast] 画布 canvas-2c4267c4daf5: 已发送给 1 个客户端, seq=undefined
[Broadcast] 画布 canvas-2c4267c4daf5: 已发送给 1 个客户端, seq=undefined
[Broadcast] 画布 canvas-2c4267c4daf5: 已发送给 1 个客户端, seq=undefined
[Broadcast] 画布 canvas-2c4267c4daf5: 已发送给 1 个客户端, seq=undefined
[Broadcast] 画布 canvas-2c4267c4daf5: 已发送给 1 个客户端, seq=undefined
[Broadcast] 画布 canvas-2c4267c4daf5: 已发送给 1 个客户端, seq=undefined
[Broadcast] 画布 canvas-2c4267c4daf5: 已发送给 1 个客户端, seq=undefined
[Broadcast] 画布 canvas-2c4267c4daf5: 已发送给 1 个客户端, seq=undefined
[Broadcast] 画布 canvas-2c4267c4daf5: 已发送给 1 个客户端, seq=undefined
[Broadcast] 画布 canvas-2c4267c4daf5: 已发送给 1 个客户端, seq=undefined
[Broadcast] 画布 canvas-2c4267c4daf5: 已发送给 1 个客户端, seq=undefined
[Broadcast] 画布 canvas-2c4267c4daf5: 已发送给 1 个客户端, seq=undefined
[Broadcast] 画布 canvas-2c4267c4daf5: 已发送给 1 个客户端, seq=undefined
[Broadcast] 画布 canvas-2c4267c4daf5: 已发送给 1 个客户端, seq=undefined
[Broadcast] 画布 canvas-2c4267c4daf5: 已发送给 1 个客户端, seq=undefined
[Broadcast] 画布 canvas-2c4267c4daf5: 已发送给 1 个客户端, seq=undefined
[Broadcast] 画布 canvas-2c4267c4daf5: 已发送给 1 个客户端, seq=undefined
[Broadcast] 画布 canvas-2c4267c4daf5: 已发送给 1 个客户端, seq=undefined
[Broadcast] 画布 canvas-2c4267c4daf5: 已发送给 1 个客户端, seq=undefined
[Broadcast] 画布 canvas-2c4267c4daf5: 已发送给 1 个客户端, seq=undefined
[Broadcast] 画布 canvas-2c4267c4daf5: 已发送给 1 个客户端, seq=undefined
[Broadcast] 画布 canvas-2c4267c4daf5: 已发送给 1 个客户端, seq=undefined
[Broadcast] 画布 canvas-2c4267c4daf5: 已发送给 1 个客户端, seq=undefined
[Broadcast] 画布 canvas-2c4267c4daf5: 已发送给 1 个客户端, seq=undefined
[Broadcast] 画布 canvas-2c4267c4daf5: 已发送给 1 个客户端, seq=undefined
[Broadcast] 画布 canvas-2c4267c4daf5: 已发送给 1 个客户端, seq=undefined
[Broadcast] 画布 canvas-2c4267c4daf5: 已发送给 1 个客户端, seq=undefined
[Broadcast] 画布 canvas-2c4267c4daf5: 已发送给 1 个客户端, seq=undefined
[Broadcast] 画布 canvas-2c4267c4daf5: 已发送给 1 个客户端, seq=undefined
[消息] userId=test03, canvas=canvas-2c4267c4daf5, action=presence, id=undefined, points=0
[Broadcast] 画布 canvas-2c4267c4daf5: 已发送给 1 个客户端, seq=25861
[Broadcast] 画布 canvas-2c4267c4daf5: 已发送给 1 个客户端, seq=undefined
[Broadcast] 画布 canvas-2c4267c4daf5: 已发送给 1 个客户端, seq=undefined
[Broadcast] 画布 canvas-2c4267c4daf5: 已发送给 1 个客户端, seq=undefined
[Broadcast] 画布 canvas-2c4267c4daf5: 已发送给 1 个客户端, seq=undefined
[Broadcast] 画布 canvas-2c4267c4daf5: 已发送给 1 个客户端, seq=undefined
[Broadcast] 画布 canvas-2c4267c4daf5: 已发送给 1 个客户端, seq=undefined
[Broadcast] 画布 canvas-2c4267c4daf5: 已发送给 1 个客户端, seq=undefined
[消息] userId=test03, canvas=canvas-2c4267c4daf5, action=stroke, id=82a5ca2d-c85c-4544-bc26-8c9dd7a047b9, points=104
[Broadcast] 画布 canvas-2c4267c4daf5: 已发送给 1 个客户端, seq=25862
[Broadcast] 画布 canvas-2c4267c4daf5: 已发送给 1 个客户端, seq=undefined
[Broadcast] 画布 canvas-2c4267c4daf5: 已发送给 1 个客户端, seq=undefined
[Broadcast] 画布 canvas-2c4267c4daf5: 已发送给 1 个客户端, seq=undefined
[Broadcast] 画布 canvas-2c4267c4daf5: 已发送给 1 个客户端, seq=undefined
[Kafka] 批量保存完成: count=2, excluded=0, reason=schedule
[Broadcast] 画布 canvas-2c4267c4daf5: 已发送给 1 个客户端, seq=undefined
[Broadcast] 画布 canvas-2c4267c4daf5: 已发送给 1 个客户端, seq=undefined
[Broadcast] 画布 canvas-2c4267c4daf5: 已发送给 1 个客户端, seq=undefined
[Broadcast] 画布 canvas-2c4267c4daf5: 已发送给 1 个客户端, seq=undefined
[Broadcast] 画布 canvas-2c4267c4daf5: 已发送给 1 个客户端, seq=undefined
[Broadcast] 画布 canvas-2c4267c4daf5: 已发送给 1 个客户端, seq=undefined
[Broadcast] 画布 canvas-2c4267c4daf5: 已发送给 1 个客户端, seq=undefined
[Broadcast] 画布 canvas-2c4267c4daf5: 已发送给 1 个客户端, seq=undefined
[Broadcast] 画布 canvas-2c4267c4daf5: 已发送给 1 个客户端, seq=undefined
[Broadcast] 画布 canvas-2c4267c4daf5: 已发送给 1 个客户端, seq=undefined
[Broadcast] 画布 canvas-2c4267c4daf5: 已发送给 1 个客户端, seq=undefined
[Broadcast] 画布 canvas-2c4267c4daf5: 已发送给 1 个客户端, seq=undefined
[Broadcast] 画布 canvas-2c4267c4daf5: 已发送给 1 个客户端, seq=undefined
[Broadcast] 画布 canvas-2c4267c4daf5: 已发送给 1 个客户端, seq=undefined
[Broadcast] 画布 canvas-2c4267c4daf5: 已发送给 1 个客户端, seq=undefined
[Broadcast] 画布 canvas-2c4267c4daf5: 已发送给 1 个客户端, seq=undefined
[Broadcast] 画布 canvas-2c4267c4daf5: 已发送给 1 个客户端, seq=undefined
[Broadcast] 画布 canvas-2c4267c4daf5: 已发送给 1 个客户端, seq=undefined
[Broadcast] 画布 canvas-2c4267c4daf5: 已发送给 1 个客户端, seq=undefined
[Broadcast] 画布 canvas-2c4267c4daf5: 已发送给 1 个客户端, seq=undefined
[Broadcast] 画布 canvas-2c4267c4daf5: 已发送给 1 个客户端, seq=undefined
[Broadcast] 画布 canvas-2c4267c4daf5: 已发送给 1 个客户端, seq=undefined
[Broadcast] 画布 canvas-2c4267c4daf5: 已发送给 1 个客户端, seq=undefined
[Broadcast] 画布 canvas-2c4267c4daf5: 已发送给 1 个客户端, seq=undefined
[Broadcast] 画布 canvas-2c4267c4daf5: 已发送给 1 个客户端, seq=undefined
[消息] userId=test03, canvas=canvas-2c4267c4daf5, action=stroke, id=16b50449-7b6d-48d1-b35a-d3ec2205bf28, points=10
[Broadcast] 画布 canvas-2c4267c4daf5: 已发送给 1 个客户端, seq=25863
[Broadcast] 画布 canvas-2c4267c4daf5: 已发送给 1 个客户端, seq=undefined
[Broadcast] 画布 canvas-2c4267c4daf5: 已发送给 1 个客户端, seq=undefined
[Broadcast] 画布 canvas-2c4267c4daf5: 已发送给 1 个客户端, seq=undefined
[Broadcast] 画布 canvas-2c4267c4daf5: 已发送给 1 个客户端, seq=undefined
[Broadcast] 画布 canvas-2c4267c4daf5: 已发送给 1 个客户端, seq=undefined
[Broadcast] 画布 canvas-2c4267c4daf5: 已发送给 1 个客户端, seq=undefined
[Broadcast] 画布 canvas-2c4267c4daf5: 已发送给 1 个客户端, seq=undefined
[Broadcast] 画布 canvas-2c4267c4daf5: 已发送给 1 个客户端, seq=undefined
[Broadcast] 画布 canvas-2c4267c4daf5: 已发送给 1 个客户端, seq=undefined
[Kafka] 批量保存完成: count=1, excluded=0, reason=schedule
[消息] userId=test03, canvas=canvas-2c4267c4daf5, action=presence, id=undefined, points=0
[Broadcast] 画布 canvas-2c4267c4daf5: 已发送给 1 个客户端, seq=25864
[Kafka] 批量保存完成: count=1, excluded=0, reason=schedule
[消息] userId=test03, canvas=canvas-2c4267c4daf5, action=undo, id=undefined, points=0
[Undo] 调用 deleteStrokeById(16b50449-7b6d-48d1-b35a-d3ec2205bf28)
[MongoDB] deleteStrokeById(16b50449-7b6d-48d1-b35a-d3ec2205bf28): deleted=1
[Undo] MongoDB 删除完成
[Undo] 用户 test03 撤销了笔画 16b50449-7b6d-48d1-b35a-d3ec2205bf28（画布 canvas-2c4267c4daf5）
[Undo] deletedStroke 详情: {"stroke_id":"16b50449-7b6d-48d1-b35a-d3ec2205bf28","canvas_id":"canvas-2c4267c4daf5","sequence_id":25863}
[Broadcast] 画布 canvas-2c4267c4daf5: 已发送给 1 个客户端, seq=25865
[消息] userId=test03, canvas=canvas-2c4267c4daf5, action=undo, id=undefined, points=0
[Undo] 调用 deleteStrokeById(82a5ca2d-c85c-4544-bc26-8c9dd7a047b9)
[MongoDB] deleteStrokeById(82a5ca2d-c85c-4544-bc26-8c9dd7a047b9): deleted=1
[Undo] MongoDB 删除完成
[Undo] 用户 test03 撤销了笔画 82a5ca2d-c85c-4544-bc26-8c9dd7a047b9（画布 canvas-2c4267c4daf5）
[Undo] deletedStroke 详情: {"stroke_id":"82a5ca2d-c85c-4544-bc26-8c9dd7a047b9","canvas_id":"canvas-2c4267c4daf5","sequence_id":25862}
[Broadcast] 画布 canvas-2c4267c4daf5: 已发送给 1 个客户端, seq=25866
[Broadcast] 画布 canvas-2c4267c4daf5: 已发送给 1 个客户端, seq=undefined
[Broadcast] 画布 canvas-2c4267c4daf5: 已发送给 1 个客户端, seq=undefined
[Broadcast] 画布 canvas-2c4267c4daf5: 已发送给 1 个客户端, seq=undefined
[Broadcast] 画布 canvas-2c4267c4daf5: 已发送给 1 个客户端, seq=undefined
[Broadcast] 画布 canvas-2c4267c4daf5: 已发送给 1 个客户端, seq=undefined
[Broadcast] 画布 canvas-2c4267c4daf5: 已发送给 1 个客户端, seq=undefined
[Broadcast] 画布 canvas-2c4267c4daf5: 已发送给 1 个客户端, seq=undefined
[Broadcast] 画布 canvas-2c4267c4daf5: 已发送给 1 个客户端, seq=undefined
[Broadcast] 画布 canvas-2c4267c4daf5: 已发送给 1 个客户端, seq=undefined
[Broadcast] 画布 canvas-2c4267c4daf5: 已发送给 1 个客户端, seq=undefined
[Broadcast] 画布 canvas-2c4267c4daf5: 已发送给 1 个客户端, seq=undefined
[Broadcast] 画布 canvas-2c4267c4daf5: 已发送给 1 个客户端, seq=undefined
[Broadcast] 画布 canvas-2c4267c4daf5: 已发送给 1 个客户端, seq=undefined
[Broadcast] 画布 canvas-2c4267c4daf5: 已发送给 1 个客户端, seq=undefined
[消息] userId=test03, canvas=canvas-2c4267c4daf5, action=stroke, id=7686e7d9-17ac-408f-afcc-36bf751c3a2c, points=5
[Broadcast] 画布 canvas-2c4267c4daf5: 已发送给 1 个客户端, seq=undefined
[Broadcast] 画布 canvas-2c4267c4daf5: 已发送给 1 个客户端, seq=25867
[Broadcast] 画布 canvas-2c4267c4daf5: 已发送给 1 个客户端, seq=undefined
[Broadcast] 画布 canvas-2c4267c4daf5: 已发送给 1 个客户端, seq=undefined
[Broadcast] 画布 canvas-2c4267c4daf5: 已发送给 1 个客户端, seq=undefined
[Broadcast] 画布 canvas-2c4267c4daf5: 已发送给 1 个客户端, seq=undefined
[Broadcast] 画布 canvas-2c4267c4daf5: 已发送给 1 个客户端, seq=undefined
[Broadcast] 画布 canvas-2c4267c4daf5: 已发送给 1 个客户端, seq=undefined
[Broadcast] 画布 canvas-2c4267c4daf5: 已发送给 1 个客户端, seq=undefined
[Broadcast] 画布 canvas-2c4267c4daf5: 已发送给 1 个客户端, seq=undefined
[Kafka] 批量保存完成: count=1, excluded=0, reason=schedule
[Broadcast] 画布 canvas-2c4267c4daf5: 已发送给 1 个客户端, seq=undefined
[Broadcast] 画布 canvas-2c4267c4daf5: 已发送给 1 个客户端, seq=undefined
[Broadcast] 画布 canvas-2c4267c4daf5: 已发送给 1 个客户端, seq=undefined
[Broadcast] 画布 canvas-2c4267c4daf5: 已发送给 1 个客户端, seq=undefined
[Broadcast] 画布 canvas-2c4267c4daf5: 已发送给 1 个客户端, seq=undefined
[Broadcast] 画布 canvas-2c4267c4daf5: 已发送给 1 个客户端, seq=undefined
[Broadcast] 画布 canvas-2c4267c4daf5: 已发送给 1 个客户端, seq=undefined
[Broadcast] 画布 canvas-2c4267c4daf5: 已发送给 1 个客户端, seq=undefined
[Broadcast] 画布 canvas-2c4267c4daf5: 已发送给 1 个客户端, seq=undefined
[Broadcast] 画布 canvas-2c4267c4daf5: 已发送给 1 个客户端, seq=undefined
[Broadcast] 画布 canvas-2c4267c4daf5: 已发送给 1 个客户端, seq=undefined
[Broadcast] 画布 canvas-2c4267c4daf5: 已发送给 1 个客户端, seq=undefined
[Broadcast] 画布 canvas-2c4267c4daf5: 已发送给 1 个客户端, seq=undefined
[Broadcast] 画布 canvas-2c4267c4daf5: 已发送给 1 个客户端, seq=undefined
[Broadcast] 画布 canvas-2c4267c4daf5: 已发送给 1 个客户端, seq=undefined
[Broadcast] 画布 canvas-2c4267c4daf5: 已发送给 1 个客户端, seq=undefined
[Broadcast] 画布 canvas-2c4267c4daf5: 已发送给 1 个客户端, seq=undefined
[消息] userId=test03, canvas=canvas-2c4267c4daf5, action=presence, id=undefined, points=0
[Broadcast] 画布 canvas-2c4267c4daf5: 已发送给 1 个客户端, seq=25868
[Broadcast] 画布 canvas-2c4267c4daf5: 已发送给 1 个客户端, seq=undefined
[Broadcast] 画布 canvas-2c4267c4daf5: 已发送给 1 个客户端, seq=undefined
[消息] userId=test03, canvas=canvas-2c4267c4daf5, action=stroke, id=5565ac94-fc67-4531-a7a1-15aacd629385, points=4
[Broadcast] 画布 canvas-2c4267c4daf5: 已发送给 1 个客户端, seq=undefined
[Broadcast] 画布 canvas-2c4267c4daf5: 已发送给 1 个客户端, seq=25869
[Broadcast] 画布 canvas-2c4267c4daf5: 已发送给 1 个客户端, seq=undefined
[Broadcast] 画布 canvas-2c4267c4daf5: 已发送给 1 个客户端, seq=undefined
[Broadcast] 画布 canvas-2c4267c4daf5: 已发送给 1 个客户端, seq=undefined
[Broadcast] 画布 canvas-2c4267c4daf5: 已发送给 1 个客户端, seq=undefined
[Broadcast] 画布 canvas-2c4267c4daf5: 已发送给 1 个客户端, seq=undefined
[Kafka] 批量保存完成: count=2, excluded=0, reason=schedule
[Broadcast] 画布 canvas-2c4267c4daf5: 已发送给 1 个客户端, seq=undefined
[Broadcast] 画布 canvas-2c4267c4daf5: 已发送给 1 个客户端, seq=undefined
[Broadcast] 画布 canvas-2c4267c4daf5: 已发送给 1 个客户端, seq=undefined
[Broadcast] 画布 canvas-2c4267c4daf5: 已发送给 1 个客户端, seq=undefined
[Broadcast] 画布 canvas-2c4267c4daf5: 已发送给 1 个客户端, seq=undefined
[Broadcast] 画布 canvas-2c4267c4daf5: 已发送给 1 个客户端, seq=undefined
[Broadcast] 画布 canvas-2c4267c4daf5: 已发送给 1 个客户端, seq=undefined
[Broadcast] 画布 canvas-2c4267c4daf5: 已发送给 1 个客户端, seq=undefined
[Broadcast] 画布 canvas-2c4267c4daf5: 已发送给 1 个客户端, seq=undefined
[Broadcast] 画布 canvas-2c4267c4daf5: 已发送给 1 个客户端, seq=undefined
[Broadcast] 画布 canvas-2c4267c4daf5: 已发送给 1 个客户端, seq=undefined
[Broadcast] 画布 canvas-2c4267c4daf5: 已发送给 1 个客户端, seq=undefined
[Broadcast] 画布 canvas-2c4267c4daf5: 已发送给 1 个客户端, seq=undefined
[Broadcast] 画布 canvas-2c4267c4daf5: 已发送给 1 个客户端, seq=undefined
[Broadcast] 画布 canvas-2c4267c4daf5: 已发送给 1 个客户端, seq=undefined
[Broadcast] 画布 canvas-2c4267c4daf5: 已发送给 1 个客户端, seq=undefined
[Broadcast] 画布 canvas-2c4267c4daf5: 已发送给 1 个客户端, seq=undefined
[Broadcast] 画布 canvas-2c4267c4daf5: 已发送给 1 个客户端, seq=undefined
[Broadcast] 画布 canvas-2c4267c4daf5: 已发送给 1 个客户端, seq=undefined
[Broadcast] 画布 canvas-2c4267c4daf5: 已发送给 1 个客户端, seq=undefined
[Broadcast] 画布 canvas-2c4267c4daf5: 已发送给 1 个客户端, seq=undefined
[Broadcast] 画布 canvas-2c4267c4daf5: 已发送给 1 个客户端, seq=undefined
[Broadcast] 画布 canvas-2c4267c4daf5: 已发送给 1 个客户端, seq=undefined
[消息] userId=test03, canvas=canvas-2c4267c4daf5, action=stroke, id=9f51e641-66ef-42e9-979a-c0ae8d8763d2, points=10
[Broadcast] 画布 canvas-2c4267c4daf5: 已发送给 1 个客户端, seq=25870
[Broadcast] 画布 canvas-2c4267c4daf5: 已发送给 1 个客户端, seq=undefined
[Broadcast] 画布 canvas-2c4267c4daf5: 已发送给 1 个客户端, seq=undefined
[Broadcast] 画布 canvas-2c4267c4daf5: 已发送给 1 个客户端, seq=undefined
[Broadcast] 画布 canvas-2c4267c4daf5: 已发送给 1 个客户端, seq=undefined
[Broadcast] 画布 canvas-2c4267c4daf5: 已发送给 1 个客户端, seq=undefined
[Broadcast] 画布 canvas-2c4267c4daf5: 已发送给 1 个客户端, seq=undefined
[Kafka] 批量保存完成: count=1, excluded=0, reason=schedule
[Broadcast] 画布 canvas-2c4267c4daf5: 已发送给 1 个客户端, seq=undefined
[Broadcast] 画布 canvas-2c4267c4daf5: 已发送给 1 个客户端, seq=undefined
[Broadcast] 画布 canvas-2c4267c4daf5: 已发送给 1 个客户端, seq=undefined
[Broadcast] 画布 canvas-2c4267c4daf5: 已发送给 1 个客户端, seq=undefined
[Broadcast] 画布 canvas-2c4267c4daf5: 已发送给 1 个客户端, seq=undefined
[Broadcast] 画布 canvas-2c4267c4daf5: 已发送给 1 个客户端, seq=undefined
[Broadcast] 画布 canvas-2c4267c4daf5: 已发送给 1 个客户端, seq=undefined
[Broadcast] 画布 canvas-2c4267c4daf5: 已发送给 1 个客户端, seq=undefined
[Broadcast] 画布 canvas-2c4267c4daf5: 已发送给 1 个客户端, seq=undefined
[Broadcast] 画布 canvas-2c4267c4daf5: 已发送给 1 个客户端, seq=undefined
[Broadcast] 画布 canvas-2c4267c4daf5: 已发送给 1 个客户端, seq=undefined
[Broadcast] 画布 canvas-2c4267c4daf5: 已发送给 1 个客户端, seq=undefined
[Broadcast] 画布 canvas-2c4267c4daf5: 已发送给 1 个客户端, seq=undefined
[Broadcast] 画布 canvas-2c4267c4daf5: 已发送给 1 个客户端, seq=undefined
[Broadcast] 画布 canvas-2c4267c4daf5: 已发送给 1 个客户端, seq=undefined
[Broadcast] 画布 canvas-2c4267c4daf5: 已发送给 1 个客户端, seq=undefined
[Broadcast] 画布 canvas-2c4267c4daf5: 已发送给 1 个客户端, seq=undefined
[Broadcast] 画布 canvas-2c4267c4daf5: 已发送给 1 个客户端, seq=undefined
[Broadcast] 画布 canvas-2c4267c4daf5: 已发送给 1 个客户端, seq=undefined
[消息] userId=test03, canvas=canvas-2c4267c4daf5, action=presence, id=undefined, points=0
[Broadcast] 画布 canvas-2c4267c4daf5: 已发送给 1 个客户端, seq=25871
[Broadcast] 画布 canvas-2c4267c4daf5: 已发送给 1 个客户端, seq=undefined
[消息] userId=test03, canvas=canvas-2c4267c4daf5, action=stroke, id=ab9272ac-c141-4e39-bbbf-f80da44190a1, points=10
[Broadcast] 画布 canvas-2c4267c4daf5: 已发送给 1 个客户端, seq=undefined
[Broadcast] 画布 canvas-2c4267c4daf5: 已发送给 1 个客户端, seq=25872
[Broadcast] 画布 canvas-2c4267c4daf5: 已发送给 1 个客户端, seq=undefined
[Broadcast] 画布 canvas-2c4267c4daf5: 已发送给 1 个客户端, seq=undefined
[Broadcast] 画布 canvas-2c4267c4daf5: 已发送给 1 个客户端, seq=undefined
[Broadcast] 画布 canvas-2c4267c4daf5: 已发送给 1 个客户端, seq=undefined
[Broadcast] 画布 canvas-2c4267c4daf5: 已发送给 1 个客户端, seq=undefined
[Broadcast] 画布 canvas-2c4267c4daf5: 已发送给 1 个客户端, seq=undefined
[Broadcast] 画布 canvas-2c4267c4daf5: 已发送给 1 个客户端, seq=undefined
[Broadcast] 画布 canvas-2c4267c4daf5: 已发送给 1 个客户端, seq=undefined
[Broadcast] 画布 canvas-2c4267c4daf5: 已发送给 1 个客户端, seq=undefined
[Kafka] 批量保存完成: count=2, excluded=0, reason=schedule
[Broadcast] 画布 canvas-2c4267c4daf5: 已发送给 1 个客户端, seq=undefined
[Broadcast] 画布 canvas-2c4267c4daf5: 已发送给 1 个客户端, seq=undefined
[Broadcast] 画布 canvas-2c4267c4daf5: 已发送给 1 个客户端, seq=undefined
[Broadcast] 画布 canvas-2c4267c4daf5: 已发送给 1 个客户端, seq=undefined
[Broadcast] 画布 canvas-2c4267c4daf5: 已发送给 1 个客户端, seq=undefined
[Broadcast] 画布 canvas-2c4267c4daf5: 已发送给 1 个客户端, seq=undefined
[Broadcast] 画布 canvas-2c4267c4daf5: 已发送给 1 个客户端, seq=undefined
[Broadcast] 画布 canvas-2c4267c4daf5: 已发送给 1 个客户端, seq=undefined
[Broadcast] 画布 canvas-2c4267c4daf5: 已发送给 1 个客户端, seq=undefined
[Broadcast] 画布 canvas-2c4267c4daf5: 已发送给 1 个客户端, seq=undefined
[Broadcast] 画布 canvas-2c4267c4daf5: 已发送给 1 个客户端, seq=undefined
[Broadcast] 画布 canvas-2c4267c4daf5: 已发送给 1 个客户端, seq=undefined
[Broadcast] 画布 canvas-2c4267c4daf5: 已发送给 1 个客户端, seq=undefined
[Broadcast] 画布 canvas-2c4267c4daf5: 已发送给 1 个客户端, seq=undefined
[Broadcast] 画布 canvas-2c4267c4daf5: 已发送给 1 个客户端, seq=undefined
[Broadcast] 画布 canvas-2c4267c4daf5: 已发送给 1 个客户端, seq=undefined
[Broadcast] 画布 canvas-2c4267c4daf5: 已发送给 1 个客户端, seq=undefined
[Broadcast] 画布 canvas-2c4267c4daf5: 已发送给 1 个客户端, seq=undefined
[Broadcast] 画布 canvas-2c4267c4daf5: 已发送给 1 个客户端, seq=undefined
[Broadcast] 画布 canvas-2c4267c4daf5: 已发送给 1 个客户端, seq=undefined
[Broadcast] 画布 canvas-2c4267c4daf5: 已发送给 1 个客户端, seq=undefined
[Broadcast] 画布 canvas-2c4267c4daf5: 已发送给 1 个客户端, seq=undefined
[Broadcast] 画布 canvas-2c4267c4daf5: 已发送给 1 个客户端, seq=undefined
[Broadcast] 画布 canvas-2c4267c4daf5: 已发送给 1 个客户端, seq=undefined
[Broadcast] 画布 canvas-2c4267c4daf5: 已发送给 1 个客户端, seq=undefined
[Broadcast] 画布 canvas-2c4267c4daf5: 已发送给 1 个客户端, seq=undefined
[Broadcast] 画布 canvas-2c4267c4daf5: 已发送给 1 个客户端, seq=undefined
[Broadcast] 画布 canvas-2c4267c4daf5: 已发送给 1 个客户端, seq=undefined
[Broadcast] 画布 canvas-2c4267c4daf5: 已发送给 1 个客户端, seq=undefined
[Broadcast] 画布 canvas-2c4267c4daf5: 已发送给 1 个客户端, seq=undefined
[Broadcast] 画布 canvas-2c4267c4daf5: 已发送给 1 个客户端, seq=undefined
[Broadcast] 画布 canvas-2c4267c4daf5: 已发送给 1 个客户端, seq=undefined
[Broadcast] 画布 canvas-2c4267c4daf5: 已发送给 1 个客户端, seq=undefined
[Broadcast] 画布 canvas-2c4267c4daf5: 已发送给 1 个客户端, seq=undefined
[Broadcast] 画布 canvas-2c4267c4daf5: 已发送给 1 个客户端, seq=undefined
[Broadcast] 画布 canvas-2c4267c4daf5: 已发送给 1 个客户端, seq=undefined
[Broadcast] 画布 canvas-2c4267c4daf5: 已发送给 1 个客户端, seq=undefined
[Broadcast] 画布 canvas-2c4267c4daf5: 已发送给 1 个客户端, seq=undefined
[Broadcast] 画布 canvas-2c4267c4daf5: 已发送给 1 个客户端, seq=undefined
[Broadcast] 画布 canvas-2c4267c4daf5: 已发送给 1 个客户端, seq=undefined
[Broadcast] 画布 canvas-2c4267c4daf5: 已发送给 1 个客户端, seq=undefined
[Broadcast] 画布 canvas-2c4267c4daf5: 已发送给 1 个客户端, seq=undefined
[消息] userId=test03, canvas=canvas-2c4267c4daf5, action=stroke, id=77f557f5-e5dd-41e7-9949-372fc053729f, points=28
[Broadcast] 画布 canvas-2c4267c4daf5: 已发送给 1 个客户端, seq=25873
[Broadcast] 画布 canvas-2c4267c4daf5: 已发送给 1 个客户端, seq=undefined
[Broadcast] 画布 canvas-2c4267c4daf5: 已发送给 1 个客户端, seq=undefined
[Broadcast] 画布 canvas-2c4267c4daf5: 已发送给 1 个客户端, seq=undefined
[Broadcast] 画布 canvas-2c4267c4daf5: 已发送给 1 个客户端, seq=undefined
[Broadcast] 画布 canvas-2c4267c4daf5: 已发送给 1 个客户端, seq=undefined
[Kafka] 批量保存完成: count=1, excluded=0, reason=schedule
[Broadcast] 画布 canvas-2c4267c4daf5: 已发送给 1 个客户端, seq=undefined
[Broadcast] 画布 canvas-2c4267c4daf5: 已发送给 1 个客户端, seq=undefined
[Broadcast] 画布 canvas-2c4267c4daf5: 已发送给 1 个客户端, seq=undefined
[Broadcast] 画布 canvas-2c4267c4daf5: 已发送给 1 个客户端, seq=undefined
[Broadcast] 画布 canvas-2c4267c4daf5: 已发送给 1 个客户端, seq=undefined
[Broadcast] 画布 canvas-2c4267c4daf5: 已发送给 1 个客户端, seq=undefined
[Broadcast] 画布 canvas-2c4267c4daf5: 已发送给 1 个客户端, seq=undefined
[Broadcast] 画布 canvas-2c4267c4daf5: 已发送给 1 个客户端, seq=undefined
[Broadcast] 画布 canvas-2c4267c4daf5: 已发送给 1 个客户端, seq=undefined
[Broadcast] 画布 canvas-2c4267c4daf5: 已发送给 1 个客户端, seq=undefined
[Broadcast] 画布 canvas-2c4267c4daf5: 已发送给 1 个客户端, seq=undefined
[Broadcast] 画布 canvas-2c4267c4daf5: 已发送给 1 个客户端, seq=undefined
[Broadcast] 画布 canvas-2c4267c4daf5: 已发送给 1 个客户端, seq=undefined
[Broadcast] 画布 canvas-2c4267c4daf5: 已发送给 1 个客户端, seq=undefined
[Broadcast] 画布 canvas-2c4267c4daf5: 已发送给 1 个客户端, seq=undefined
[Broadcast] 画布 canvas-2c4267c4daf5: 已发送给 1 个客户端, seq=undefined
[Broadcast] 画布 canvas-2c4267c4daf5: 已发送给 1 个客户端, seq=undefined
[消息] userId=test03, canvas=canvas-2c4267c4daf5, action=presence, id=undefined, points=0
[Broadcast] 画布 canvas-2c4267c4daf5: 已发送给 1 个客户端, seq=25874
[Broadcast] 画布 canvas-2c4267c4daf5: 已发送给 1 个客户端, seq=undefined
[Broadcast] 画布 canvas-2c4267c4daf5: 已发送给 1 个客户端, seq=undefined
[Broadcast] 画布 canvas-2c4267c4daf5: 已发送给 1 个客户端, seq=undefined
[Broadcast] 画布 canvas-2c4267c4daf5: 已发送给 1 个客户端, seq=undefined
[Kafka] 批量保存完成: count=1, excluded=0, reason=schedule
[Broadcast] 画布 canvas-2c4267c4daf5: 已发送给 1 个客户端, seq=undefined
[Broadcast] 画布 canvas-2c4267c4daf5: 已发送给 1 个客户端, seq=undefined
[Broadcast] 画布 canvas-2c4267c4daf5: 已发送给 1 个客户端, seq=undefined
[Broadcast] 画布 canvas-2c4267c4daf5: 已发送给 1 个客户端, seq=undefined
[Broadcast] 画布 canvas-2c4267c4daf5: 已发送给 1 个客户端, seq=undefined
[Broadcast] 画布 canvas-2c4267c4daf5: 已发送给 1 个客户端, seq=undefined
[Broadcast] 画布 canvas-2c4267c4daf5: 已发送给 1 个客户端, seq=undefined
[Broadcast] 画布 canvas-2c4267c4daf5: 已发送给 1 个客户端, seq=undefined
[Broadcast] 画布 canvas-2c4267c4daf5: 已发送给 1 个客户端, seq=undefined
[Broadcast] 画布 canvas-2c4267c4daf5: 已发送给 1 个客户端, seq=undefined
[Broadcast] 画布 canvas-2c4267c4daf5: 已发送给 1 个客户端, seq=undefined
[Broadcast] 画布 canvas-2c4267c4daf5: 已发送给 1 个客户端, seq=undefined
[Broadcast] 画布 canvas-2c4267c4daf5: 已发送给 1 个客户端, seq=undefined
[Broadcast] 画布 canvas-2c4267c4daf5: 已发送给 1 个客户端, seq=undefined
[Broadcast] 画布 canvas-2c4267c4daf5: 已发送给 1 个客户端, seq=undefined
[Broadcast] 画布 canvas-2c4267c4daf5: 已发送给 1 个客户端, seq=undefined
[Broadcast] 画布 canvas-2c4267c4daf5: 已发送给 1 个客户端, seq=undefined
[Broadcast] 画布 canvas-2c4267c4daf5: 已发送给 1 个客户端, seq=undefined
[Broadcast] 画布 canvas-2c4267c4daf5: 已发送给 1 个客户端, seq=undefined
[Broadcast] 画布 canvas-2c4267c4daf5: 已发送给 1 个客户端, seq=undefined
[Broadcast] 画布 canvas-2c4267c4daf5: 已发送给 1 个客户端, seq=undefined
[Broadcast] 画布 canvas-2c4267c4daf5: 已发送给 1 个客户端, seq=undefined
[Broadcast] 画布 canvas-2c4267c4daf5: 已发送给 1 个客户端, seq=undefined
[Broadcast] 画布 canvas-2c4267c4daf5: 已发送给 1 个客户端, seq=undefined
[Broadcast] 画布 canvas-2c4267c4daf5: 已发送给 1 个客户端, seq=undefined
[Broadcast] 画布 canvas-2c4267c4daf5: 已发送给 1 个客户端, seq=undefined
[Broadcast] 画布 canvas-2c4267c4daf5: 已发送给 1 个客户端, seq=undefined
[Broadcast] 画布 canvas-2c4267c4daf5: 已发送给 1 个客户端, seq=undefined
[Broadcast] 画布 canvas-2c4267c4daf5: 已发送给 1 个客户端, seq=undefined
[Broadcast] 画布 canvas-2c4267c4daf5: 已发送给 1 个客户端, seq=undefined
[Broadcast] 画布 canvas-2c4267c4daf5: 已发送给 1 个客户端, seq=undefined
[Broadcast] 画布 canvas-2c4267c4daf5: 已发送给 1 个客户端, seq=undefined
[Broadcast] 画布 canvas-2c4267c4daf5: 已发送给 1 个客户端, seq=undefined
[Broadcast] 画布 canvas-2c4267c4daf5: 已发送给 1 个客户端, seq=undefined
[Broadcast] 画布 canvas-2c4267c4daf5: 已发送给 1 个客户端, seq=undefined
[Broadcast] 画布 canvas-2c4267c4daf5: 已发送给 1 个客户端, seq=undefined
[Broadcast] 画布 canvas-2c4267c4daf5: 已发送给 1 个客户端, seq=undefined
[消息] userId=test03, canvas=canvas-2c4267c4daf5, action=presence, id=undefined, points=0
[Broadcast] 画布 canvas-2c4267c4daf5: 已发送给 1 个客户端, seq=25875
[Kafka] 批量保存完成: count=1, excluded=0, reason=schedule
[Broadcast] 画布 canvas-2c4267c4daf5: 已发送给 1 个客户端, seq=undefined
[Broadcast] 画布 canvas-2c4267c4daf5: 已发送给 1 个客户端, seq=undefined
[Broadcast] 画布 canvas-2c4267c4daf5: 已发送给 1 个客户端, seq=undefined
[Broadcast] 画布 canvas-2c4267c4daf5: 已发送给 1 个客户端, seq=undefined
[Broadcast] 画布 canvas-2c4267c4daf5: 已发送给 1 个客户端, seq=undefined
[Broadcast] 画布 canvas-2c4267c4daf5: 已发送给 1 个客户端, seq=undefined
[Broadcast] 画布 canvas-2c4267c4daf5: 已发送给 1 个客户端, seq=undefined
[Broadcast] 画布 canvas-2c4267c4daf5: 已发送给 1 个客户端, seq=undefined
[Broadcast] 画布 canvas-2c4267c4daf5: 已发送给 1 个客户端, seq=undefined
[Broadcast] 画布 canvas-2c4267c4daf5: 已发送给 1 个客户端, seq=undefined
[消息] userId=test03, canvas=canvas-2c4267c4daf5, action=element_add, id=c5d791ef-6ced-46fc-a325-362a73b3e093, points=0
[Broadcast] 画布 canvas-2c4267c4daf5: 已发送给 1 个客户端, seq=25876
[Broadcast] 画布 canvas-2c4267c4daf5: 已发送给 1 个客户端, seq=undefined
[Broadcast] 画布 canvas-2c4267c4daf5: 已发送给 1 个客户端, seq=undefined
[Broadcast] 画布 canvas-2c4267c4daf5: 已发送给 1 个客户端, seq=undefined
[Broadcast] 画布 canvas-2c4267c4daf5: 已发送给 1 个客户端, seq=undefined
[Kafka] 批量保存完成: count=1, excluded=0, reason=schedule
[Broadcast] 画布 canvas-2c4267c4daf5: 已发送给 1 个客户端, seq=undefined
[Broadcast] 画布 canvas-2c4267c4daf5: 已发送给 1 个客户端, seq=undefined
[消息] userId=test03, canvas=canvas-2c4267c4daf5, action=presence, id=undefined, points=0
[Broadcast] 画布 canvas-2c4267c4daf5: 已发送给 1 个客户端, seq=25877
[Snapshot] 画布 canvas-2c4267c4daf5 生成快照，sequence_id=25876，笔画数=6，SVG大小=5044字节
[Broadcast] 画布 canvas-2c4267c4daf5: 已发送给 1 个客户端, seq=undefined
[Broadcast] 画布 canvas-2c4267c4daf5: 已发送给 1 个客户端, seq=undefined
[Broadcast] 画布 canvas-2c4267c4daf5: 已发送给 1 个客户端, seq=undefined
[Broadcast] 画布 canvas-2c4267c4daf5: 已发送给 1 个客户端, seq=undefined
[Broadcast] 画布 canvas-2c4267c4daf5: 已发送给 1 个客户端, seq=undefined
[Broadcast] 画布 canvas-2c4267c4daf5: 已发送给 1 个客户端, seq=undefined
[Broadcast] 画布 canvas-2c4267c4daf5: 已发送给 1 个客户端, seq=undefined
[Broadcast] 画布 canvas-2c4267c4daf5: 已发送给 1 个客户端, seq=undefined
[Broadcast] 画布 canvas-2c4267c4daf5: 已发送给 1 个客户端, seq=undefined
[Broadcast] 画布 canvas-2c4267c4daf5: 已发送给 1 个客户端, seq=undefined
[Broadcast] 画布 canvas-2c4267c4daf5: 已发送给 1 个客户端, seq=undefined
[Broadcast] 画布 canvas-2c4267c4daf5: 已发送给 1 个客户端, seq=undefined
[Broadcast] 画布 canvas-2c4267c4daf5: 已发送给 1 个客户端, seq=undefined
[Broadcast] 画布 canvas-2c4267c4daf5: 已发送给 1 个客户端, seq=undefined
[Broadcast] 画布 canvas-2c4267c4daf5: 已发送给 1 个客户端, seq=undefined
[Kafka] 批量保存完成: count=1, excluded=0, reason=schedule
[Broadcast] 画布 canvas-2c4267c4daf5: 已发送给 1 个客户端, seq=undefined
[Broadcast] 画布 canvas-2c4267c4daf5: 已发送给 1 个客户端, seq=undefined
[Broadcast] 画布 canvas-2c4267c4daf5: 已发送给 1 个客户端, seq=undefined
[Broadcast] 画布 canvas-2c4267c4daf5: 已发送给 1 个客户端, seq=undefined
[Broadcast] 画布 canvas-2c4267c4daf5: 已发送给 1 个客户端, seq=undefined
[Broadcast] 画布 canvas-2c4267c4daf5: 已发送给 1 个客户端, seq=undefined
[Broadcast] 画布 canvas-2c4267c4daf5: 已发送给 1 个客户端, seq=undefined
[Broadcast] 画布 canvas-2c4267c4daf5: 已发送给 1 个客户端, seq=undefined
[Broadcast] 画布 canvas-2c4267c4daf5: 已发送给 1 个客户端, seq=undefined
[Broadcast] 画布 canvas-2c4267c4daf5: 已发送给 1 个客户端, seq=undefined
[Broadcast] 画布 canvas-2c4267c4daf5: 已发送给 1 个客户端, seq=undefined
[Broadcast] 画布 canvas-2c4267c4daf5: 已发送给 1 个客户端, seq=undefined
[Broadcast] 画布 canvas-2c4267c4daf5: 已发送给 1 个客户端, seq=undefined
[Broadcast] 画布 canvas-2c4267c4daf5: 已发送给 1 个客户端, seq=undefined
[消息] userId=test03, canvas=canvas-2c4267c4daf5, action=element_add, id=892022b5-f2f7-40e4-8f69-d2383a96fbab, points=0
[Broadcast] 画布 canvas-2c4267c4daf5: 已发送给 1 个客户端, seq=25878
[Broadcast] 画布 canvas-2c4267c4daf5: 已发送给 1 个客户端, seq=undefined
[Broadcast] 画布 canvas-2c4267c4daf5: 已发送给 1 个客户端, seq=undefined
[Broadcast] 画布 canvas-2c4267c4daf5: 已发送给 1 个客户端, seq=undefined
[Broadcast] 画布 canvas-2c4267c4daf5: 已发送给 1 个客户端, seq=undefined
[Broadcast] 画布 canvas-2c4267c4daf5: 已发送给 1 个客户端, seq=undefined
[Broadcast] 画布 canvas-2c4267c4daf5: 已发送给 1 个客户端, seq=undefined
[Broadcast] 画布 canvas-2c4267c4daf5: 已发送给 1 个客户端, seq=undefined
[Broadcast] 画布 canvas-2c4267c4daf5: 已发送给 1 个客户端, seq=undefined
[Broadcast] 画布 canvas-2c4267c4daf5: 已发送给 1 个客户端, seq=undefined
[Broadcast] 画布 canvas-2c4267c4daf5: 已发送给 1 个客户端, seq=undefined
[Broadcast] 画布 canvas-2c4267c4daf5: 已发送给 1 个客户端, seq=undefined
[Kafka] 批量保存完成: count=1, excluded=0, reason=schedule
[Broadcast] 画布 canvas-2c4267c4daf5: 已发送给 1 个客户端, seq=undefined
[Broadcast] 画布 canvas-2c4267c4daf5: 已发送给 1 个客户端, seq=undefined
[Broadcast] 画布 canvas-2c4267c4daf5: 已发送给 1 个客户端, seq=undefined
[Broadcast] 画布 canvas-2c4267c4daf5: 已发送给 1 个客户端, seq=undefined
[Broadcast] 画布 canvas-2c4267c4daf5: 已发送给 1 个客户端, seq=undefined
[Broadcast] 画布 canvas-2c4267c4daf5: 已发送给 1 个客户端, seq=undefined
[Broadcast] 画布 canvas-2c4267c4daf5: 已发送给 1 个客户端, seq=undefined
[Broadcast] 画布 canvas-2c4267c4daf5: 已发送给 1 个客户端, seq=undefined
[Broadcast] 画布 canvas-2c4267c4daf5: 已发送给 1 个客户端, seq=undefined
[Broadcast] 画布 canvas-2c4267c4daf5: 已发送给 1 个客户端, seq=undefined
[Broadcast] 画布 canvas-2c4267c4daf5: 已发送给 1 个客户端, seq=undefined
[Broadcast] 画布 canvas-2c4267c4daf5: 已发送给 1 个客户端, seq=undefined
[Broadcast] 画布 canvas-2c4267c4daf5: 已发送给 1 个客户端, seq=undefined
[Broadcast] 画布 canvas-2c4267c4daf5: 已发送给 1 个客户端, seq=undefined
[Broadcast] 画布 canvas-2c4267c4daf5: 已发送给 1 个客户端, seq=undefined
[Broadcast] 画布 canvas-2c4267c4daf5: 已发送给 1 个客户端, seq=undefined
[Broadcast] 画布 canvas-2c4267c4daf5: 已发送给 1 个客户端, seq=undefined
[Broadcast] 画布 canvas-2c4267c4daf5: 已发送给 1 个客户端, seq=undefined
[Broadcast] 画布 canvas-2c4267c4daf5: 已发送给 1 个客户端, seq=undefined
[Broadcast] 画布 canvas-2c4267c4daf5: 已发送给 1 个客户端, seq=undefined
[Broadcast] 画布 canvas-2c4267c4daf5: 已发送给 1 个客户端, seq=undefined
[消息] userId=test03, canvas=canvas-2c4267c4daf5, action=presence, id=undefined, points=0
[Broadcast] 画布 canvas-2c4267c4daf5: 已发送给 1 个客户端, seq=25879
[Broadcast] 画布 canvas-2c4267c4daf5: 已发送给 1 个客户端, seq=undefined
[Broadcast] 画布 canvas-2c4267c4daf5: 已发送给 1 个客户端, seq=undefined
[Broadcast] 画布 canvas-2c4267c4daf5: 已发送给 1 个客户端, seq=undefined
[Broadcast] 画布 canvas-2c4267c4daf5: 已发送给 1 个客户端, seq=undefined
[Broadcast] 画布 canvas-2c4267c4daf5: 已发送给 1 个客户端, seq=undefined
[Broadcast] 画布 canvas-2c4267c4daf5: 已发送给 1 个客户端, seq=undefined
[Broadcast] 画布 canvas-2c4267c4daf5: 已发送给 1 个客户端, seq=undefined
[Broadcast] 画布 canvas-2c4267c4daf5: 已发送给 1 个客户端, seq=undefined
[Kafka] 批量保存完成: count=1, excluded=0, reason=schedule
[消息] userId=test03, canvas=canvas-2c4267c4daf5, action=element_add, id=7147a1d2-2bcf-4eda-b60f-786e89eba278, points=0
[Broadcast] 画布 canvas-2c4267c4daf5: 已发送给 1 个客户端, seq=25880
[Broadcast] 画布 canvas-2c4267c4daf5: 已发送给 1 个客户端, seq=undefined
[Broadcast] 画布 canvas-2c4267c4daf5: 已发送给 1 个客户端, seq=undefined
[Broadcast] 画布 canvas-2c4267c4daf5: 已发送给 1 个客户端, seq=undefined
[Broadcast] 画布 canvas-2c4267c4daf5: 已发送给 1 个客户端, seq=undefined
[Broadcast] 画布 canvas-2c4267c4daf5: 已发送给 1 个客户端, seq=undefined
[Broadcast] 画布 canvas-2c4267c4daf5: 已发送给 1 个客户端, seq=undefined
[Broadcast] 画布 canvas-2c4267c4daf5: 已发送给 1 个客户端, seq=undefined
[Broadcast] 画布 canvas-2c4267c4daf5: 已发送给 1 个客户端, seq=undefined
[Broadcast] 画布 canvas-2c4267c4daf5: 已发送给 1 个客户端, seq=undefined
[Broadcast] 画布 canvas-2c4267c4daf5: 已发送给 1 个客户端, seq=undefined
[Broadcast] 画布 canvas-2c4267c4daf5: 已发送给 1 个客户端, seq=undefined
[Kafka] 批量保存完成: count=1, excluded=0, reason=schedule
[Broadcast] 画布 canvas-2c4267c4daf5: 已发送给 1 个客户端, seq=undefined
[Broadcast] 画布 canvas-2c4267c4daf5: 已发送给 1 个客户端, seq=undefined
[Broadcast] 画布 canvas-2c4267c4daf5: 已发送给 1 个客户端, seq=undefined
[Broadcast] 画布 canvas-2c4267c4daf5: 已发送给 1 个客户端, seq=undefined
[Broadcast] 画布 canvas-2c4267c4daf5: 已发送给 1 个客户端, seq=undefined
[Broadcast] 画布 canvas-2c4267c4daf5: 已发送给 1 个客户端, seq=undefined
[Broadcast] 画布 canvas-2c4267c4daf5: 已发送给 1 个客户端, seq=undefined
[Broadcast] 画布 canvas-2c4267c4daf5: 已发送给 1 个客户端, seq=undefined
[Broadcast] 画布 canvas-2c4267c4daf5: 已发送给 1 个客户端, seq=undefined
[Broadcast] 画布 canvas-2c4267c4daf5: 已发送给 1 个客户端, seq=undefined
[Broadcast] 画布 canvas-2c4267c4daf5: 已发送给 1 个客户端, seq=undefined
[Broadcast] 画布 canvas-2c4267c4daf5: 已发送给 1 个客户端, seq=undefined
[Broadcast] 画布 canvas-2c4267c4daf5: 已发送给 1 个客户端, seq=undefined
[Broadcast] 画布 canvas-2c4267c4daf5: 已发送给 1 个客户端, seq=undefined
[Broadcast] 画布 canvas-2c4267c4daf5: 已发送给 1 个客户端, seq=undefined
[Broadcast] 画布 canvas-2c4267c4daf5: 已发送给 1 个客户端, seq=undefined
[Broadcast] 画布 canvas-2c4267c4daf5: 已发送给 1 个客户端, seq=undefined
[Broadcast] 画布 canvas-2c4267c4daf5: 已发送给 1 个客户端, seq=undefined
[Broadcast] 画布 canvas-2c4267c4daf5: 已发送给 1 个客户端, seq=undefined
[Broadcast] 画布 canvas-2c4267c4daf5: 已发送给 1 个客户端, seq=undefined
[Broadcast] 画布 canvas-2c4267c4daf5: 已发送给 1 个客户端, seq=undefined
[Broadcast] 画布 canvas-2c4267c4daf5: 已发送给 1 个客户端, seq=undefined
[Broadcast] 画布 canvas-2c4267c4daf5: 已发送给 1 个客户端, seq=undefined
[Broadcast] 画布 canvas-2c4267c4daf5: 已发送给 1 个客户端, seq=undefined
[Broadcast] 画布 canvas-2c4267c4daf5: 已发送给 1 个客户端, seq=undefined
[Broadcast] 画布 canvas-2c4267c4daf5: 已发送给 1 个客户端, seq=undefined
[Broadcast] 画布 canvas-2c4267c4daf5: 已发送给 1 个客户端, seq=undefined
[消息] userId=test03, canvas=canvas-2c4267c4daf5, action=presence, id=undefined, points=0
[Broadcast] 画布 canvas-2c4267c4daf5: 已发送给 1 个客户端, seq=25881
[Broadcast] 画布 canvas-2c4267c4daf5: 已发送给 1 个客户端, seq=undefined
[Broadcast] 画布 canvas-2c4267c4daf5: 已发送给 1 个客户端, seq=undefined
[Broadcast] 画布 canvas-2c4267c4daf5: 已发送给 1 个客户端, seq=undefined
[Broadcast] 画布 canvas-2c4267c4daf5: 已发送给 1 个客户端, seq=undefined
[Broadcast] 画布 canvas-2c4267c4daf5: 已发送给 1 个客户端, seq=undefined
[Broadcast] 画布 canvas-2c4267c4daf5: 已发送给 1 个客户端, seq=undefined
[Broadcast] 画布 canvas-2c4267c4daf5: 已发送给 1 个客户端, seq=undefined
[Broadcast] 画布 canvas-2c4267c4daf5: 已发送给 1 个客户端, seq=undefined
[Broadcast] 画布 canvas-2c4267c4daf5: 已发送给 1 个客户端, seq=undefined
[Broadcast] 画布 canvas-2c4267c4daf5: 已发送给 1 个客户端, seq=undefined
[Broadcast] 画布 canvas-2c4267c4daf5: 已发送给 1 个客户端, seq=undefined
[Broadcast] 画布 canvas-2c4267c4daf5: 已发送给 1 个客户端, seq=undefined
[Kafka] 批量保存完成: count=1, excluded=0, reason=schedule
[Broadcast] 画布 canvas-2c4267c4daf5: 已发送给 1 个客户端, seq=undefined
[Broadcast] 画布 canvas-2c4267c4daf5: 已发送给 1 个客户端, seq=undefined
[消息] userId=test03, canvas=canvas-2c4267c4daf5, action=element_add, id=87a107f5-f847-4270-9cf7-1a82ae21e5d6, points=0
[Broadcast] 画布 canvas-2c4267c4daf5: 已发送给 1 个客户端, seq=25882
[Broadcast] 画布 canvas-2c4267c4daf5: 已发送给 1 个客户端, seq=undefined
[Broadcast] 画布 canvas-2c4267c4daf5: 已发送给 1 个客户端, seq=undefined
[Broadcast] 画布 canvas-2c4267c4daf5: 已发送给 1 个客户端, seq=undefined
[Broadcast] 画布 canvas-2c4267c4daf5: 已发送给 1 个客户端, seq=undefined
[Broadcast] 画布 canvas-2c4267c4daf5: 已发送给 1 个客户端, seq=undefined
[Broadcast] 画布 canvas-2c4267c4daf5: 已发送给 1 个客户端, seq=undefined
[Broadcast] 画布 canvas-2c4267c4daf5: 已发送给 1 个客户端, seq=undefined
[Broadcast] 画布 canvas-2c4267c4daf5: 已发送给 1 个客户端, seq=undefined
[Broadcast] 画布 canvas-2c4267c4daf5: 已发送给 1 个客户端, seq=undefined
[Broadcast] 画布 canvas-2c4267c4daf5: 已发送给 1 个客户端, seq=undefined
[Kafka] 批量保存完成: count=1, excluded=0, reason=schedule
[Broadcast] 画布 canvas-2c4267c4daf5: 已发送给 1 个客户端, seq=undefined
[Broadcast] 画布 canvas-2c4267c4daf5: 已发送给 1 个客户端, seq=undefined
[Broadcast] 画布 canvas-2c4267c4daf5: 已发送给 1 个客户端, seq=undefined
[Broadcast] 画布 canvas-2c4267c4daf5: 已发送给 1 个客户端, seq=undefined
[Broadcast] 画布 canvas-2c4267c4daf5: 已发送给 1 个客户端, seq=undefined
[Broadcast] 画布 canvas-2c4267c4daf5: 已发送给 1 个客户端, seq=undefined
[Broadcast] 画布 canvas-2c4267c4daf5: 已发送给 1 个客户端, seq=undefined
[Broadcast] 画布 canvas-2c4267c4daf5: 已发送给 1 个客户端, seq=undefined
[Broadcast] 画布 canvas-2c4267c4daf5: 已发送给 1 个客户端, seq=undefined
[Broadcast] 画布 canvas-2c4267c4daf5: 已发送给 1 个客户端, seq=undefined
[Broadcast] 画布 canvas-2c4267c4daf5: 已发送给 1 个客户端, seq=undefined
[Broadcast] 画布 canvas-2c4267c4daf5: 已发送给 1 个客户端, seq=undefined
[Broadcast] 画布 canvas-2c4267c4daf5: 已发送给 1 个客户端, seq=undefined
[Broadcast] 画布 canvas-2c4267c4daf5: 已发送给 1 个客户端, seq=undefined
[Broadcast] 画布 canvas-2c4267c4daf5: 已发送给 1 个客户端, seq=undefined
[Broadcast] 画布 canvas-2c4267c4daf5: 已发送给 1 个客户端, seq=undefined
[Broadcast] 画布 canvas-2c4267c4daf5: 已发送给 1 个客户端, seq=undefined
[Broadcast] 画布 canvas-2c4267c4daf5: 已发送给 1 个客户端, seq=undefined
[Broadcast] 画布 canvas-2c4267c4daf5: 已发送给 1 个客户端, seq=undefined
[Broadcast] 画布 canvas-2c4267c4daf5: 已发送给 1 个客户端, seq=undefined
[Broadcast] 画布 canvas-2c4267c4daf5: 已发送给 1 个客户端, seq=undefined
[消息] userId=test03, canvas=canvas-2c4267c4daf5, action=element_add, id=04240a39-2ab6-4755-9b56-323877ce872c, points=0
[Broadcast] 画布 canvas-2c4267c4daf5: 已发送给 1 个客户端, seq=25883
[Broadcast] 画布 canvas-2c4267c4daf5: 已发送给 1 个客户端, seq=undefined
[Kafka] 批量保存完成: count=1, excluded=0, reason=schedule
[Broadcast] 画布 canvas-2c4267c4daf5: 已发送给 1 个客户端, seq=undefined
[Broadcast] 画布 canvas-2c4267c4daf5: 已发送给 1 个客户端, seq=undefined
[Broadcast] 画布 canvas-2c4267c4daf5: 已发送给 1 个客户端, seq=undefined
[Broadcast] 画布 canvas-2c4267c4daf5: 已发送给 1 个客户端, seq=undefined
[Broadcast] 画布 canvas-2c4267c4daf5: 已发送给 1 个客户端, seq=undefined
[Broadcast] 画布 canvas-2c4267c4daf5: 已发送给 1 个客户端, seq=undefined
[Broadcast] 画布 canvas-2c4267c4daf5: 已发送给 1 个客户端, seq=undefined
[Broadcast] 画布 canvas-2c4267c4daf5: 已发送给 1 个客户端, seq=undefined
[Broadcast] 画布 canvas-2c4267c4daf5: 已发送给 1 个客户端, seq=undefined
[Broadcast] 画布 canvas-2c4267c4daf5: 已发送给 1 个客户端, seq=undefined
[Broadcast] 画布 canvas-2c4267c4daf5: 已发送给 1 个客户端, seq=undefined
[Broadcast] 画布 canvas-2c4267c4daf5: 已发送给 1 个客户端, seq=undefined
[Broadcast] 画布 canvas-2c4267c4daf5: 已发送给 1 个客户端, seq=undefined
[Broadcast] 画布 canvas-2c4267c4daf5: 已发送给 1 个客户端, seq=undefined
[Broadcast] 画布 canvas-2c4267c4daf5: 已发送给 1 个客户端, seq=undefined
[消息] userId=test03, canvas=canvas-2c4267c4daf5, action=presence, id=undefined, points=0
[Broadcast] 画布 canvas-2c4267c4daf5: 已发送给 1 个客户端, seq=25884
[Broadcast] 画布 canvas-2c4267c4daf5: 已发送给 1 个客户端, seq=undefined
[Broadcast] 画布 canvas-2c4267c4daf5: 已发送给 1 个客户端, seq=undefined
[Broadcast] 画布 canvas-2c4267c4daf5: 已发送给 1 个客户端, seq=undefined
[Broadcast] 画布 canvas-2c4267c4daf5: 已发送给 1 个客户端, seq=undefined
[Broadcast] 画布 canvas-2c4267c4daf5: 已发送给 1 个客户端, seq=undefined
[Broadcast] 画布 canvas-2c4267c4daf5: 已发送给 1 个客户端, seq=undefined
[Broadcast] 画布 canvas-2c4267c4daf5: 已发送给 1 个客户端, seq=undefined
[Broadcast] 画布 canvas-2c4267c4daf5: 已发送给 1 个客户端, seq=undefined
[Broadcast] 画布 canvas-2c4267c4daf5: 已发送给 1 个客户端, seq=undefined
[Broadcast] 画布 canvas-2c4267c4daf5: 已发送给 1 个客户端, seq=undefined
[Kafka] 批量保存完成: count=1, excluded=0, reason=schedule
[Broadcast] 画布 canvas-2c4267c4daf5: 已发送给 1 个客户端, seq=undefined
[Broadcast] 画布 canvas-2c4267c4daf5: 已发送给 1 个客户端, seq=undefined
[Broadcast] 画布 canvas-2c4267c4daf5: 已发送给 1 个客户端, seq=undefined
[Broadcast] 画布 canvas-2c4267c4daf5: 已发送给 1 个客户端, seq=undefined
[Broadcast] 画布 canvas-2c4267c4daf5: 已发送给 1 个客户端, seq=undefined
[Broadcast] 画布 canvas-2c4267c4daf5: 已发送给 1 个客户端, seq=undefined
[Broadcast] 画布 canvas-2c4267c4daf5: 已发送给 1 个客户端, seq=undefined
[Broadcast] 画布 canvas-2c4267c4daf5: 已发送给 1 个客户端, seq=undefined
[Broadcast] 画布 canvas-2c4267c4daf5: 已发送给 1 个客户端, seq=undefined
[Broadcast] 画布 canvas-2c4267c4daf5: 已发送给 1 个客户端, seq=undefined
[Broadcast] 画布 canvas-2c4267c4daf5: 已发送给 1 个客户端, seq=undefined
[Broadcast] 画布 canvas-2c4267c4daf5: 已发送给 1 个客户端, seq=undefined
[Broadcast] 画布 canvas-2c4267c4daf5: 已发送给 1 个客户端, seq=undefined
[Broadcast] 画布 canvas-2c4267c4daf5: 已发送给 1 个客户端, seq=undefined
[Broadcast] 画布 canvas-2c4267c4daf5: 已发送给 1 个客户端, seq=undefined
[Broadcast] 画布 canvas-2c4267c4daf5: 已发送给 1 个客户端, seq=undefined
[Broadcast] 画布 canvas-2c4267c4daf5: 已发送给 1 个客户端, seq=undefined
[Broadcast] 画布 canvas-2c4267c4daf5: 已发送给 1 个客户端, seq=undefined
[Broadcast] 画布 canvas-2c4267c4daf5: 已发送给 1 个客户端, seq=undefined
[Broadcast] 画布 canvas-2c4267c4daf5: 已发送给 1 个客户端, seq=undefined
[Broadcast] 画布 canvas-2c4267c4daf5: 已发送给 1 个客户端, seq=undefined
[Broadcast] 画布 canvas-2c4267c4daf5: 已发送给 1 个客户端, seq=undefined
[Broadcast] 画布 canvas-2c4267c4daf5: 已发送给 1 个客户端, seq=undefined
[Broadcast] 画布 canvas-2c4267c4daf5: 已发送给 1 个客户端, seq=undefined
[消息] userId=test03, canvas=canvas-2c4267c4daf5, action=presence, id=undefined, points=0
[Broadcast] 画布 canvas-2c4267c4daf5: 已发送给 1 个客户端, seq=25885
[Broadcast] 画布 canvas-2c4267c4daf5: 已发送给 1 个客户端, seq=undefined
[Broadcast] 画布 canvas-2c4267c4daf5: 已发送给 1 个客户端, seq=undefined
[Broadcast] 画布 canvas-2c4267c4daf5: 已发送给 1 个客户端, seq=undefined
[Broadcast] 画布 canvas-2c4267c4daf5: 已发送给 1 个客户端, seq=undefined
[Broadcast] 画布 canvas-2c4267c4daf5: 已发送给 1 个客户端, seq=undefined
[Broadcast] 画布 canvas-2c4267c4daf5: 已发送给 1 个客户端, seq=undefined
[Broadcast] 画布 canvas-2c4267c4daf5: 已发送给 1 个客户端, seq=undefined
[Broadcast] 画布 canvas-2c4267c4daf5: 已发送给 1 个客户端, seq=undefined
[Broadcast] 画布 canvas-2c4267c4daf5: 已发送给 1 个客户端, seq=undefined
[Broadcast] 画布 canvas-2c4267c4daf5: 已发送给 1 个客户端, seq=undefined
[Broadcast] 画布 canvas-2c4267c4daf5: 已发送给 1 个客户端, seq=undefined
[Broadcast] 画布 canvas-2c4267c4daf5: 已发送给 1 个客户端, seq=undefined
[Broadcast] 画布 canvas-2c4267c4daf5: 已发送给 1 个客户端, seq=undefined
[Broadcast] 画布 canvas-2c4267c4daf5: 已发送给 1 个客户端, seq=undefined
[Broadcast] 画布 canvas-2c4267c4daf5: 已发送给 1 个客户端, seq=undefined
[Broadcast] 画布 canvas-2c4267c4daf5: 已发送给 1 个客户端, seq=undefined
[Broadcast] 画布 canvas-2c4267c4daf5: 已发送给 1 个客户端, seq=undefined
[Broadcast] 画布 canvas-2c4267c4daf5: 已发送给 1 个客户端, seq=undefined
[Broadcast] 画布 canvas-2c4267c4daf5: 已发送给 1 个客户端, seq=undefined
[Kafka] 批量保存完成: count=1, excluded=0, reason=schedule
[Broadcast] 画布 canvas-2c4267c4daf5: 已发送给 1 个客户端, seq=undefined
[Broadcast] 画布 canvas-2c4267c4daf5: 已发送给 1 个客户端, seq=undefined
[Broadcast] 画布 canvas-2c4267c4daf5: 已发送给 1 个客户端, seq=undefined
[消息] userId=test03, canvas=canvas-2c4267c4daf5, action=element_add, id=61205a84-a548-42d1-89f2-d12e5c0f788c, points=0
[Broadcast] 画布 canvas-2c4267c4daf5: 已发送给 1 个客户端, seq=25886
[Broadcast] 画布 canvas-2c4267c4daf5: 已发送给 1 个客户端, seq=undefined
[Broadcast] 画布 canvas-2c4267c4daf5: 已发送给 1 个客户端, seq=undefined
[Broadcast] 画布 canvas-2c4267c4daf5: 已发送给 1 个客户端, seq=undefined
[Broadcast] 画布 canvas-2c4267c4daf5: 已发送给 1 个客户端, seq=undefined
[Broadcast] 画布 canvas-2c4267c4daf5: 已发送给 1 个客户端, seq=undefined
[Broadcast] 画布 canvas-2c4267c4daf5: 已发送给 1 个客户端, seq=undefined
[Broadcast] 画布 canvas-2c4267c4daf5: 已发送给 1 个客户端, seq=undefined
[Broadcast] 画布 canvas-2c4267c4daf5: 已发送给 1 个客户端, seq=undefined
[Broadcast] 画布 canvas-2c4267c4daf5: 已发送给 1 个客户端, seq=undefined
[Broadcast] 画布 canvas-2c4267c4daf5: 已发送给 1 个客户端, seq=undefined
[Broadcast] 画布 canvas-2c4267c4daf5: 已发送给 1 个客户端, seq=undefined
[Kafka] 批量保存完成: count=1, excluded=0, reason=schedule
[Broadcast] 画布 canvas-2c4267c4daf5: 已发送给 1 个客户端, seq=undefined
[Broadcast] 画布 canvas-2c4267c4daf5: 已发送给 1 个客户端, seq=undefined
[Broadcast] 画布 canvas-2c4267c4daf5: 已发送给 1 个客户端, seq=undefined
[Broadcast] 画布 canvas-2c4267c4daf5: 已发送给 1 个客户端, seq=undefined
[Broadcast] 画布 canvas-2c4267c4daf5: 已发送给 1 个客户端, seq=undefined
[Broadcast] 画布 canvas-2c4267c4daf5: 已发送给 1 个客户端, seq=undefined
[Broadcast] 画布 canvas-2c4267c4daf5: 已发送给 1 个客户端, seq=undefined
[消息] userId=test03, canvas=canvas-2c4267c4daf5, action=presence, id=undefined, points=0
[Broadcast] 画布 canvas-2c4267c4daf5: 已发送给 1 个客户端, seq=25887
[Kafka] 批量保存完成: count=1, excluded=0, reason=schedule
[Broadcast] 画布 canvas-2c4267c4daf5: 已发送给 1 个客户端, seq=undefined
[Broadcast] 画布 canvas-2c4267c4daf5: 已发送给 1 个客户端, seq=undefined
[Broadcast] 画布 canvas-2c4267c4daf5: 已发送给 1 个客户端, seq=undefined
[Broadcast] 画布 canvas-2c4267c4daf5: 已发送给 1 个客户端, seq=undefined
[Broadcast] 画布 canvas-2c4267c4daf5: 已发送给 1 个客户端, seq=undefined
[Broadcast] 画布 canvas-2c4267c4daf5: 已发送给 1 个客户端, seq=undefined
[Broadcast] 画布 canvas-2c4267c4daf5: 已发送给 1 个客户端, seq=undefined
[Broadcast] 画布 canvas-2c4267c4daf5: 已发送给 1 个客户端, seq=undefined
[Broadcast] 画布 canvas-2c4267c4daf5: 已发送给 1 个客户端, seq=undefined
[Broadcast] 画布 canvas-2c4267c4daf5: 已发送给 1 个客户端, seq=undefined
[Broadcast] 画布 canvas-2c4267c4daf5: 已发送给 1 个客户端, seq=undefined
[Broadcast] 画布 canvas-2c4267c4daf5: 已发送给 1 个客户端, seq=undefined
[Broadcast] 画布 canvas-2c4267c4daf5: 已发送给 1 个客户端, seq=undefined
[Broadcast] 画布 canvas-2c4267c4daf5: 已发送给 1 个客户端, seq=undefined
[Broadcast] 画布 canvas-2c4267c4daf5: 已发送给 1 个客户端, seq=undefined
[Broadcast] 画布 canvas-2c4267c4daf5: 已发送给 1 个客户端, seq=undefined
[Broadcast] 画布 canvas-2c4267c4daf5: 已发送给 1 个客户端, seq=undefined
[Broadcast] 画布 canvas-2c4267c4daf5: 已发送给 1 个客户端, seq=undefined
[Broadcast] 画布 canvas-2c4267c4daf5: 已发送给 1 个客户端, seq=undefined
[Broadcast] 画布 canvas-2c4267c4daf5: 已发送给 1 个客户端, seq=undefined
[Broadcast] 画布 canvas-2c4267c4daf5: 已发送给 1 个客户端, seq=undefined
[Broadcast] 画布 canvas-2c4267c4daf5: 已发送给 1 个客户端, seq=undefined
[Broadcast] 画布 canvas-2c4267c4daf5: 已发送给 1 个客户端, seq=undefined
[Broadcast] 画布 canvas-2c4267c4daf5: 已发送给 1 个客户端, seq=undefined
[Broadcast] 画布 canvas-2c4267c4daf5: 已发送给 1 个客户端, seq=undefined
[Broadcast] 画布 canvas-2c4267c4daf5: 已发送给 1 个客户端, seq=undefined
[Broadcast] 画布 canvas-2c4267c4daf5: 已发送给 1 个客户端, seq=undefined
[Broadcast] 画布 canvas-2c4267c4daf5: 已发送给 1 个客户端, seq=undefined
[Broadcast] 画布 canvas-2c4267c4daf5: 已发送给 1 个客户端, seq=undefined
[Broadcast] 画布 canvas-2c4267c4daf5: 已发送给 1 个客户端, seq=undefined
[Broadcast] 画布 canvas-2c4267c4daf5: 已发送给 1 个客户端, seq=undefined
[Broadcast] 画布 canvas-2c4267c4daf5: 已发送给 1 个客户端, seq=undefined
[Broadcast] 画布 canvas-2c4267c4daf5: 已发送给 1 个客户端, seq=undefined
[Broadcast] 画布 canvas-2c4267c4daf5: 已发送给 1 个客户端, seq=undefined
[Broadcast] 画布 canvas-2c4267c4daf5: 已发送给 1 个客户端, seq=undefined
[消息] userId=test03, canvas=canvas-2c4267c4daf5, action=presence, id=undefined, points=0
[Broadcast] 画布 canvas-2c4267c4daf5: 已发送给 1 个客户端, seq=25888
[Snapshot] 画布 canvas-2c4267c4daf5 生成快照，sequence_id=25886，笔画数=11，SVG大小=5044字节
[Broadcast] 画布 canvas-2c4267c4daf5: 已发送给 1 个客户端, seq=undefined
[Kafka] 批量保存完成: count=1, excluded=0, reason=schedule
[Broadcast] 画布 canvas-2c4267c4daf5: 已发送给 1 个客户端, seq=undefined
[Broadcast] 画布 canvas-2c4267c4daf5: 已发送给 1 个客户端, seq=undefined
[Broadcast] 画布 canvas-2c4267c4daf5: 已发送给 1 个客户端, seq=undefined
[Broadcast] 画布 canvas-2c4267c4daf5: 已发送给 1 个客户端, seq=undefined
[Broadcast] 画布 canvas-2c4267c4daf5: 已发送给 1 个客户端, seq=undefined
[Broadcast] 画布 canvas-2c4267c4daf5: 已发送给 1 个客户端, seq=undefined
[Broadcast] 画布 canvas-2c4267c4daf5: 已发送给 1 个客户端, seq=undefined
[Broadcast] 画布 canvas-2c4267c4daf5: 已发送给 1 个客户端, seq=undefined
[Broadcast] 画布 canvas-2c4267c4daf5: 已发送给 1 个客户端, seq=undefined
[Broadcast] 画布 canvas-2c4267c4daf5: 已发送给 1 个客户端, seq=undefined
[Broadcast] 画布 canvas-2c4267c4daf5: 已发送给 1 个客户端, seq=undefined
[Broadcast] 画布 canvas-2c4267c4daf5: 已发送给 1 个客户端, seq=undefined
[Broadcast] 画布 canvas-2c4267c4daf5: 已发送给 1 个客户端, seq=undefined
[Broadcast] 画布 canvas-2c4267c4daf5: 已发送给 1 个客户端, seq=undefined
[Broadcast] 画布 canvas-2c4267c4daf5: 已发送给 1 个客户端, seq=undefined
[Broadcast] 画布 canvas-2c4267c4daf5: 已发送给 1 个客户端, seq=undefined
[Broadcast] 画布 canvas-2c4267c4daf5: 已发送给 1 个客户端, seq=undefined
[Broadcast] 画布 canvas-2c4267c4daf5: 已发送给 1 个客户端, seq=undefined
[Broadcast] 画布 canvas-2c4267c4daf5: 已发送给 1 个客户端, seq=undefined
[Broadcast] 画布 canvas-2c4267c4daf5: 已发送给 1 个客户端, seq=undefined
[Broadcast] 画布 canvas-2c4267c4daf5: 已发送给 1 个客户端, seq=undefined
[Broadcast] 画布 canvas-2c4267c4daf5: 已发送给 1 个客户端, seq=undefined
[Broadcast] 画布 canvas-2c4267c4daf5: 已发送给 1 个客户端, seq=undefined
[Broadcast] 画布 canvas-2c4267c4daf5: 已发送给 1 个客户端, seq=undefined
[Broadcast] 画布 canvas-2c4267c4daf5: 已发送给 1 个客户端, seq=undefined
[Broadcast] 画布 canvas-2c4267c4daf5: 已发送给 1 个客户端, seq=undefined
[Broadcast] 画布 canvas-2c4267c4daf5: 已发送给 1 个客户端, seq=undefined
[Broadcast] 画布 canvas-2c4267c4daf5: 已发送给 1 个客户端, seq=undefined
[Broadcast] 画布 canvas-2c4267c4daf5: 已发送给 1 个客户端, seq=undefined
[Broadcast] 画布 canvas-2c4267c4daf5: 已发送给 1 个客户端, seq=undefined
[Broadcast] 画布 canvas-2c4267c4daf5: 已发送给 1 个客户端, seq=undefined
[Broadcast] 画布 canvas-2c4267c4daf5: 已发送给 1 个客户端, seq=undefined
[Broadcast] 画布 canvas-2c4267c4daf5: 已发送给 1 个客户端, seq=undefined
[Broadcast] 画布 canvas-2c4267c4daf5: 已发送给 1 个客户端, seq=undefined
[Broadcast] 画布 canvas-2c4267c4daf5: 已发送给 1 个客户端, seq=undefined
[Broadcast] 画布 canvas-2c4267c4daf5: 已发送给 1 个客户端, seq=undefined
[Broadcast] 画布 canvas-2c4267c4daf5: 已发送给 1 个客户端, seq=undefined
[Broadcast] 画布 canvas-2c4267c4daf5: 已发送给 1 个客户端, seq=undefined
[Broadcast] 画布 canvas-2c4267c4daf5: 已发送给 1 个客户端, seq=undefined
[Broadcast] 画布 canvas-2c4267c4daf5: 已发送给 1 个客户端, seq=undefined
[Broadcast] 画布 canvas-2c4267c4daf5: 已发送给 1 个客户端, seq=undefined
[Broadcast] 画布 canvas-2c4267c4daf5: 已发送给 1 个客户端, seq=undefined
[Broadcast] 画布 canvas-2c4267c4daf5: 已发送给 1 个客户端, seq=undefined
[Broadcast] 画布 canvas-2c4267c4daf5: 已发送给 1 个客户端, seq=undefined
[Broadcast] 画布 canvas-2c4267c4daf5: 已发送给 1 个客户端, seq=undefined
[Broadcast] 画布 canvas-2c4267c4daf5: 已发送给 1 个客户端, seq=undefined
[消息] userId=test03, canvas=canvas-2c4267c4daf5, action=presence, id=undefined, points=0
[Broadcast] 画布 canvas-2c4267c4daf5: 已发送给 1 个客户端, seq=undefined
[Broadcast] 画布 canvas-2c4267c4daf5: 已发送给 1 个客户端, seq=25889
[Kafka] 批量保存完成: count=1, excluded=0, reason=schedule
[消息] userId=test03, canvas=canvas-2c4267c4daf5, action=element_add, id=f19efe4d-1f47-490c-8a8b-26270b0e1d05, points=0
[Broadcast] 画布 canvas-2c4267c4daf5: 已发送给 1 个客户端, seq=25890
[Broadcast] 画布 canvas-2c4267c4daf5: 已发送给 1 个客户端, seq=undefined
[Broadcast] 画布 canvas-2c4267c4daf5: 已发送给 1 个客户端, seq=undefined
[Broadcast] 画布 canvas-2c4267c4daf5: 已发送给 1 个客户端, seq=undefined
[Broadcast] 画布 canvas-2c4267c4daf5: 已发送给 1 个客户端, seq=undefined
[Broadcast] 画布 canvas-2c4267c4daf5: 已发送给 1 个客户端, seq=undefined
[Broadcast] 画布 canvas-2c4267c4daf5: 已发送给 1 个客户端, seq=undefined
[Broadcast] 画布 canvas-2c4267c4daf5: 已发送给 1 个客户端, seq=undefined
[Broadcast] 画布 canvas-2c4267c4daf5: 已发送给 1 个客户端, seq=undefined
[Broadcast] 画布 canvas-2c4267c4daf5: 已发送给 1 个客户端, seq=undefined
[Broadcast] 画布 canvas-2c4267c4daf5: 已发送给 1 个客户端, seq=undefined
[Kafka] 批量保存完成: count=1, excluded=0, reason=schedule
[Broadcast] 画布 canvas-2c4267c4daf5: 已发送给 1 个客户端, seq=undefined
[Broadcast] 画布 canvas-2c4267c4daf5: 已发送给 1 个客户端, seq=undefined
[Broadcast] 画布 canvas-2c4267c4daf5: 已发送给 1 个客户端, seq=undefined
[Broadcast] 画布 canvas-2c4267c4daf5: 已发送给 1 个客户端, seq=undefined
[Broadcast] 画布 canvas-2c4267c4daf5: 已发送给 1 个客户端, seq=undefined
[Broadcast] 画布 canvas-2c4267c4daf5: 已发送给 1 个客户端, seq=undefined
[Broadcast] 画布 canvas-2c4267c4daf5: 已发送给 1 个客户端, seq=undefined
[Broadcast] 画布 canvas-2c4267c4daf5: 已发送给 1 个客户端, seq=undefined
[Broadcast] 画布 canvas-2c4267c4daf5: 已发送给 1 个客户端, seq=undefined
[消息] userId=test03, canvas=canvas-2c4267c4daf5, action=presence, id=undefined, points=0
[Broadcast] 画布 canvas-2c4267c4daf5: 已发送给 1 个客户端, seq=undefined
[Broadcast] 画布 canvas-2c4267c4daf5: 已发送给 1 个客户端, seq=25891
[Broadcast] 画布 canvas-2c4267c4daf5: 已发送给 1 个客户端, seq=undefined
[Kafka] 批量保存完成: count=1, excluded=0, reason=schedule
[Broadcast] 画布 canvas-2c4267c4daf5: 已发送给 1 个客户端, seq=undefined
[Broadcast] 画布 canvas-2c4267c4daf5: 已发送给 1 个客户端, seq=undefined
[Broadcast] 画布 canvas-2c4267c4daf5: 已发送给 1 个客户端, seq=undefined
[Broadcast] 画布 canvas-2c4267c4daf5: 已发送给 1 个客户端, seq=undefined
[Broadcast] 画布 canvas-2c4267c4daf5: 已发送给 1 个客户端, seq=undefined
[Broadcast] 画布 canvas-2c4267c4daf5: 已发送给 1 个客户端, seq=undefined
[Broadcast] 画布 canvas-2c4267c4daf5: 已发送给 1 个客户端, seq=undefined
[Broadcast] 画布 canvas-2c4267c4daf5: 已发送给 1 个客户端, seq=undefined
[Broadcast] 画布 canvas-2c4267c4daf5: 已发送给 1 个客户端, seq=undefined
[Broadcast] 画布 canvas-2c4267c4daf5: 已发送给 1 个客户端, seq=undefined
[Broadcast] 画布 canvas-2c4267c4daf5: 已发送给 1 个客户端, seq=undefined
[Broadcast] 画布 canvas-2c4267c4daf5: 已发送给 1 个客户端, seq=undefined
[Broadcast] 画布 canvas-2c4267c4daf5: 已发送给 1 个客户端, seq=undefined
[Broadcast] 画布 canvas-2c4267c4daf5: 已发送给 1 个客户端, seq=undefined
[Broadcast] 画布 canvas-2c4267c4daf5: 已发送给 1 个客户端, seq=undefined
[Broadcast] 画布 canvas-2c4267c4daf5: 已发送给 1 个客户端, seq=undefined
[Broadcast] 画布 canvas-2c4267c4daf5: 已发送给 1 个客户端, seq=undefined
[Broadcast] 画布 canvas-2c4267c4daf5: 已发送给 1 个客户端, seq=undefined
[Broadcast] 画布 canvas-2c4267c4daf5: 已发送给 1 个客户端, seq=undefined
[Broadcast] 画布 canvas-2c4267c4daf5: 已发送给 1 个客户端, seq=undefined
[Broadcast] 画布 canvas-2c4267c4daf5: 已发送给 1 个客户端, seq=undefined
[Broadcast] 画布 canvas-2c4267c4daf5: 已发送给 1 个客户端, seq=undefined
[Broadcast] 画布 canvas-2c4267c4daf5: 已发送给 1 个客户端, seq=undefined
[Broadcast] 画布 canvas-2c4267c4daf5: 已发送给 1 个客户端, seq=undefined
[Broadcast] 画布 canvas-2c4267c4daf5: 已发送给 1 个客户端, seq=undefined
[Broadcast] 画布 canvas-2c4267c4daf5: 已发送给 1 个客户端, seq=undefined
[Broadcast] 画布 canvas-2c4267c4daf5: 已发送给 1 个客户端, seq=undefined
[Broadcast] 画布 canvas-2c4267c4daf5: 已发送给 1 个客户端, seq=undefined
[Broadcast] 画布 canvas-2c4267c4daf5: 已发送给 1 个客户端, seq=undefined
[Broadcast] 画布 canvas-2c4267c4daf5: 已发送给 1 个客户端, seq=undefined
[Broadcast] 画布 canvas-2c4267c4daf5: 已发送给 1 个客户端, seq=undefined
[Broadcast] 画布 canvas-2c4267c4daf5: 已发送给 1 个客户端, seq=undefined
[Broadcast] 画布 canvas-2c4267c4daf5: 已发送给 1 个客户端, seq=undefined
[Broadcast] 画布 canvas-2c4267c4daf5: 已发送给 1 个客户端, seq=undefined
[Broadcast] 画布 canvas-2c4267c4daf5: 已发送给 1 个客户端, seq=undefined
[Broadcast] 画布 canvas-2c4267c4daf5: 已发送给 1 个客户端, seq=undefined
[Broadcast] 画布 canvas-2c4267c4daf5: 已发送给 1 个客户端, seq=undefined
[Broadcast] 画布 canvas-2c4267c4daf5: 已发送给 1 个客户端, seq=undefined
[Broadcast] 画布 canvas-2c4267c4daf5: 已发送给 1 个客户端, seq=undefined
[Broadcast] 画布 canvas-2c4267c4daf5: 已发送给 1 个客户端, seq=undefined
[Broadcast] 画布 canvas-2c4267c4daf5: 已发送给 1 个客户端, seq=undefined
[Broadcast] 画布 canvas-2c4267c4daf5: 已发送给 1 个客户端, seq=undefined
[Broadcast] 画布 canvas-2c4267c4daf5: 已发送给 1 个客户端, seq=undefined
[Broadcast] 画布 canvas-2c4267c4daf5: 已发送给 1 个客户端, seq=undefined
[Broadcast] 画布 canvas-2c4267c4daf5: 已发送给 1 个客户端, seq=undefined
[Broadcast] 画布 canvas-2c4267c4daf5: 已发送给 1 个客户端, seq=undefined
[Broadcast] 画布 canvas-2c4267c4daf5: 已发送给 1 个客户端, seq=undefined
[Broadcast] 画布 canvas-2c4267c4daf5: 已发送给 1 个客户端, seq=undefined
[Broadcast] 画布 canvas-2c4267c4daf5: 已发送给 1 个客户端, seq=undefined
[Broadcast] 画布 canvas-2c4267c4daf5: 已发送给 1 个客户端, seq=undefined
[Broadcast] 画布 canvas-2c4267c4daf5: 已发送给 1 个客户端, seq=undefined
[Broadcast] 画布 canvas-2c4267c4daf5: 已发送给 1 个客户端, seq=undefined
[Broadcast] 画布 canvas-2c4267c4daf5: 已发送给 1 个客户端, seq=undefined
[Broadcast] 画布 canvas-2c4267c4daf5: 已发送给 1 个客户端, seq=undefined
[Broadcast] 画布 canvas-2c4267c4daf5: 已发送给 1 个客户端, seq=undefined
[Broadcast] 画布 canvas-2c4267c4daf5: 已发送给 1 个客户端, seq=undefined
[Broadcast] 画布 canvas-2c4267c4daf5: 已发送给 1 个客户端, seq=undefined
[Broadcast] 画布 canvas-2c4267c4daf5: 已发送给 1 个客户端, seq=undefined
[Broadcast] 画布 canvas-2c4267c4daf5: 已发送给 1 个客户端, seq=undefined
[消息] userId=test03, canvas=canvas-2c4267c4daf5, action=presence, id=undefined, points=0
[Broadcast] 画布 canvas-2c4267c4daf5: 已发送给 1 个客户端, seq=25892
[Broadcast] 画布 canvas-2c4267c4daf5: 已发送给 1 个客户端, seq=undefined
[Broadcast] 画布 canvas-2c4267c4daf5: 已发送给 1 个客户端, seq=undefined
[Broadcast] 画布 canvas-2c4267c4daf5: 已发送给 1 个客户端, seq=undefined
[Kafka] 批量保存完成: count=1, excluded=0, reason=schedule
[Broadcast] 画布 canvas-2c4267c4daf5: 已发送给 1 个客户端, seq=undefined
[Broadcast] 画布 canvas-2c4267c4daf5: 已发送给 1 个客户端, seq=undefined
[Broadcast] 画布 canvas-2c4267c4daf5: 已发送给 1 个客户端, seq=undefined
[Broadcast] 画布 canvas-2c4267c4daf5: 已发送给 1 个客户端, seq=undefined
[Broadcast] 画布 canvas-2c4267c4daf5: 已发送给 1 个客户端, seq=undefined
[Broadcast] 画布 canvas-2c4267c4daf5: 已发送给 1 个客户端, seq=undefined
[Broadcast] 画布 canvas-2c4267c4daf5: 已发送给 1 个客户端, seq=undefined
[Broadcast] 画布 canvas-2c4267c4daf5: 已发送给 1 个客户端, seq=undefined
[Broadcast] 画布 canvas-2c4267c4daf5: 已发送给 1 个客户端, seq=undefined
[Broadcast] 画布 canvas-2c4267c4daf5: 已发送给 1 个客户端, seq=undefined
[Broadcast] 画布 canvas-2c4267c4daf5: 已发送给 1 个客户端, seq=undefined
[Broadcast] 画布 canvas-2c4267c4daf5: 已发送给 1 个客户端, seq=undefined
[Broadcast] 画布 canvas-2c4267c4daf5: 已发送给 1 个客户端, seq=undefined
[Broadcast] 画布 canvas-2c4267c4daf5: 已发送给 1 个客户端, seq=undefined
[Broadcast] 画布 canvas-2c4267c4daf5: 已发送给 1 个客户端, seq=undefined
[Broadcast] 画布 canvas-2c4267c4daf5: 已发送给 1 个客户端, seq=undefined
[Broadcast] 画布 canvas-2c4267c4daf5: 已发送给 1 个客户端, seq=undefined
[Broadcast] 画布 canvas-2c4267c4daf5: 已发送给 1 个客户端, seq=undefined
[Broadcast] 画布 canvas-2c4267c4daf5: 已发送给 1 个客户端, seq=undefined
[Broadcast] 画布 canvas-2c4267c4daf5: 已发送给 1 个客户端, seq=undefined
[Broadcast] 画布 canvas-2c4267c4daf5: 已发送给 1 个客户端, seq=undefined
[Broadcast] 画布 canvas-2c4267c4daf5: 已发送给 1 个客户端, seq=undefined
[Broadcast] 画布 canvas-2c4267c4daf5: 已发送给 1 个客户端, seq=undefined
[Broadcast] 画布 canvas-2c4267c4daf5: 已发送给 1 个客户端, seq=undefined
[Broadcast] 画布 canvas-2c4267c4daf5: 已发送给 1 个客户端, seq=undefined
[Broadcast] 画布 canvas-2c4267c4daf5: 已发送给 1 个客户端, seq=undefined
[Broadcast] 画布 canvas-2c4267c4daf5: 已发送给 1 个客户端, seq=undefined
[Broadcast] 画布 canvas-2c4267c4daf5: 已发送给 1 个客户端, seq=undefined
[Broadcast] 画布 canvas-2c4267c4daf5: 已发送给 1 个客户端, seq=undefined
[Broadcast] 画布 canvas-2c4267c4daf5: 已发送给 1 个客户端, seq=undefined
[Broadcast] 画布 canvas-2c4267c4daf5: 已发送给 1 个客户端, seq=undefined
[消息] userId=test03, canvas=canvas-2c4267c4daf5, action=stroke, id=ef31f50a-79d8-4dd7-aa79-39d60b77210e, points=29
[Broadcast] 画布 canvas-2c4267c4daf5: 已发送给 1 个客户端, seq=25893
[Broadcast] 画布 canvas-2c4267c4daf5: 已发送给 1 个客户端, seq=undefined
[Kafka] 批量保存完成: count=1, excluded=0, reason=schedule
[Broadcast] 画布 canvas-2c4267c4daf5: 已发送给 1 个客户端, seq=undefined
[Broadcast] 画布 canvas-2c4267c4daf5: 已发送给 1 个客户端, seq=undefined
[Broadcast] 画布 canvas-2c4267c4daf5: 已发送给 1 个客户端, seq=undefined
[Broadcast] 画布 canvas-2c4267c4daf5: 已发送给 1 个客户端, seq=undefined
[Broadcast] 画布 canvas-2c4267c4daf5: 已发送给 1 个客户端, seq=undefined
[Broadcast] 画布 canvas-2c4267c4daf5: 已发送给 1 个客户端, seq=undefined
[Broadcast] 画布 canvas-2c4267c4daf5: 已发送给 1 个客户端, seq=undefined
[Broadcast] 画布 canvas-2c4267c4daf5: 已发送给 1 个客户端, seq=undefined
[Broadcast] 画布 canvas-2c4267c4daf5: 已发送给 1 个客户端, seq=undefined
[Broadcast] 画布 canvas-2c4267c4daf5: 已发送给 1 个客户端, seq=undefined
[消息] userId=test03, canvas=canvas-2c4267c4daf5, action=stroke, id=39e1c513-1a0e-470d-a77f-ee1aca31085a, points=3
[Broadcast] 画布 canvas-2c4267c4daf5: 已发送给 1 个客户端, seq=25894
[Broadcast] 画布 canvas-2c4267c4daf5: 已发送给 1 个客户端, seq=undefined
[Broadcast] 画布 canvas-2c4267c4daf5: 已发送给 1 个客户端, seq=undefined
[Broadcast] 画布 canvas-2c4267c4daf5: 已发送给 1 个客户端, seq=undefined
[Kafka] 批量保存完成: count=1, excluded=0, reason=schedule
[Broadcast] 画布 canvas-2c4267c4daf5: 已发送给 1 个客户端, seq=undefined
[Broadcast] 画布 canvas-2c4267c4daf5: 已发送给 1 个客户端, seq=undefined
[Broadcast] 画布 canvas-2c4267c4daf5: 已发送给 1 个客户端, seq=undefined
[Broadcast] 画布 canvas-2c4267c4daf5: 已发送给 1 个客户端, seq=undefined
[Broadcast] 画布 canvas-2c4267c4daf5: 已发送给 1 个客户端, seq=undefined
[Broadcast] 画布 canvas-2c4267c4daf5: 已发送给 1 个客户端, seq=undefined
[Broadcast] 画布 canvas-2c4267c4daf5: 已发送给 1 个客户端, seq=undefined
[Broadcast] 画布 canvas-2c4267c4daf5: 已发送给 1 个客户端, seq=undefined
[Broadcast] 画布 canvas-2c4267c4daf5: 已发送给 1 个客户端, seq=undefined
[消息] userId=test03, canvas=canvas-2c4267c4daf5, action=presence, id=undefined, points=0
[Broadcast] 画布 canvas-2c4267c4daf5: 已发送给 1 个客户端, seq=25895
[Broadcast] 画布 canvas-2c4267c4daf5: 已发送给 1 个客户端, seq=undefined
[Broadcast] 画布 canvas-2c4267c4daf5: 已发送给 1 个客户端, seq=undefined
[Broadcast] 画布 canvas-2c4267c4daf5: 已发送给 1 个客户端, seq=undefined
[Broadcast] 画布 canvas-2c4267c4daf5: 已发送给 1 个客户端, seq=undefined
[Kafka] 批量保存完成: count=1, excluded=0, reason=schedule
[Broadcast] 画布 canvas-2c4267c4daf5: 已发送给 1 个客户端, seq=undefined
[Broadcast] 画布 canvas-2c4267c4daf5: 已发送给 1 个客户端, seq=undefined
[Broadcast] 画布 canvas-2c4267c4daf5: 已发送给 1 个客户端, seq=undefined
[Broadcast] 画布 canvas-2c4267c4daf5: 已发送给 1 个客户端, seq=undefined
[Broadcast] 画布 canvas-2c4267c4daf5: 已发送给 1 个客户端, seq=undefined
[Broadcast] 画布 canvas-2c4267c4daf5: 已发送给 1 个客户端, seq=undefined
[Broadcast] 画布 canvas-2c4267c4daf5: 已发送给 1 个客户端, seq=undefined
[Broadcast] 画布 canvas-2c4267c4daf5: 已发送给 1 个客户端, seq=undefined
[Broadcast] 画布 canvas-2c4267c4daf5: 已发送给 1 个客户端, seq=undefined
[Broadcast] 画布 canvas-2c4267c4daf5: 已发送给 1 个客户端, seq=undefined
[Broadcast] 画布 canvas-2c4267c4daf5: 已发送给 1 个客户端, seq=undefined
[Broadcast] 画布 canvas-2c4267c4daf5: 已发送给 1 个客户端, seq=undefined
[Broadcast] 画布 canvas-2c4267c4daf5: 已发送给 1 个客户端, seq=undefined
[Broadcast] 画布 canvas-2c4267c4daf5: 已发送给 1 个客户端, seq=undefined
[Broadcast] 画布 canvas-2c4267c4daf5: 已发送给 1 个客户端, seq=undefined
[Broadcast] 画布 canvas-2c4267c4daf5: 已发送给 1 个客户端, seq=undefined
[Broadcast] 画布 canvas-2c4267c4daf5: 已发送给 1 个客户端, seq=undefined
[Broadcast] 画布 canvas-2c4267c4daf5: 已发送给 1 个客户端, seq=undefined
[Broadcast] 画布 canvas-2c4267c4daf5: 已发送给 1 个客户端, seq=undefined
[Broadcast] 画布 canvas-2c4267c4daf5: 已发送给 1 个客户端, seq=undefined
[Broadcast] 画布 canvas-2c4267c4daf5: 已发送给 1 个客户端, seq=undefined
[Broadcast] 画布 canvas-2c4267c4daf5: 已发送给 1 个客户端, seq=undefined
[Broadcast] 画布 canvas-2c4267c4daf5: 已发送给 1 个客户端, seq=undefined
[Broadcast] 画布 canvas-2c4267c4daf5: 已发送给 1 个客户端, seq=undefined
[Broadcast] 画布 canvas-2c4267c4daf5: 已发送给 1 个客户端, seq=undefined
[消息] userId=test03, canvas=canvas-2c4267c4daf5, action=stroke, id=1934cbb9-a38a-4c77-8c9a-176e4cbc4552, points=7
[Broadcast] 画布 canvas-2c4267c4daf5: 已发送给 1 个客户端, seq=undefined
[Broadcast] 画布 canvas-2c4267c4daf5: 已发送给 1 个客户端, seq=25896
[Broadcast] 画布 canvas-2c4267c4daf5: 已发送给 1 个客户端, seq=undefined
[Broadcast] 画布 canvas-2c4267c4daf5: 已发送给 1 个客户端, seq=undefined
[Broadcast] 画布 canvas-2c4267c4daf5: 已发送给 1 个客户端, seq=undefined
[Broadcast] 画布 canvas-2c4267c4daf5: 已发送给 1 个客户端, seq=undefined
[Broadcast] 画布 canvas-2c4267c4daf5: 已发送给 1 个客户端, seq=undefined
[Broadcast] 画布 canvas-2c4267c4daf5: 已发送给 1 个客户端, seq=undefined
[Broadcast] 画布 canvas-2c4267c4daf5: 已发送给 1 个客户端, seq=undefined
[Kafka] 批量保存完成: count=1, excluded=0, reason=schedule
[Broadcast] 画布 canvas-2c4267c4daf5: 已发送给 1 个客户端, seq=undefined
[Broadcast] 画布 canvas-2c4267c4daf5: 已发送给 1 个客户端, seq=undefined
[Broadcast] 画布 canvas-2c4267c4daf5: 已发送给 1 个客户端, seq=undefined
[消息] userId=test03, canvas=canvas-2c4267c4daf5, action=stroke, id=6dd6cdc3-2591-4084-9393-9728388825c4, points=2
[Broadcast] 画布 canvas-2c4267c4daf5: 已发送给 1 个客户端, seq=25897
[Broadcast] 画布 canvas-2c4267c4daf5: 已发送给 1 个客户端, seq=undefined
[Broadcast] 画布 canvas-2c4267c4daf5: 已发送给 1 个客户端, seq=undefined
[Broadcast] 画布 canvas-2c4267c4daf5: 已发送给 1 个客户端, seq=undefined
[Broadcast] 画布 canvas-2c4267c4daf5: 已发送给 1 个客户端, seq=undefined
[Broadcast] 画布 canvas-2c4267c4daf5: 已发送给 1 个客户端, seq=undefined
[Broadcast] 画布 canvas-2c4267c4daf5: 已发送给 1 个客户端, seq=undefined
[Broadcast] 画布 canvas-2c4267c4daf5: 已发送给 1 个客户端, seq=undefined
[Broadcast] 画布 canvas-2c4267c4daf5: 已发送给 1 个客户端, seq=undefined
[Broadcast] 画布 canvas-2c4267c4daf5: 已发送给 1 个客户端, seq=undefined
[Broadcast] 画布 canvas-2c4267c4daf5: 已发送给 1 个客户端, seq=undefined
[Broadcast] 画布 canvas-2c4267c4daf5: 已发送给 1 个客户端, seq=undefined
[Broadcast] 画布 canvas-2c4267c4daf5: 已发送给 1 个客户端, seq=undefined
[Broadcast] 画布 canvas-2c4267c4daf5: 已发送给 1 个客户端, seq=undefined
[Kafka] 批量保存完成: count=1, excluded=0, reason=schedule
[Broadcast] 画布 canvas-2c4267c4daf5: 已发送给 1 个客户端, seq=undefined
[Broadcast] 画布 canvas-2c4267c4daf5: 已发送给 1 个客户端, seq=undefined
[Broadcast] 画布 canvas-2c4267c4daf5: 已发送给 1 个客户端, seq=undefined
[Broadcast] 画布 canvas-2c4267c4daf5: 已发送给 1 个客户端, seq=undefined
[消息] userId=test03, canvas=canvas-2c4267c4daf5, action=presence, id=undefined, points=0
[Broadcast] 画布 canvas-2c4267c4daf5: 已发送给 1 个客户端, seq=25898
[Broadcast] 画布 canvas-2c4267c4daf5: 已发送给 1 个客户端, seq=undefined
[Broadcast] 画布 canvas-2c4267c4daf5: 已发送给 1 个客户端, seq=undefined
[Broadcast] 画布 canvas-2c4267c4daf5: 已发送给 1 个客户端, seq=undefined
[Kafka] 批量保存完成: count=1, excluded=0, reason=schedule
[Broadcast] 画布 canvas-2c4267c4daf5: 已发送给 1 个客户端, seq=undefined
[Broadcast] 画布 canvas-2c4267c4daf5: 已发送给 1 个客户端, seq=undefined
[Broadcast] 画布 canvas-2c4267c4daf5: 已发送给 1 个客户端, seq=undefined
[Broadcast] 画布 canvas-2c4267c4daf5: 已发送给 1 个客户端, seq=undefined
[Broadcast] 画布 canvas-2c4267c4daf5: 已发送给 1 个客户端, seq=undefined
[Broadcast] 画布 canvas-2c4267c4daf5: 已发送给 1 个客户端, seq=undefined
[消息] userId=test03, canvas=canvas-2c4267c4daf5, action=stroke, id=35271bbc-d57b-48ba-ac9a-463bfe959c32, points=5
[Broadcast] 画布 canvas-2c4267c4daf5: 已发送给 1 个客户端, seq=undefined
[Broadcast] 画布 canvas-2c4267c4daf5: 已发送给 1 个客户端, seq=25899
[Broadcast] 画布 canvas-2c4267c4daf5: 已发送给 1 个客户端, seq=undefined
[Broadcast] 画布 canvas-2c4267c4daf5: 已发送给 1 个客户端, seq=undefined
[Broadcast] 画布 canvas-2c4267c4daf5: 已发送给 1 个客户端, seq=undefined
[Broadcast] 画布 canvas-2c4267c4daf5: 已发送给 1 个客户端, seq=undefined
[Broadcast] 画布 canvas-2c4267c4daf5: 已发送给 1 个客户端, seq=undefined
[Broadcast] 画布 canvas-2c4267c4daf5: 已发送给 1 个客户端, seq=undefined
[Broadcast] 画布 canvas-2c4267c4daf5: 已发送给 1 个客户端, seq=undefined
[Broadcast] 画布 canvas-2c4267c4daf5: 已发送给 1 个客户端, seq=undefined
[Broadcast] 画布 canvas-2c4267c4daf5: 已发送给 1 个客户端, seq=undefined
[Broadcast] 画布 canvas-2c4267c4daf5: 已发送给 1 个客户端, seq=undefined
[Broadcast] 画布 canvas-2c4267c4daf5: 已发送给 1 个客户端, seq=undefined
[Broadcast] 画布 canvas-2c4267c4daf5: 已发送给 1 个客户端, seq=undefined
[Kafka] 批量保存完成: count=1, excluded=0, reason=schedule
[Broadcast] 画布 canvas-2c4267c4daf5: 已发送给 1 个客户端, seq=undefined
[消息] userId=test03, canvas=canvas-2c4267c4daf5, action=stroke, id=4e20c610-2b08-4cd6-9663-9fbdde799358, points=3
[Broadcast] 画布 canvas-2c4267c4daf5: 已发送给 1 个客户端, seq=25900
[Broadcast] 画布 canvas-2c4267c4daf5: 已发送给 1 个客户端, seq=undefined
[Broadcast] 画布 canvas-2c4267c4daf5: 已发送给 1 个客户端, seq=undefined
[Broadcast] 画布 canvas-2c4267c4daf5: 已发送给 1 个客户端, seq=undefined
[Broadcast] 画布 canvas-2c4267c4daf5: 已发送给 1 个客户端, seq=undefined
[Broadcast] 画布 canvas-2c4267c4daf5: 已发送给 1 个客户端, seq=undefined
[Broadcast] 画布 canvas-2c4267c4daf5: 已发送给 1 个客户端, seq=undefined
[Broadcast] 画布 canvas-2c4267c4daf5: 已发送给 1 个客户端, seq=undefined
[Broadcast] 画布 canvas-2c4267c4daf5: 已发送给 1 个客户端, seq=undefined
[Broadcast] 画布 canvas-2c4267c4daf5: 已发送给 1 个客户端, seq=undefined
[Broadcast] 画布 canvas-2c4267c4daf5: 已发送给 1 个客户端, seq=undefined
[Broadcast] 画布 canvas-2c4267c4daf5: 已发送给 1 个客户端, seq=undefined
[Broadcast] 画布 canvas-2c4267c4daf5: 已发送给 1 个客户端, seq=undefined
[Broadcast] 画布 canvas-2c4267c4daf5: 已发送给 1 个客户端, seq=undefined
[Kafka] 批量保存完成: count=1, excluded=0, reason=schedule
[Broadcast] 画布 canvas-2c4267c4daf5: 已发送给 1 个客户端, seq=undefined
[Broadcast] 画布 canvas-2c4267c4daf5: 已发送给 1 个客户端, seq=undefined
[Broadcast] 画布 canvas-2c4267c4daf5: 已发送给 1 个客户端, seq=undefined
[Broadcast] 画布 canvas-2c4267c4daf5: 已发送给 1 个客户端, seq=undefined
[Broadcast] 画布 canvas-2c4267c4daf5: 已发送给 1 个客户端, seq=undefined
[Broadcast] 画布 canvas-2c4267c4daf5: 已发送给 1 个客户端, seq=undefined
[Broadcast] 画布 canvas-2c4267c4daf5: 已发送给 1 个客户端, seq=undefined
[Broadcast] 画布 canvas-2c4267c4daf5: 已发送给 1 个客户端, seq=undefined
[Broadcast] 画布 canvas-2c4267c4daf5: 已发送给 1 个客户端, seq=undefined
[Broadcast] 画布 canvas-2c4267c4daf5: 已发送给 1 个客户端, seq=undefined
[Broadcast] 画布 canvas-2c4267c4daf5: 已发送给 1 个客户端, seq=undefined
[Broadcast] 画布 canvas-2c4267c4daf5: 已发送给 1 个客户端, seq=undefined
[Broadcast] 画布 canvas-2c4267c4daf5: 已发送给 1 个客户端, seq=undefined
[Broadcast] 画布 canvas-2c4267c4daf5: 已发送给 1 个客户端, seq=undefined
[Broadcast] 画布 canvas-2c4267c4daf5: 已发送给 1 个客户端, seq=undefined
[Broadcast] 画布 canvas-2c4267c4daf5: 已发送给 1 个客户端, seq=undefined
[Broadcast] 画布 canvas-2c4267c4daf5: 已发送给 1 个客户端, seq=undefined
[Broadcast] 画布 canvas-2c4267c4daf5: 已发送给 1 个客户端, seq=undefined
[Broadcast] 画布 canvas-2c4267c4daf5: 已发送给 1 个客户端, seq=undefined
[Broadcast] 画布 canvas-2c4267c4daf5: 已发送给 1 个客户端, seq=undefined
[消息] userId=test03, canvas=canvas-2c4267c4daf5, action=presence, id=undefined, points=0
[Broadcast] 画布 canvas-2c4267c4daf5: 已发送给 1 个客户端, seq=25901
[Broadcast] 画布 canvas-2c4267c4daf5: 已发送给 1 个客户端, seq=undefined
[Broadcast] 画布 canvas-2c4267c4daf5: 已发送给 1 个客户端, seq=undefined
[Broadcast] 画布 canvas-2c4267c4daf5: 已发送给 1 个客户端, seq=undefined
[Broadcast] 画布 canvas-2c4267c4daf5: 已发送给 1 个客户端, seq=undefined
[Broadcast] 画布 canvas-2c4267c4daf5: 已发送给 1 个客户端, seq=undefined
[Broadcast] 画布 canvas-2c4267c4daf5: 已发送给 1 个客户端, seq=undefined
[Broadcast] 画布 canvas-2c4267c4daf5: 已发送给 1 个客户端, seq=undefined
[Kafka] 批量保存完成: count=1, excluded=0, reason=schedule
[Broadcast] 画布 canvas-2c4267c4daf5: 已发送给 1 个客户端, seq=undefined
[Broadcast] 画布 canvas-2c4267c4daf5: 已发送给 1 个客户端, seq=undefined
[Broadcast] 画布 canvas-2c4267c4daf5: 已发送给 1 个客户端, seq=undefined
[Broadcast] 画布 canvas-2c4267c4daf5: 已发送给 1 个客户端, seq=undefined
[Broadcast] 画布 canvas-2c4267c4daf5: 已发送给 1 个客户端, seq=undefined
[Broadcast] 画布 canvas-2c4267c4daf5: 已发送给 1 个客户端, seq=undefined
[消息] userId=test03, canvas=canvas-2c4267c4daf5, action=stroke, id=cf6b7c47-9c7e-4320-8cc0-c7de83e62e10, points=13
[Broadcast] 画布 canvas-2c4267c4daf5: 已发送给 1 个客户端, seq=25902
[Broadcast] 画布 canvas-2c4267c4daf5: 已发送给 1 个客户端, seq=undefined
[Snapshot] 画布 canvas-2c4267c4daf5 生成快照，sequence_id=25900，笔画数=18，SVG大小=9330字节
[Broadcast] 画布 canvas-2c4267c4daf5: 已发送给 1 个客户端, seq=undefined
[Broadcast] 画布 canvas-2c4267c4daf5: 已发送给 1 个客户端, seq=undefined
[Broadcast] 画布 canvas-2c4267c4daf5: 已发送给 1 个客户端, seq=undefined
[Broadcast] 画布 canvas-2c4267c4daf5: 已发送给 1 个客户端, seq=undefined
[Broadcast] 画布 canvas-2c4267c4daf5: 已发送给 1 个客户端, seq=undefined
[Broadcast] 画布 canvas-2c4267c4daf5: 已发送给 1 个客户端, seq=undefined
[Broadcast] 画布 canvas-2c4267c4daf5: 已发送给 1 个客户端, seq=undefined
[Kafka] 批量保存完成: count=1, excluded=0, reason=schedule
[Broadcast] 画布 canvas-2c4267c4daf5: 已发送给 1 个客户端, seq=undefined
[Broadcast] 画布 canvas-2c4267c4daf5: 已发送给 1 个客户端, seq=undefined
[Broadcast] 画布 canvas-2c4267c4daf5: 已发送给 1 个客户端, seq=undefined
[Broadcast] 画布 canvas-2c4267c4daf5: 已发送给 1 个客户端, seq=undefined
[Broadcast] 画布 canvas-2c4267c4daf5: 已发送给 1 个客户端, seq=undefined
[Broadcast] 画布 canvas-2c4267c4daf5: 已发送给 1 个客户端, seq=undefined
[Broadcast] 画布 canvas-2c4267c4daf5: 已发送给 1 个客户端, seq=undefined
[Broadcast] 画布 canvas-2c4267c4daf5: 已发送给 1 个客户端, seq=undefined
[Broadcast] 画布 canvas-2c4267c4daf5: 已发送给 1 个客户端, seq=undefined
[Broadcast] 画布 canvas-2c4267c4daf5: 已发送给 1 个客户端, seq=undefined
[Broadcast] 画布 canvas-2c4267c4daf5: 已发送给 1 个客户端, seq=undefined
[Broadcast] 画布 canvas-2c4267c4daf5: 已发送给 1 个客户端, seq=undefined
[Broadcast] 画布 canvas-2c4267c4daf5: 已发送给 1 个客户端, seq=undefined
[Broadcast] 画布 canvas-2c4267c4daf5: 已发送给 1 个客户端, seq=undefined
[Broadcast] 画布 canvas-2c4267c4daf5: 已发送给 1 个客户端, seq=undefined
[Broadcast] 画布 canvas-2c4267c4daf5: 已发送给 1 个客户端, seq=undefined
[Broadcast] 画布 canvas-2c4267c4daf5: 已发送给 1 个客户端, seq=undefined
[Broadcast] 画布 canvas-2c4267c4daf5: 已发送给 1 个客户端, seq=undefined
[Broadcast] 画布 canvas-2c4267c4daf5: 已发送给 1 个客户端, seq=undefined
[Broadcast] 画布 canvas-2c4267c4daf5: 已发送给 1 个客户端, seq=undefined
[Broadcast] 画布 canvas-2c4267c4daf5: 已发送给 1 个客户端, seq=undefined
[Broadcast] 画布 canvas-2c4267c4daf5: 已发送给 1 个客户端, seq=undefined
[Broadcast] 画布 canvas-2c4267c4daf5: 已发送给 1 个客户端, seq=undefined
[Broadcast] 画布 canvas-2c4267c4daf5: 已发送给 1 个客户端, seq=undefined
[Broadcast] 画布 canvas-2c4267c4daf5: 已发送给 1 个客户端, seq=undefined
[Broadcast] 画布 canvas-2c4267c4daf5: 已发送给 1 个客户端, seq=undefined
[Broadcast] 画布 canvas-2c4267c4daf5: 已发送给 1 个客户端, seq=undefined
[Broadcast] 画布 canvas-2c4267c4daf5: 已发送给 1 个客户端, seq=undefined
[Broadcast] 画布 canvas-2c4267c4daf5: 已发送给 1 个客户端, seq=undefined
[Broadcast] 画布 canvas-2c4267c4daf5: 已发送给 1 个客户端, seq=undefined
[Broadcast] 画布 canvas-2c4267c4daf5: 已发送给 1 个客户端, seq=undefined
[Broadcast] 画布 canvas-2c4267c4daf5: 已发送给 1 个客户端, seq=undefined
[Broadcast] 画布 canvas-2c4267c4daf5: 已发送给 1 个客户端, seq=undefined
[Broadcast] 画布 canvas-2c4267c4daf5: 已发送给 1 个客户端, seq=undefined
[Broadcast] 画布 canvas-2c4267c4daf5: 已发送给 1 个客户端, seq=undefined
[Broadcast] 画布 canvas-2c4267c4daf5: 已发送给 1 个客户端, seq=undefined
[Broadcast] 画布 canvas-2c4267c4daf5: 已发送给 1 个客户端, seq=undefined
[Broadcast] 画布 canvas-2c4267c4daf5: 已发送给 1 个客户端, seq=undefined
[Broadcast] 画布 canvas-2c4267c4daf5: 已发送给 1 个客户端, seq=undefined
[Broadcast] 画布 canvas-2c4267c4daf5: 已发送给 1 个客户端, seq=undefined
[Broadcast] 画布 canvas-2c4267c4daf5: 已发送给 1 个客户端, seq=undefined
[Broadcast] 画布 canvas-2c4267c4daf5: 已发送给 1 个客户端, seq=undefined
[Broadcast] 画布 canvas-2c4267c4daf5: 已发送给 1 个客户端, seq=undefined
[Broadcast] 画布 canvas-2c4267c4daf5: 已发送给 1 个客户端, seq=undefined
[Broadcast] 画布 canvas-2c4267c4daf5: 已发送给 1 个客户端, seq=undefined
[Broadcast] 画布 canvas-2c4267c4daf5: 已发送给 1 个客户端, seq=undefined
[Broadcast] 画布 canvas-2c4267c4daf5: 已发送给 1 个客户端, seq=undefined
[消息] userId=test03, canvas=canvas-2c4267c4daf5, action=presence, id=undefined, points=0
[Broadcast] 画布 canvas-2c4267c4daf5: 已发送给 1 个客户端, seq=25903
[Broadcast] 画布 canvas-2c4267c4daf5: 已发送给 1 个客户端, seq=undefined
[Broadcast] 画布 canvas-2c4267c4daf5: 已发送给 1 个客户端, seq=undefined
[Broadcast] 画布 canvas-2c4267c4daf5: 已发送给 1 个客户端, seq=undefined
[Kafka] 批量保存完成: count=1, excluded=0, reason=schedule
[Broadcast] 画布 canvas-2c4267c4daf5: 已发送给 1 个客户端, seq=undefined
[Broadcast] 画布 canvas-2c4267c4daf5: 已发送给 1 个客户端, seq=undefined
[Broadcast] 画布 canvas-2c4267c4daf5: 已发送给 1 个客户端, seq=undefined
[Broadcast] 画布 canvas-2c4267c4daf5: 已发送给 1 个客户端, seq=undefined
[Broadcast] 画布 canvas-2c4267c4daf5: 已发送给 1 个客户端, seq=undefined
[Broadcast] 画布 canvas-2c4267c4daf5: 已发送给 1 个客户端, seq=undefined
[Broadcast] 画布 canvas-2c4267c4daf5: 已发送给 1 个客户端, seq=undefined
[Broadcast] 画布 canvas-2c4267c4daf5: 已发送给 1 个客户端, seq=undefined
[Broadcast] 画布 canvas-2c4267c4daf5: 已发送给 1 个客户端, seq=undefined
[Broadcast] 画布 canvas-2c4267c4daf5: 已发送给 1 个客户端, seq=undefined
[Broadcast] 画布 canvas-2c4267c4daf5: 已发送给 1 个客户端, seq=undefined
[Broadcast] 画布 canvas-2c4267c4daf5: 已发送给 1 个客户端, seq=undefined
[Broadcast] 画布 canvas-2c4267c4daf5: 已发送给 1 个客户端, seq=undefined
[Broadcast] 画布 canvas-2c4267c4daf5: 已发送给 1 个客户端, seq=undefined
[Broadcast] 画布 canvas-2c4267c4daf5: 已发送给 1 个客户端, seq=undefined
[Broadcast] 画布 canvas-2c4267c4daf5: 已发送给 1 个客户端, seq=undefined
[Broadcast] 画布 canvas-2c4267c4daf5: 已发送给 1 个客户端, seq=undefined
[Broadcast] 画布 canvas-2c4267c4daf5: 已发送给 1 个客户端, seq=undefined
[Broadcast] 画布 canvas-2c4267c4daf5: 已发送给 1 个客户端, seq=undefined
[Broadcast] 画布 canvas-2c4267c4daf5: 已发送给 1 个客户端, seq=undefined
[Broadcast] 画布 canvas-2c4267c4daf5: 已发送给 1 个客户端, seq=undefined
[Broadcast] 画布 canvas-2c4267c4daf5: 已发送给 1 个客户端, seq=undefined
[Broadcast] 画布 canvas-2c4267c4daf5: 已发送给 1 个客户端, seq=undefined
[Broadcast] 画布 canvas-2c4267c4daf5: 已发送给 1 个客户端, seq=undefined
[Broadcast] 画布 canvas-2c4267c4daf5: 已发送给 1 个客户端, seq=undefined
[Broadcast] 画布 canvas-2c4267c4daf5: 已发送给 1 个客户端, seq=undefined
[消息] userId=test03, canvas=canvas-2c4267c4daf5, action=stroke, id=cc68e969-4662-42e5-a95a-19acbeb06d6a, points=21
[Broadcast] 画布 canvas-2c4267c4daf5: 已发送给 1 个客户端, seq=25904
[Broadcast] 画布 canvas-2c4267c4daf5: 已发送给 1 个客户端, seq=undefined
[Kafka] 批量保存完成: count=1, excluded=0, reason=schedule
[Broadcast] 画布 canvas-2c4267c4daf5: 已发送给 1 个客户端, seq=undefined
[Broadcast] 画布 canvas-2c4267c4daf5: 已发送给 1 个客户端, seq=undefined
[Broadcast] 画布 canvas-2c4267c4daf5: 已发送给 1 个客户端, seq=undefined
[Broadcast] 画布 canvas-2c4267c4daf5: 已发送给 1 个客户端, seq=undefined
[Broadcast] 画布 canvas-2c4267c4daf5: 已发送给 1 个客户端, seq=undefined
[Broadcast] 画布 canvas-2c4267c4daf5: 已发送给 1 个客户端, seq=undefined
[Broadcast] 画布 canvas-2c4267c4daf5: 已发送给 1 个客户端, seq=undefined
[Broadcast] 画布 canvas-2c4267c4daf5: 已发送给 1 个客户端, seq=undefined
[Broadcast] 画布 canvas-2c4267c4daf5: 已发送给 1 个客户端, seq=undefined
[Broadcast] 画布 canvas-2c4267c4daf5: 已发送给 1 个客户端, seq=undefined
[Broadcast] 画布 canvas-2c4267c4daf5: 已发送给 1 个客户端, seq=undefined
[Broadcast] 画布 canvas-2c4267c4daf5: 已发送给 1 个客户端, seq=undefined
[Broadcast] 画布 canvas-2c4267c4daf5: 已发送给 1 个客户端, seq=undefined
[Broadcast] 画布 canvas-2c4267c4daf5: 已发送给 1 个客户端, seq=undefined
[Broadcast] 画布 canvas-2c4267c4daf5: 已发送给 1 个客户端, seq=undefined
[Broadcast] 画布 canvas-2c4267c4daf5: 已发送给 1 个客户端, seq=undefined
[Broadcast] 画布 canvas-2c4267c4daf5: 已发送给 1 个客户端, seq=undefined
[Broadcast] 画布 canvas-2c4267c4daf5: 已发送给 1 个客户端, seq=undefined
[Broadcast] 画布 canvas-2c4267c4daf5: 已发送给 1 个客户端, seq=undefined
[Broadcast] 画布 canvas-2c4267c4daf5: 已发送给 1 个客户端, seq=undefined
[Broadcast] 画布 canvas-2c4267c4daf5: 已发送给 1 个客户端, seq=undefined
[Broadcast] 画布 canvas-2c4267c4daf5: 已发送给 1 个客户端, seq=undefined
[Broadcast] 画布 canvas-2c4267c4daf5: 已发送给 1 个客户端, seq=undefined
[Broadcast] 画布 canvas-2c4267c4daf5: 已发送给 1 个客户端, seq=undefined
[Broadcast] 画布 canvas-2c4267c4daf5: 已发送给 1 个客户端, seq=undefined
[Broadcast] 画布 canvas-2c4267c4daf5: 已发送给 1 个客户端, seq=undefined
[Broadcast] 画布 canvas-2c4267c4daf5: 已发送给 1 个客户端, seq=undefined
[消息] userId=test03, canvas=canvas-2c4267c4daf5, action=stroke, id=65870b33-642e-4e19-84c4-ec4c63a31180, points=9
[Broadcast] 画布 canvas-2c4267c4daf5: 已发送给 1 个客户端, seq=25905
[Broadcast] 画布 canvas-2c4267c4daf5: 已发送给 1 个客户端, seq=undefined
[Broadcast] 画布 canvas-2c4267c4daf5: 已发送给 1 个客户端, seq=undefined
[Kafka] 批量保存完成: count=1, excluded=0, reason=schedule
[Broadcast] 画布 canvas-2c4267c4daf5: 已发送给 1 个客户端, seq=undefined
[Broadcast] 画布 canvas-2c4267c4daf5: 已发送给 1 个客户端, seq=undefined
[Broadcast] 画布 canvas-2c4267c4daf5: 已发送给 1 个客户端, seq=undefined
[Broadcast] 画布 canvas-2c4267c4daf5: 已发送给 1 个客户端, seq=undefined
[Broadcast] 画布 canvas-2c4267c4daf5: 已发送给 1 个客户端, seq=undefined
[Broadcast] 画布 canvas-2c4267c4daf5: 已发送给 1 个客户端, seq=undefined
[消息] userId=test03, canvas=canvas-2c4267c4daf5, action=presence, id=undefined, points=0
[Broadcast] 画布 canvas-2c4267c4daf5: 已发送给 1 个客户端, seq=25906
[Broadcast] 画布 canvas-2c4267c4daf5: 已发送给 1 个客户端, seq=undefined
[Broadcast] 画布 canvas-2c4267c4daf5: 已发送给 1 个客户端, seq=undefined
[Broadcast] 画布 canvas-2c4267c4daf5: 已发送给 1 个客户端, seq=undefined
[Kafka] 批量保存完成: count=1, excluded=0, reason=schedule
[Broadcast] 画布 canvas-2c4267c4daf5: 已发送给 1 个客户端, seq=undefined
[Broadcast] 画布 canvas-2c4267c4daf5: 已发送给 1 个客户端, seq=undefined
[Broadcast] 画布 canvas-2c4267c4daf5: 已发送给 1 个客户端, seq=undefined
[Broadcast] 画布 canvas-2c4267c4daf5: 已发送给 1 个客户端, seq=undefined
[Broadcast] 画布 canvas-2c4267c4daf5: 已发送给 1 个客户端, seq=undefined
[Broadcast] 画布 canvas-2c4267c4daf5: 已发送给 1 个客户端, seq=undefined
[Broadcast] 画布 canvas-2c4267c4daf5: 已发送给 1 个客户端, seq=undefined
[Broadcast] 画布 canvas-2c4267c4daf5: 已发送给 1 个客户端, seq=undefined
[Broadcast] 画布 canvas-2c4267c4daf5: 已发送给 1 个客户端, seq=undefined
[Broadcast] 画布 canvas-2c4267c4daf5: 已发送给 1 个客户端, seq=undefined
[Broadcast] 画布 canvas-2c4267c4daf5: 已发送给 1 个客户端, seq=undefined
[Broadcast] 画布 canvas-2c4267c4daf5: 已发送给 1 个客户端, seq=undefined
[Broadcast] 画布 canvas-2c4267c4daf5: 已发送给 1 个客户端, seq=undefined
[Broadcast] 画布 canvas-2c4267c4daf5: 已发送给 1 个客户端, seq=undefined
[Broadcast] 画布 canvas-2c4267c4daf5: 已发送给 1 个客户端, seq=undefined
[Broadcast] 画布 canvas-2c4267c4daf5: 已发送给 1 个客户端, seq=undefined
[Broadcast] 画布 canvas-2c4267c4daf5: 已发送给 1 个客户端, seq=undefined
[Broadcast] 画布 canvas-2c4267c4daf5: 已发送给 1 个客户端, seq=undefined
[Broadcast] 画布 canvas-2c4267c4daf5: 已发送给 1 个客户端, seq=undefined
[Broadcast] 画布 canvas-2c4267c4daf5: 已发送给 1 个客户端, seq=undefined
[Broadcast] 画布 canvas-2c4267c4daf5: 已发送给 1 个客户端, seq=undefined
[Broadcast] 画布 canvas-2c4267c4daf5: 已发送给 1 个客户端, seq=undefined
[Broadcast] 画布 canvas-2c4267c4daf5: 已发送给 1 个客户端, seq=undefined
[Broadcast] 画布 canvas-2c4267c4daf5: 已发送给 1 个客户端, seq=undefined
[Broadcast] 画布 canvas-2c4267c4daf5: 已发送给 1 个客户端, seq=undefined
[Broadcast] 画布 canvas-2c4267c4daf5: 已发送给 1 个客户端, seq=undefined
[Broadcast] 画布 canvas-2c4267c4daf5: 已发送给 1 个客户端, seq=undefined
[Broadcast] 画布 canvas-2c4267c4daf5: 已发送给 1 个客户端, seq=undefined
[Broadcast] 画布 canvas-2c4267c4daf5: 已发送给 1 个客户端, seq=undefined
[Broadcast] 画布 canvas-2c4267c4daf5: 已发送给 1 个客户端, seq=undefined
[Broadcast] 画布 canvas-2c4267c4daf5: 已发送给 1 个客户端, seq=undefined
[Broadcast] 画布 canvas-2c4267c4daf5: 已发送给 1 个客户端, seq=undefined
[消息] userId=test03, canvas=canvas-2c4267c4daf5, action=stroke, id=1b3640ec-cde0-47d5-ab02-abd36bbb9f77, points=8
[Broadcast] 画布 canvas-2c4267c4daf5: 已发送给 1 个客户端, seq=25907
[Broadcast] 画布 canvas-2c4267c4daf5: 已发送给 1 个客户端, seq=undefined
[Broadcast] 画布 canvas-2c4267c4daf5: 已发送给 1 个客户端, seq=undefined
[Broadcast] 画布 canvas-2c4267c4daf5: 已发送给 1 个客户端, seq=undefined
[Broadcast] 画布 canvas-2c4267c4daf5: 已发送给 1 个客户端, seq=undefined
[Broadcast] 画布 canvas-2c4267c4daf5: 已发送给 1 个客户端, seq=undefined
[Broadcast] 画布 canvas-2c4267c4daf5: 已发送给 1 个客户端, seq=undefined
[Broadcast] 画布 canvas-2c4267c4daf5: 已发送给 1 个客户端, seq=undefined
[Broadcast] 画布 canvas-2c4267c4daf5: 已发送给 1 个客户端, seq=undefined
[Broadcast] 画布 canvas-2c4267c4daf5: 已发送给 1 个客户端, seq=undefined
[Broadcast] 画布 canvas-2c4267c4daf5: 已发送给 1 个客户端, seq=undefined
[Broadcast] 画布 canvas-2c4267c4daf5: 已发送给 1 个客户端, seq=undefined
[Broadcast] 画布 canvas-2c4267c4daf5: 已发送给 1 个客户端, seq=undefined
[Broadcast] 画布 canvas-2c4267c4daf5: 已发送给 1 个客户端, seq=undefined
[Kafka] 批量保存完成: count=1, excluded=0, reason=schedule
[Broadcast] 画布 canvas-2c4267c4daf5: 已发送给 1 个客户端, seq=undefined
[Broadcast] 画布 canvas-2c4267c4daf5: 已发送给 1 个客户端, seq=undefined
[Broadcast] 画布 canvas-2c4267c4daf5: 已发送给 1 个客户端, seq=undefined
[Broadcast] 画布 canvas-2c4267c4daf5: 已发送给 1 个客户端, seq=undefined
[Broadcast] 画布 canvas-2c4267c4daf5: 已发送给 1 个客户端, seq=undefined
[Broadcast] 画布 canvas-2c4267c4daf5: 已发送给 1 个客户端, seq=undefined
[Broadcast] 画布 canvas-2c4267c4daf5: 已发送给 1 个客户端, seq=undefined
[消息] userId=test03, canvas=canvas-2c4267c4daf5, action=presence, id=undefined, points=0
[Broadcast] 画布 canvas-2c4267c4daf5: 已发送给 1 个客户端, seq=25908
[Broadcast] 画布 canvas-2c4267c4daf5: 已发送给 1 个客户端, seq=undefined
[Broadcast] 画布 canvas-2c4267c4daf5: 已发送给 1 个客户端, seq=undefined
[Broadcast] 画布 canvas-2c4267c4daf5: 已发送给 1 个客户端, seq=undefined
[Broadcast] 画布 canvas-2c4267c4daf5: 已发送给 1 个客户端, seq=undefined
[Broadcast] 画布 canvas-2c4267c4daf5: 已发送给 1 个客户端, seq=undefined
[Broadcast] 画布 canvas-2c4267c4daf5: 已发送给 1 个客户端, seq=undefined
[Kafka] 批量保存完成: count=1, excluded=0, reason=schedule
[Broadcast] 画布 canvas-2c4267c4daf5: 已发送给 1 个客户端, seq=undefined
[Broadcast] 画布 canvas-2c4267c4daf5: 已发送给 1 个客户端, seq=undefined
[Broadcast] 画布 canvas-2c4267c4daf5: 已发送给 1 个客户端, seq=undefined
[Broadcast] 画布 canvas-2c4267c4daf5: 已发送给 1 个客户端, seq=undefined
[消息] userId=test03, canvas=canvas-2c4267c4daf5, action=stroke, id=de1297c0-dd6f-4781-aca9-3177425121f0, points=5
[Broadcast] 画布 canvas-2c4267c4daf5: 已发送给 1 个客户端, seq=25909
[Broadcast] 画布 canvas-2c4267c4daf5: 已发送给 1 个客户端, seq=undefined
[Broadcast] 画布 canvas-2c4267c4daf5: 已发送给 1 个客户端, seq=undefined
[Broadcast] 画布 canvas-2c4267c4daf5: 已发送给 1 个客户端, seq=undefined
[Broadcast] 画布 canvas-2c4267c4daf5: 已发送给 1 个客户端, seq=undefined
[Broadcast] 画布 canvas-2c4267c4daf5: 已发送给 1 个客户端, seq=undefined
[Broadcast] 画布 canvas-2c4267c4daf5: 已发送给 1 个客户端, seq=undefined
[Broadcast] 画布 canvas-2c4267c4daf5: 已发送给 1 个客户端, seq=undefined
[Kafka] 批量保存完成: count=1, excluded=0, reason=schedule
[Broadcast] 画布 canvas-2c4267c4daf5: 已发送给 1 个客户端, seq=undefined
[Broadcast] 画布 canvas-2c4267c4daf5: 已发送给 1 个客户端, seq=undefined
[消息] userId=test03, canvas=canvas-2c4267c4daf5, action=stroke, id=33aaa12b-245c-4011-9e73-4e985b666621, points=2
[Broadcast] 画布 canvas-2c4267c4daf5: 已发送给 1 个客户端, seq=25910
[Broadcast] 画布 canvas-2c4267c4daf5: 已发送给 1 个客户端, seq=undefined
[Broadcast] 画布 canvas-2c4267c4daf5: 已发送给 1 个客户端, seq=undefined
[Broadcast] 画布 canvas-2c4267c4daf5: 已发送给 1 个客户端, seq=undefined
[Broadcast] 画布 canvas-2c4267c4daf5: 已发送给 1 个客户端, seq=undefined
[Broadcast] 画布 canvas-2c4267c4daf5: 已发送给 1 个客户端, seq=undefined
[Broadcast] 画布 canvas-2c4267c4daf5: 已发送给 1 个客户端, seq=undefined
[Broadcast] 画布 canvas-2c4267c4daf5: 已发送给 1 个客户端, seq=undefined
[Broadcast] 画布 canvas-2c4267c4daf5: 已发送给 1 个客户端, seq=undefined
[Broadcast] 画布 canvas-2c4267c4daf5: 已发送给 1 个客户端, seq=undefined
[Broadcast] 画布 canvas-2c4267c4daf5: 已发送给 1 个客户端, seq=undefined
[Kafka] 批量保存完成: count=1, excluded=0, reason=schedule
[消息] userId=test03, canvas=canvas-2c4267c4daf5, action=stroke, id=0044898b-928c-4237-8d63-c6c4baf01cf4, points=3
[Broadcast] 画布 canvas-2c4267c4daf5: 已发送给 1 个客户端, seq=undefined
[Broadcast] 画布 canvas-2c4267c4daf5: 已发送给 1 个客户端, seq=25911
[Broadcast] 画布 canvas-2c4267c4daf5: 已发送给 1 个客户端, seq=undefined
[Broadcast] 画布 canvas-2c4267c4daf5: 已发送给 1 个客户端, seq=undefined
[Broadcast] 画布 canvas-2c4267c4daf5: 已发送给 1 个客户端, seq=undefined
[Broadcast] 画布 canvas-2c4267c4daf5: 已发送给 1 个客户端, seq=undefined
[Broadcast] 画布 canvas-2c4267c4daf5: 已发送给 1 个客户端, seq=undefined
[Broadcast] 画布 canvas-2c4267c4daf5: 已发送给 1 个客户端, seq=undefined
[Broadcast] 画布 canvas-2c4267c4daf5: 已发送给 1 个客户端, seq=undefined
[Broadcast] 画布 canvas-2c4267c4daf5: 已发送给 1 个客户端, seq=undefined
[Broadcast] 画布 canvas-2c4267c4daf5: 已发送给 1 个客户端, seq=undefined
[Kafka] 批量保存完成: count=1, excluded=0, reason=schedule
[Broadcast] 画布 canvas-2c4267c4daf5: 已发送给 1 个客户端, seq=undefined
[Broadcast] 画布 canvas-2c4267c4daf5: 已发送给 1 个客户端, seq=undefined
[Broadcast] 画布 canvas-2c4267c4daf5: 已发送给 1 个客户端, seq=undefined
[消息] userId=test03, canvas=canvas-2c4267c4daf5, action=stroke, id=b724e27f-5386-4a79-8539-1486547ff1fa, points=3
[Broadcast] 画布 canvas-2c4267c4daf5: 已发送给 1 个客户端, seq=25912
[Broadcast] 画布 canvas-2c4267c4daf5: 已发送给 1 个客户端, seq=undefined
[Broadcast] 画布 canvas-2c4267c4daf5: 已发送给 1 个客户端, seq=undefined
[Broadcast] 画布 canvas-2c4267c4daf5: 已发送给 1 个客户端, seq=undefined
[Broadcast] 画布 canvas-2c4267c4daf5: 已发送给 1 个客户端, seq=undefined
[Kafka] 批量保存完成: count=1, excluded=0, reason=schedule
[Broadcast] 画布 canvas-2c4267c4daf5: 已发送给 1 个客户端, seq=undefined
[Broadcast] 画布 canvas-2c4267c4daf5: 已发送给 1 个客户端, seq=undefined
[Broadcast] 画布 canvas-2c4267c4daf5: 已发送给 1 个客户端, seq=undefined
[Broadcast] 画布 canvas-2c4267c4daf5: 已发送给 1 个客户端, seq=undefined
[Broadcast] 画布 canvas-2c4267c4daf5: 已发送给 1 个客户端, seq=undefined
[消息] userId=test03, canvas=canvas-2c4267c4daf5, action=presence, id=undefined, points=0
[Broadcast] 画布 canvas-2c4267c4daf5: 已发送给 1 个客户端, seq=25913
[Broadcast] 画布 canvas-2c4267c4daf5: 已发送给 1 个客户端, seq=undefined
[Broadcast] 画布 canvas-2c4267c4daf5: 已发送给 1 个客户端, seq=undefined
[消息] userId=test03, canvas=canvas-2c4267c4daf5, action=stroke, id=38002af0-db9a-414f-aae1-cd29b3e0b079, points=4
[Broadcast] 画布 canvas-2c4267c4daf5: 已发送给 1 个客户端, seq=25914
[Broadcast] 画布 canvas-2c4267c4daf5: 已发送给 1 个客户端, seq=undefined
[Kafka] 批量保存完成: count=2, excluded=0, reason=schedule
[Broadcast] 画布 canvas-2c4267c4daf5: 已发送给 1 个客户端, seq=undefined
[Broadcast] 画布 canvas-2c4267c4daf5: 已发送给 1 个客户端, seq=undefined
[Broadcast] 画布 canvas-2c4267c4daf5: 已发送给 1 个客户端, seq=undefined
[Broadcast] 画布 canvas-2c4267c4daf5: 已发送给 1 个客户端, seq=undefined
[Broadcast] 画布 canvas-2c4267c4daf5: 已发送给 1 个客户端, seq=undefined
[Broadcast] 画布 canvas-2c4267c4daf5: 已发送给 1 个客户端, seq=undefined
[Broadcast] 画布 canvas-2c4267c4daf5: 已发送给 1 个客户端, seq=undefined
[Broadcast] 画布 canvas-2c4267c4daf5: 已发送给 1 个客户端, seq=undefined
[Broadcast] 画布 canvas-2c4267c4daf5: 已发送给 1 个客户端, seq=undefined
[Broadcast] 画布 canvas-2c4267c4daf5: 已发送给 1 个客户端, seq=undefined
[Broadcast] 画布 canvas-2c4267c4daf5: 已发送给 1 个客户端, seq=undefined
[Broadcast] 画布 canvas-2c4267c4daf5: 已发送给 1 个客户端, seq=undefined
[Broadcast] 画布 canvas-2c4267c4daf5: 已发送给 1 个客户端, seq=undefined
[Broadcast] 画布 canvas-2c4267c4daf5: 已发送给 1 个客户端, seq=undefined
[Broadcast] 画布 canvas-2c4267c4daf5: 已发送给 1 个客户端, seq=undefined
[Broadcast] 画布 canvas-2c4267c4daf5: 已发送给 1 个客户端, seq=undefined
[Broadcast] 画布 canvas-2c4267c4daf5: 已发送给 1 个客户端, seq=undefined
[Broadcast] 画布 canvas-2c4267c4daf5: 已发送给 1 个客户端, seq=undefined
[Broadcast] 画布 canvas-2c4267c4daf5: 已发送给 1 个客户端, seq=undefined
[Broadcast] 画布 canvas-2c4267c4daf5: 已发送给 1 个客户端, seq=undefined
[Broadcast] 画布 canvas-2c4267c4daf5: 已发送给 1 个客户端, seq=undefined
[Broadcast] 画布 canvas-2c4267c4daf5: 已发送给 1 个客户端, seq=undefined
[Broadcast] 画布 canvas-2c4267c4daf5: 已发送给 1 个客户端, seq=undefined
[Broadcast] 画布 canvas-2c4267c4daf5: 已发送给 1 个客户端, seq=undefined
[Broadcast] 画布 canvas-2c4267c4daf5: 已发送给 1 个客户端, seq=undefined
[Broadcast] 画布 canvas-2c4267c4daf5: 已发送给 1 个客户端, seq=undefined
[Broadcast] 画布 canvas-2c4267c4daf5: 已发送给 1 个客户端, seq=undefined
[Broadcast] 画布 canvas-2c4267c4daf5: 已发送给 1 个客户端, seq=undefined
[Broadcast] 画布 canvas-2c4267c4daf5: 已发送给 1 个客户端, seq=undefined
[Broadcast] 画布 canvas-2c4267c4daf5: 已发送给 1 个客户端, seq=undefined
[Broadcast] 画布 canvas-2c4267c4daf5: 已发送给 1 个客户端, seq=undefined
[Broadcast] 画布 canvas-2c4267c4daf5: 已发送给 1 个客户端, seq=undefined
[Broadcast] 画布 canvas-2c4267c4daf5: 已发送给 1 个客户端, seq=undefined
[Broadcast] 画布 canvas-2c4267c4daf5: 已发送给 1 个客户端, seq=undefined
[Broadcast] 画布 canvas-2c4267c4daf5: 已发送给 1 个客户端, seq=undefined
[Broadcast] 画布 canvas-2c4267c4daf5: 已发送给 1 个客户端, seq=undefined
[Broadcast] 画布 canvas-2c4267c4daf5: 已发送给 1 个客户端, seq=undefined
[消息] userId=test03, canvas=canvas-2c4267c4daf5, action=stroke, id=c34cc675-fd6c-4af5-9ea0-e8098cd80b32, points=10
[Broadcast] 画布 canvas-2c4267c4daf5: 已发送给 1 个客户端, seq=25915
[Broadcast] 画布 canvas-2c4267c4daf5: 已发送给 1 个客户端, seq=undefined
[Broadcast] 画布 canvas-2c4267c4daf5: 已发送给 1 个客户端, seq=undefined
[Broadcast] 画布 canvas-2c4267c4daf5: 已发送给 1 个客户端, seq=undefined
[Broadcast] 画布 canvas-2c4267c4daf5: 已发送给 1 个客户端, seq=undefined
[Broadcast] 画布 canvas-2c4267c4daf5: 已发送给 1 个客户端, seq=undefined
[Broadcast] 画布 canvas-2c4267c4daf5: 已发送给 1 个客户端, seq=undefined
[Broadcast] 画布 canvas-2c4267c4daf5: 已发送给 1 个客户端, seq=undefined
[Broadcast] 画布 canvas-2c4267c4daf5: 已发送给 1 个客户端, seq=undefined
[Broadcast] 画布 canvas-2c4267c4daf5: 已发送给 1 个客户端, seq=undefined
[Kafka] 批量保存完成: count=1, excluded=0, reason=schedule
[Broadcast] 画布 canvas-2c4267c4daf5: 已发送给 1 个客户端, seq=undefined
[Broadcast] 画布 canvas-2c4267c4daf5: 已发送给 1 个客户端, seq=undefined
[Broadcast] 画布 canvas-2c4267c4daf5: 已发送给 1 个客户端, seq=undefined
[Broadcast] 画布 canvas-2c4267c4daf5: 已发送给 1 个客户端, seq=undefined
[Broadcast] 画布 canvas-2c4267c4daf5: 已发送给 1 个客户端, seq=undefined
[Broadcast] 画布 canvas-2c4267c4daf5: 已发送给 1 个客户端, seq=undefined
[消息] userId=test03, canvas=canvas-2c4267c4daf5, action=presence, id=undefined, points=0
[Broadcast] 画布 canvas-2c4267c4daf5: 已发送给 1 个客户端, seq=25916
[Broadcast] 画布 canvas-2c4267c4daf5: 已发送给 1 个客户端, seq=undefined
[Broadcast] 画布 canvas-2c4267c4daf5: 已发送给 1 个客户端, seq=undefined
[Broadcast] 画布 canvas-2c4267c4daf5: 已发送给 1 个客户端, seq=undefined
[Kafka] 批量保存完成: count=1, excluded=0, reason=schedule
[Broadcast] 画布 canvas-2c4267c4daf5: 已发送给 1 个客户端, seq=undefined
[Broadcast] 画布 canvas-2c4267c4daf5: 已发送给 1 个客户端, seq=undefined
[Broadcast] 画布 canvas-2c4267c4daf5: 已发送给 1 个客户端, seq=undefined
[Broadcast] 画布 canvas-2c4267c4daf5: 已发送给 1 个客户端, seq=undefined
[Broadcast] 画布 canvas-2c4267c4daf5: 已发送给 1 个客户端, seq=undefined
[Broadcast] 画布 canvas-2c4267c4daf5: 已发送给 1 个客户端, seq=undefined
[Broadcast] 画布 canvas-2c4267c4daf5: 已发送给 1 个客户端, seq=undefined
[Broadcast] 画布 canvas-2c4267c4daf5: 已发送给 1 个客户端, seq=undefined
[Broadcast] 画布 canvas-2c4267c4daf5: 已发送给 1 个客户端, seq=undefined
[Broadcast] 画布 canvas-2c4267c4daf5: 已发送给 1 个客户端, seq=undefined
[Broadcast] 画布 canvas-2c4267c4daf5: 已发送给 1 个客户端, seq=undefined
[Broadcast] 画布 canvas-2c4267c4daf5: 已发送给 1 个客户端, seq=undefined
[Broadcast] 画布 canvas-2c4267c4daf5: 已发送给 1 个客户端, seq=undefined
[消息] userId=test03, canvas=canvas-2c4267c4daf5, action=stroke, id=4a6921fa-0ecd-443d-8ade-699e24a3f918, points=6
[Broadcast] 画布 canvas-2c4267c4daf5: 已发送给 1 个客户端, seq=25917
[Broadcast] 画布 canvas-2c4267c4daf5: 已发送给 1 个客户端, seq=undefined
[Broadcast] 画布 canvas-2c4267c4daf5: 已发送给 1 个客户端, seq=undefined
[Broadcast] 画布 canvas-2c4267c4daf5: 已发送给 1 个客户端, seq=undefined
[Broadcast] 画布 canvas-2c4267c4daf5: 已发送给 1 个客户端, seq=undefined
[Broadcast] 画布 canvas-2c4267c4daf5: 已发送给 1 个客户端, seq=undefined
[Kafka] 批量保存完成: count=1, excluded=0, reason=schedule
[Broadcast] 画布 canvas-2c4267c4daf5: 已发送给 1 个客户端, seq=undefined
[Broadcast] 画布 canvas-2c4267c4daf5: 已发送给 1 个客户端, seq=undefined
[Broadcast] 画布 canvas-2c4267c4daf5: 已发送给 1 个客户端, seq=undefined
[Broadcast] 画布 canvas-2c4267c4daf5: 已发送给 1 个客户端, seq=undefined
[Broadcast] 画布 canvas-2c4267c4daf5: 已发送给 1 个客户端, seq=undefined
[Broadcast] 画布 canvas-2c4267c4daf5: 已发送给 1 个客户端, seq=undefined
[Broadcast] 画布 canvas-2c4267c4daf5: 已发送给 1 个客户端, seq=undefined
[Broadcast] 画布 canvas-2c4267c4daf5: 已发送给 1 个客户端, seq=undefined
[Broadcast] 画布 canvas-2c4267c4daf5: 已发送给 1 个客户端, seq=undefined
[Broadcast] 画布 canvas-2c4267c4daf5: 已发送给 1 个客户端, seq=undefined
[Broadcast] 画布 canvas-2c4267c4daf5: 已发送给 1 个客户端, seq=undefined
[消息] userId=test03, canvas=canvas-2c4267c4daf5, action=stroke, id=316ab5a0-8758-4365-8870-c55403cd07a8, points=2
[Broadcast] 画布 canvas-2c4267c4daf5: 已发送给 1 个客户端, seq=undefined
[Broadcast] 画布 canvas-2c4267c4daf5: 已发送给 1 个客户端, seq=25918
[Broadcast] 画布 canvas-2c4267c4daf5: 已发送给 1 个客户端, seq=undefined
[Broadcast] 画布 canvas-2c4267c4daf5: 已发送给 1 个客户端, seq=undefined
[Broadcast] 画布 canvas-2c4267c4daf5: 已发送给 1 个客户端, seq=undefined
[Broadcast] 画布 canvas-2c4267c4daf5: 已发送给 1 个客户端, seq=undefined
[消息] userId=test03, canvas=canvas-2c4267c4daf5, action=presence, id=undefined, points=0
[Broadcast] 画布 canvas-2c4267c4daf5: 已发送给 1 个客户端, seq=25919
[Broadcast] 画布 canvas-2c4267c4daf5: 已发送给 1 个客户端, seq=undefined
[Broadcast] 画布 canvas-2c4267c4daf5: 已发送给 1 个客户端, seq=undefined
[Broadcast] 画布 canvas-2c4267c4daf5: 已发送给 1 个客户端, seq=undefined
[Broadcast] 画布 canvas-2c4267c4daf5: 已发送给 1 个客户端, seq=undefined
[Broadcast] 画布 canvas-2c4267c4daf5: 已发送给 1 个客户端, seq=undefined
[Broadcast] 画布 canvas-2c4267c4daf5: 已发送给 1 个客户端, seq=undefined
[Broadcast] 画布 canvas-2c4267c4daf5: 已发送给 1 个客户端, seq=undefined
[Broadcast] 画布 canvas-2c4267c4daf5: 已发送给 1 个客户端, seq=undefined
[Kafka] 批量保存完成: count=2, excluded=0, reason=schedule
[Broadcast] 画布 canvas-2c4267c4daf5: 已发送给 1 个客户端, seq=undefined
[Broadcast] 画布 canvas-2c4267c4daf5: 已发送给 1 个客户端, seq=undefined
[Broadcast] 画布 canvas-2c4267c4daf5: 已发送给 1 个客户端, seq=undefined
[Broadcast] 画布 canvas-2c4267c4daf5: 已发送给 1 个客户端, seq=undefined
[Broadcast] 画布 canvas-2c4267c4daf5: 已发送给 1 个客户端, seq=undefined
[Broadcast] 画布 canvas-2c4267c4daf5: 已发送给 1 个客户端, seq=undefined
[Broadcast] 画布 canvas-2c4267c4daf5: 已发送给 1 个客户端, seq=undefined
[Broadcast] 画布 canvas-2c4267c4daf5: 已发送给 1 个客户端, seq=undefined
[Broadcast] 画布 canvas-2c4267c4daf5: 已发送给 1 个客户端, seq=undefined
[Broadcast] 画布 canvas-2c4267c4daf5: 已发送给 1 个客户端, seq=undefined
[Broadcast] 画布 canvas-2c4267c4daf5: 已发送给 1 个客户端, seq=undefined
[Broadcast] 画布 canvas-2c4267c4daf5: 已发送给 1 个客户端, seq=undefined
[Broadcast] 画布 canvas-2c4267c4daf5: 已发送给 1 个客户端, seq=undefined
[Broadcast] 画布 canvas-2c4267c4daf5: 已发送给 1 个客户端, seq=undefined
[Broadcast] 画布 canvas-2c4267c4daf5: 已发送给 1 个客户端, seq=undefined
[Broadcast] 画布 canvas-2c4267c4daf5: 已发送给 1 个客户端, seq=undefined
[Broadcast] 画布 canvas-2c4267c4daf5: 已发送给 1 个客户端, seq=undefined
[Broadcast] 画布 canvas-2c4267c4daf5: 已发送给 1 个客户端, seq=undefined
[Broadcast] 画布 canvas-2c4267c4daf5: 已发送给 1 个客户端, seq=undefined
[Broadcast] 画布 canvas-2c4267c4daf5: 已发送给 1 个客户端, seq=undefined
[Broadcast] 画布 canvas-2c4267c4daf5: 已发送给 1 个客户端, seq=undefined
[Broadcast] 画布 canvas-2c4267c4daf5: 已发送给 1 个客户端, seq=undefined
[Broadcast] 画布 canvas-2c4267c4daf5: 已发送给 1 个客户端, seq=undefined
[Broadcast] 画布 canvas-2c4267c4daf5: 已发送给 1 个客户端, seq=undefined
[Broadcast] 画布 canvas-2c4267c4daf5: 已发送给 1 个客户端, seq=undefined
[Broadcast] 画布 canvas-2c4267c4daf5: 已发送给 1 个客户端, seq=undefined
[Broadcast] 画布 canvas-2c4267c4daf5: 已发送给 1 个客户端, seq=undefined
[Broadcast] 画布 canvas-2c4267c4daf5: 已发送给 1 个客户端, seq=undefined
[Broadcast] 画布 canvas-2c4267c4daf5: 已发送给 1 个客户端, seq=undefined
[Broadcast] 画布 canvas-2c4267c4daf5: 已发送给 1 个客户端, seq=undefined
[Broadcast] 画布 canvas-2c4267c4daf5: 已发送给 1 个客户端, seq=undefined
[Broadcast] 画布 canvas-2c4267c4daf5: 已发送给 1 个客户端, seq=undefined
[Broadcast] 画布 canvas-2c4267c4daf5: 已发送给 1 个客户端, seq=undefined
[Broadcast] 画布 canvas-2c4267c4daf5: 已发送给 1 个客户端, seq=undefined
[Broadcast] 画布 canvas-2c4267c4daf5: 已发送给 1 个客户端, seq=undefined
[Broadcast] 画布 canvas-2c4267c4daf5: 已发送给 1 个客户端, seq=undefined
[Broadcast] 画布 canvas-2c4267c4daf5: 已发送给 1 个客户端, seq=undefined
[Broadcast] 画布 canvas-2c4267c4daf5: 已发送给 1 个客户端, seq=undefined
[Broadcast] 画布 canvas-2c4267c4daf5: 已发送给 1 个客户端, seq=undefined
[Broadcast] 画布 canvas-2c4267c4daf5: 已发送给 1 个客户端, seq=undefined
[Broadcast] 画布 canvas-2c4267c4daf5: 已发送给 1 个客户端, seq=undefined
[Broadcast] 画布 canvas-2c4267c4daf5: 已发送给 1 个客户端, seq=undefined
[Broadcast] 画布 canvas-2c4267c4daf5: 已发送给 1 个客户端, seq=undefined
[Broadcast] 画布 canvas-2c4267c4daf5: 已发送给 1 个客户端, seq=undefined
[Broadcast] 画布 canvas-2c4267c4daf5: 已发送给 1 个客户端, seq=undefined
[Broadcast] 画布 canvas-2c4267c4daf5: 已发送给 1 个客户端, seq=undefined
[Broadcast] 画布 canvas-2c4267c4daf5: 已发送给 1 个客户端, seq=undefined
[Broadcast] 画布 canvas-2c4267c4daf5: 已发送给 1 个客户端, seq=undefined
[Broadcast] 画布 canvas-2c4267c4daf5: 已发送给 1 个客户端, seq=undefined
[Broadcast] 画布 canvas-2c4267c4daf5: 已发送给 1 个客户端, seq=undefined
[Broadcast] 画布 canvas-2c4267c4daf5: 已发送给 1 个客户端, seq=undefined
[Broadcast] 画布 canvas-2c4267c4daf5: 已发送给 1 个客户端, seq=undefined
[Broadcast] 画布 canvas-2c4267c4daf5: 已发送给 1 个客户端, seq=undefined
[Broadcast] 画布 canvas-2c4267c4daf5: 已发送给 1 个客户端, seq=undefined
[Broadcast] 画布 canvas-2c4267c4daf5: 已发送给 1 个客户端, seq=undefined
[Broadcast] 画布 canvas-2c4267c4daf5: 已发送给 1 个客户端, seq=undefined
[Broadcast] 画布 canvas-2c4267c4daf5: 已发送给 1 个客户端, seq=undefined
[Broadcast] 画布 canvas-2c4267c4daf5: 已发送给 1 个客户端, seq=undefined
[Broadcast] 画布 canvas-2c4267c4daf5: 已发送给 1 个客户端, seq=undefined
[Broadcast] 画布 canvas-2c4267c4daf5: 已发送给 1 个客户端, seq=undefined
[Broadcast] 画布 canvas-2c4267c4daf5: 已发送给 1 个客户端, seq=undefined
[Broadcast] 画布 canvas-2c4267c4daf5: 已发送给 1 个客户端, seq=undefined
[Broadcast] 画布 canvas-2c4267c4daf5: 已发送给 1 个客户端, seq=undefined
[Broadcast] 画布 canvas-2c4267c4daf5: 已发送给 1 个客户端, seq=undefined
[消息] userId=test03, canvas=canvas-2c4267c4daf5, action=presence, id=undefined, points=0
[Broadcast] 画布 canvas-2c4267c4daf5: 已发送给 1 个客户端, seq=25920
[Snapshot] 画布 canvas-2c4267c4daf5 生成快照，sequence_id=25918，笔画数=30，SVG大小=16974字节
[Broadcast] 画布 canvas-2c4267c4daf5: 已发送给 1 个客户端, seq=undefined
[Kafka] 批量保存完成: count=1, excluded=0, reason=schedule
[Broadcast] 画布 canvas-2c4267c4daf5: 已发送给 1 个客户端, seq=undefined
[Broadcast] 画布 canvas-2c4267c4daf5: 已发送给 1 个客户端, seq=undefined
[Broadcast] 画布 canvas-2c4267c4daf5: 已发送给 1 个客户端, seq=undefined
[Broadcast] 画布 canvas-2c4267c4daf5: 已发送给 1 个客户端, seq=undefined
[Broadcast] 画布 canvas-2c4267c4daf5: 已发送给 1 个客户端, seq=undefined
[Broadcast] 画布 canvas-2c4267c4daf5: 已发送给 1 个客户端, seq=undefined
[Broadcast] 画布 canvas-2c4267c4daf5: 已发送给 1 个客户端, seq=undefined
[Broadcast] 画布 canvas-2c4267c4daf5: 已发送给 1 个客户端, seq=undefined
[Broadcast] 画布 canvas-2c4267c4daf5: 已发送给 1 个客户端, seq=undefined
[Broadcast] 画布 canvas-2c4267c4daf5: 已发送给 1 个客户端, seq=undefined
[Broadcast] 画布 canvas-2c4267c4daf5: 已发送给 1 个客户端, seq=undefined
[Broadcast] 画布 canvas-2c4267c4daf5: 已发送给 1 个客户端, seq=undefined
[Broadcast] 画布 canvas-2c4267c4daf5: 已发送给 1 个客户端, seq=undefined
[Broadcast] 画布 canvas-2c4267c4daf5: 已发送给 1 个客户端, seq=undefined
[Broadcast] 画布 canvas-2c4267c4daf5: 已发送给 1 个客户端, seq=undefined
[Broadcast] 画布 canvas-2c4267c4daf5: 已发送给 1 个客户端, seq=undefined
[Broadcast] 画布 canvas-2c4267c4daf5: 已发送给 1 个客户端, seq=undefined
[Broadcast] 画布 canvas-2c4267c4daf5: 已发送给 1 个客户端, seq=undefined
[Broadcast] 画布 canvas-2c4267c4daf5: 已发送给 1 个客户端, seq=undefined
[Broadcast] 画布 canvas-2c4267c4daf5: 已发送给 1 个客户端, seq=undefined
[Broadcast] 画布 canvas-2c4267c4daf5: 已发送给 1 个客户端, seq=undefined
[Broadcast] 画布 canvas-2c4267c4daf5: 已发送给 1 个客户端, seq=undefined
[Broadcast] 画布 canvas-2c4267c4daf5: 已发送给 1 个客户端, seq=undefined
[Broadcast] 画布 canvas-2c4267c4daf5: 已发送给 1 个客户端, seq=undefined
[消息] userId=test03, canvas=canvas-2c4267c4daf5, action=stroke, id=d5ff8d71-e2d0-4ef2-8c54-39d8ab69f783, points=4
[Broadcast] 画布 canvas-2c4267c4daf5: 已发送给 1 个客户端, seq=undefined
[Broadcast] 画布 canvas-2c4267c4daf5: 已发送给 1 个客户端, seq=25921
[Broadcast] 画布 canvas-2c4267c4daf5: 已发送给 1 个客户端, seq=undefined
[Broadcast] 画布 canvas-2c4267c4daf5: 已发送给 1 个客户端, seq=undefined
[Broadcast] 画布 canvas-2c4267c4daf5: 已发送给 1 个客户端, seq=undefined
[Broadcast] 画布 canvas-2c4267c4daf5: 已发送给 1 个客户端, seq=undefined
[Broadcast] 画布 canvas-2c4267c4daf5: 已发送给 1 个客户端, seq=undefined
[Broadcast] 画布 canvas-2c4267c4daf5: 已发送给 1 个客户端, seq=undefined
[Broadcast] 画布 canvas-2c4267c4daf5: 已发送给 1 个客户端, seq=undefined
[Broadcast] 画布 canvas-2c4267c4daf5: 已发送给 1 个客户端, seq=undefined
[Broadcast] 画布 canvas-2c4267c4daf5: 已发送给 1 个客户端, seq=undefined
[Broadcast] 画布 canvas-2c4267c4daf5: 已发送给 1 个客户端, seq=undefined
[Kafka] 批量保存完成: count=1, excluded=0, reason=schedule
[Broadcast] 画布 canvas-2c4267c4daf5: 已发送给 1 个客户端, seq=undefined
[Broadcast] 画布 canvas-2c4267c4daf5: 已发送给 1 个客户端, seq=undefined
[Broadcast] 画布 canvas-2c4267c4daf5: 已发送给 1 个客户端, seq=undefined
[Broadcast] 画布 canvas-2c4267c4daf5: 已发送给 1 个客户端, seq=undefined
[Broadcast] 画布 canvas-2c4267c4daf5: 已发送给 1 个客户端, seq=undefined
[消息] userId=test03, canvas=canvas-2c4267c4daf5, action=stroke, id=ae53d52f-3008-4af6-959e-abbe03a629c4, points=2
[Broadcast] 画布 canvas-2c4267c4daf5: 已发送给 1 个客户端, seq=25922
[Broadcast] 画布 canvas-2c4267c4daf5: 已发送给 1 个客户端, seq=undefined
[Broadcast] 画布 canvas-2c4267c4daf5: 已发送给 1 个客户端, seq=undefined
[Broadcast] 画布 canvas-2c4267c4daf5: 已发送给 1 个客户端, seq=undefined
[Broadcast] 画布 canvas-2c4267c4daf5: 已发送给 1 个客户端, seq=undefined
[Broadcast] 画布 canvas-2c4267c4daf5: 已发送给 1 个客户端, seq=undefined
[Broadcast] 画布 canvas-2c4267c4daf5: 已发送给 1 个客户端, seq=undefined
[Broadcast] 画布 canvas-2c4267c4daf5: 已发送给 1 个客户端, seq=undefined
[Broadcast] 画布 canvas-2c4267c4daf5: 已发送给 1 个客户端, seq=undefined
[Kafka] 批量保存完成: count=1, excluded=0, reason=schedule
[Broadcast] 画布 canvas-2c4267c4daf5: 已发送给 1 个客户端, seq=undefined
[Broadcast] 画布 canvas-2c4267c4daf5: 已发送给 1 个客户端, seq=undefined
[Broadcast] 画布 canvas-2c4267c4daf5: 已发送给 1 个客户端, seq=undefined
[Broadcast] 画布 canvas-2c4267c4daf5: 已发送给 1 个客户端, seq=undefined
[Broadcast] 画布 canvas-2c4267c4daf5: 已发送给 1 个客户端, seq=undefined
[Broadcast] 画布 canvas-2c4267c4daf5: 已发送给 1 个客户端, seq=undefined
[Broadcast] 画布 canvas-2c4267c4daf5: 已发送给 1 个客户端, seq=undefined
[Broadcast] 画布 canvas-2c4267c4daf5: 已发送给 1 个客户端, seq=undefined
[消息] userId=test03, canvas=canvas-2c4267c4daf5, action=stroke, id=7e9de1d0-2e5b-43cd-89ad-0c05b39d7505, points=5
[Broadcast] 画布 canvas-2c4267c4daf5: 已发送给 1 个客户端, seq=25923
[Broadcast] 画布 canvas-2c4267c4daf5: 已发送给 1 个客户端, seq=undefined
[Broadcast] 画布 canvas-2c4267c4daf5: 已发送给 1 个客户端, seq=undefined
[Broadcast] 画布 canvas-2c4267c4daf5: 已发送给 1 个客户端, seq=undefined
[Broadcast] 画布 canvas-2c4267c4daf5: 已发送给 1 个客户端, seq=undefined
[Broadcast] 画布 canvas-2c4267c4daf5: 已发送给 1 个客户端, seq=undefined
[Kafka] 批量保存完成: count=1, excluded=0, reason=schedule
[Broadcast] 画布 canvas-2c4267c4daf5: 已发送给 1 个客户端, seq=undefined
[Broadcast] 画布 canvas-2c4267c4daf5: 已发送给 1 个客户端, seq=undefined
[Broadcast] 画布 canvas-2c4267c4daf5: 已发送给 1 个客户端, seq=undefined
[Broadcast] 画布 canvas-2c4267c4daf5: 已发送给 1 个客户端, seq=undefined
[Broadcast] 画布 canvas-2c4267c4daf5: 已发送给 1 个客户端, seq=undefined
[消息] userId=test03, canvas=canvas-2c4267c4daf5, action=presence, id=undefined, points=0
[Broadcast] 画布 canvas-2c4267c4daf5: 已发送给 1 个客户端, seq=25924
[Broadcast] 画布 canvas-2c4267c4daf5: 已发送给 1 个客户端, seq=undefined
[Broadcast] 画布 canvas-2c4267c4daf5: 已发送给 1 个客户端, seq=undefined
[Broadcast] 画布 canvas-2c4267c4daf5: 已发送给 1 个客户端, seq=undefined
[消息] userId=test03, canvas=canvas-2c4267c4daf5, action=stroke, id=c6cc3afe-92ec-44cc-a906-365f4fd38b8a, points=3
[Broadcast] 画布 canvas-2c4267c4daf5: 已发送给 1 个客户端, seq=25925
[Broadcast] 画布 canvas-2c4267c4daf5: 已发送给 1 个客户端, seq=undefined
[Broadcast] 画布 canvas-2c4267c4daf5: 已发送给 1 个客户端, seq=undefined
[Broadcast] 画布 canvas-2c4267c4daf5: 已发送给 1 个客户端, seq=undefined
[Broadcast] 画布 canvas-2c4267c4daf5: 已发送给 1 个客户端, seq=undefined
[Broadcast] 画布 canvas-2c4267c4daf5: 已发送给 1 个客户端, seq=undefined
[Broadcast] 画布 canvas-2c4267c4daf5: 已发送给 1 个客户端, seq=undefined
[Broadcast] 画布 canvas-2c4267c4daf5: 已发送给 1 个客户端, seq=undefined
[Broadcast] 画布 canvas-2c4267c4daf5: 已发送给 1 个客户端, seq=undefined
[Kafka] 批量保存完成: count=2, excluded=0, reason=schedule
[Broadcast] 画布 canvas-2c4267c4daf5: 已发送给 1 个客户端, seq=undefined
[消息] userId=test03, canvas=canvas-2c4267c4daf5, action=stroke, id=a51e46ae-c39a-4f2b-82a5-88038f45500d, points=2
[Broadcast] 画布 canvas-2c4267c4daf5: 已发送给 1 个客户端, seq=25926
[Broadcast] 画布 canvas-2c4267c4daf5: 已发送给 1 个客户端, seq=undefined
[Broadcast] 画布 canvas-2c4267c4daf5: 已发送给 1 个客户端, seq=undefined
[Broadcast] 画布 canvas-2c4267c4daf5: 已发送给 1 个客户端, seq=undefined
[Broadcast] 画布 canvas-2c4267c4daf5: 已发送给 1 个客户端, seq=undefined
[Broadcast] 画布 canvas-2c4267c4daf5: 已发送给 1 个客户端, seq=undefined
[Broadcast] 画布 canvas-2c4267c4daf5: 已发送给 1 个客户端, seq=undefined
[Broadcast] 画布 canvas-2c4267c4daf5: 已发送给 1 个客户端, seq=undefined
[消息] userId=test03, canvas=canvas-2c4267c4daf5, action=stroke, id=b71864b7-7ede-4281-a7ba-62bb7b9240d9, points=2
[Broadcast] 画布 canvas-2c4267c4daf5: 已发送给 1 个客户端, seq=25927
[Broadcast] 画布 canvas-2c4267c4daf5: 已发送给 1 个客户端, seq=undefined
[Broadcast] 画布 canvas-2c4267c4daf5: 已发送给 1 个客户端, seq=undefined
[Broadcast] 画布 canvas-2c4267c4daf5: 已发送给 1 个客户端, seq=undefined
[Broadcast] 画布 canvas-2c4267c4daf5: 已发送给 1 个客户端, seq=undefined
[Broadcast] 画布 canvas-2c4267c4daf5: 已发送给 1 个客户端, seq=undefined
[Kafka] 批量保存完成: count=2, excluded=0, reason=schedule
[Broadcast] 画布 canvas-2c4267c4daf5: 已发送给 1 个客户端, seq=undefined
[Broadcast] 画布 canvas-2c4267c4daf5: 已发送给 1 个客户端, seq=undefined
[消息] userId=test03, canvas=canvas-2c4267c4daf5, action=stroke, id=a3f785ad-06f1-4b16-aa90-2064c0228e38, points=3
[Broadcast] 画布 canvas-2c4267c4daf5: 已发送给 1 个客户端, seq=25928
[Broadcast] 画布 canvas-2c4267c4daf5: 已发送给 1 个客户端, seq=undefined
[Broadcast] 画布 canvas-2c4267c4daf5: 已发送给 1 个客户端, seq=undefined
[Broadcast] 画布 canvas-2c4267c4daf5: 已发送给 1 个客户端, seq=undefined
[Broadcast] 画布 canvas-2c4267c4daf5: 已发送给 1 个客户端, seq=undefined
[Broadcast] 画布 canvas-2c4267c4daf5: 已发送给 1 个客户端, seq=undefined
[Broadcast] 画布 canvas-2c4267c4daf5: 已发送给 1 个客户端, seq=undefined
[Broadcast] 画布 canvas-2c4267c4daf5: 已发送给 1 个客户端, seq=undefined
[Broadcast] 画布 canvas-2c4267c4daf5: 已发送给 1 个客户端, seq=undefined
[消息] userId=test03, canvas=canvas-2c4267c4daf5, action=stroke, id=67d18d56-e6f9-4564-8fba-b6d2636ccce5, points=3
[Broadcast] 画布 canvas-2c4267c4daf5: 已发送给 1 个客户端, seq=undefined
[Broadcast] 画布 canvas-2c4267c4daf5: 已发送给 1 个客户端, seq=25929
[Broadcast] 画布 canvas-2c4267c4daf5: 已发送给 1 个客户端, seq=undefined
[Broadcast] 画布 canvas-2c4267c4daf5: 已发送给 1 个客户端, seq=undefined
[Broadcast] 画布 canvas-2c4267c4daf5: 已发送给 1 个客户端, seq=undefined
[Broadcast] 画布 canvas-2c4267c4daf5: 已发送给 1 个客户端, seq=undefined
[Broadcast] 画布 canvas-2c4267c4daf5: 已发送给 1 个客户端, seq=undefined
[Broadcast] 画布 canvas-2c4267c4daf5: 已发送给 1 个客户端, seq=undefined
[Broadcast] 画布 canvas-2c4267c4daf5: 已发送给 1 个客户端, seq=undefined
[Kafka] 批量保存完成: count=2, excluded=0, reason=schedule
[Broadcast] 画布 canvas-2c4267c4daf5: 已发送给 1 个客户端, seq=undefined
[Broadcast] 画布 canvas-2c4267c4daf5: 已发送给 1 个客户端, seq=undefined
[Broadcast] 画布 canvas-2c4267c4daf5: 已发送给 1 个客户端, seq=undefined
[Broadcast] 画布 canvas-2c4267c4daf5: 已发送给 1 个客户端, seq=undefined
[消息] userId=test03, canvas=canvas-2c4267c4daf5, action=stroke, id=fdfbb85d-ea00-4051-9cae-ade20d932807, points=3
[Broadcast] 画布 canvas-2c4267c4daf5: 已发送给 1 个客户端, seq=25930
[Broadcast] 画布 canvas-2c4267c4daf5: 已发送给 1 个客户端, seq=undefined
[Broadcast] 画布 canvas-2c4267c4daf5: 已发送给 1 个客户端, seq=undefined
[Broadcast] 画布 canvas-2c4267c4daf5: 已发送给 1 个客户端, seq=undefined
[Broadcast] 画布 canvas-2c4267c4daf5: 已发送给 1 个客户端, seq=undefined
[Broadcast] 画布 canvas-2c4267c4daf5: 已发送给 1 个客户端, seq=undefined
[Broadcast] 画布 canvas-2c4267c4daf5: 已发送给 1 个客户端, seq=undefined
[Broadcast] 画布 canvas-2c4267c4daf5: 已发送给 1 个客户端, seq=undefined
[Broadcast] 画布 canvas-2c4267c4daf5: 已发送给 1 个客户端, seq=undefined
[Broadcast] 画布 canvas-2c4267c4daf5: 已发送给 1 个客户端, seq=undefined
[消息] userId=test03, canvas=canvas-2c4267c4daf5, action=stroke, id=f8774580-66d7-4fdc-ae92-e56dc0f711b8, points=5
[Broadcast] 画布 canvas-2c4267c4daf5: 已发送给 1 个客户端, seq=25931
[Broadcast] 画布 canvas-2c4267c4daf5: 已发送给 1 个客户端, seq=undefined
[Kafka] 批量保存完成: count=2, excluded=0, reason=schedule
[Broadcast] 画布 canvas-2c4267c4daf5: 已发送给 1 个客户端, seq=undefined
[Broadcast] 画布 canvas-2c4267c4daf5: 已发送给 1 个客户端, seq=undefined
[Broadcast] 画布 canvas-2c4267c4daf5: 已发送给 1 个客户端, seq=undefined
[Broadcast] 画布 canvas-2c4267c4daf5: 已发送给 1 个客户端, seq=undefined
[Broadcast] 画布 canvas-2c4267c4daf5: 已发送给 1 个客户端, seq=undefined
[Broadcast] 画布 canvas-2c4267c4daf5: 已发送给 1 个客户端, seq=undefined
[消息] userId=test03, canvas=canvas-2c4267c4daf5, action=stroke, id=203a7961-7c2d-4e01-8a81-6db8b0dc538c, points=4
[Broadcast] 画布 canvas-2c4267c4daf5: 已发送给 1 个客户端, seq=25932
[Broadcast] 画布 canvas-2c4267c4daf5: 已发送给 1 个客户端, seq=undefined
[Broadcast] 画布 canvas-2c4267c4daf5: 已发送给 1 个客户端, seq=undefined
[Broadcast] 画布 canvas-2c4267c4daf5: 已发送给 1 个客户端, seq=undefined
[Broadcast] 画布 canvas-2c4267c4daf5: 已发送给 1 个客户端, seq=undefined
[Broadcast] 画布 canvas-2c4267c4daf5: 已发送给 1 个客户端, seq=undefined
[Broadcast] 画布 canvas-2c4267c4daf5: 已发送给 1 个客户端, seq=undefined
[Broadcast] 画布 canvas-2c4267c4daf5: 已发送给 1 个客户端, seq=undefined
[Broadcast] 画布 canvas-2c4267c4daf5: 已发送给 1 个客户端, seq=undefined
[Broadcast] 画布 canvas-2c4267c4daf5: 已发送给 1 个客户端, seq=undefined
[Kafka] 批量保存完成: count=1, excluded=0, reason=schedule
[Broadcast] 画布 canvas-2c4267c4daf5: 已发送给 1 个客户端, seq=undefined
[消息] userId=test03, canvas=canvas-2c4267c4daf5, action=stroke, id=c4795e51-531b-4063-bc55-3a2e36343705, points=4
[Broadcast] 画布 canvas-2c4267c4daf5: 已发送给 1 个客户端, seq=undefined
[Broadcast] 画布 canvas-2c4267c4daf5: 已发送给 1 个客户端, seq=25933
[Broadcast] 画布 canvas-2c4267c4daf5: 已发送给 1 个客户端, seq=undefined
[Broadcast] 画布 canvas-2c4267c4daf5: 已发送给 1 个客户端, seq=undefined
[Broadcast] 画布 canvas-2c4267c4daf5: 已发送给 1 个客户端, seq=undefined
[消息] userId=test03, canvas=canvas-2c4267c4daf5, action=presence, id=undefined, points=0
[Broadcast] 画布 canvas-2c4267c4daf5: 已发送给 1 个客户端, seq=25934
[Broadcast] 画布 canvas-2c4267c4daf5: 已发送给 1 个客户端, seq=undefined
[Broadcast] 画布 canvas-2c4267c4daf5: 已发送给 1 个客户端, seq=undefined
[Broadcast] 画布 canvas-2c4267c4daf5: 已发送给 1 个客户端, seq=undefined
[Broadcast] 画布 canvas-2c4267c4daf5: 已发送给 1 个客户端, seq=undefined
[Broadcast] 画布 canvas-2c4267c4daf5: 已发送给 1 个客户端, seq=undefined
[Broadcast] 画布 canvas-2c4267c4daf5: 已发送给 1 个客户端, seq=undefined
[Broadcast] 画布 canvas-2c4267c4daf5: 已发送给 1 个客户端, seq=undefined
[Broadcast] 画布 canvas-2c4267c4daf5: 已发送给 1 个客户端, seq=undefined
[Broadcast] 画布 canvas-2c4267c4daf5: 已发送给 1 个客户端, seq=undefined
[Broadcast] 画布 canvas-2c4267c4daf5: 已发送给 1 个客户端, seq=undefined
[消息] userId=test03, canvas=canvas-2c4267c4daf5, action=stroke, id=666ff235-1e58-455c-8f67-61b1c0e7f0b3, points=3
[Broadcast] 画布 canvas-2c4267c4daf5: 已发送给 1 个客户端, seq=25935
[Broadcast] 画布 canvas-2c4267c4daf5: 已发送给 1 个客户端, seq=undefined
[Kafka] 批量保存完成: count=3, excluded=0, reason=schedule
[Broadcast] 画布 canvas-2c4267c4daf5: 已发送给 1 个客户端, seq=undefined
[Broadcast] 画布 canvas-2c4267c4daf5: 已发送给 1 个客户端, seq=undefined
[Broadcast] 画布 canvas-2c4267c4daf5: 已发送给 1 个客户端, seq=undefined
[Broadcast] 画布 canvas-2c4267c4daf5: 已发送给 1 个客户端, seq=undefined
[Broadcast] 画布 canvas-2c4267c4daf5: 已发送给 1 个客户端, seq=undefined
[Broadcast] 画布 canvas-2c4267c4daf5: 已发送给 1 个客户端, seq=undefined
[Broadcast] 画布 canvas-2c4267c4daf5: 已发送给 1 个客户端, seq=undefined
[Broadcast] 画布 canvas-2c4267c4daf5: 已发送给 1 个客户端, seq=undefined
[Broadcast] 画布 canvas-2c4267c4daf5: 已发送给 1 个客户端, seq=undefined
[Broadcast] 画布 canvas-2c4267c4daf5: 已发送给 1 个客户端, seq=undefined
[消息] userId=test03, canvas=canvas-2c4267c4daf5, action=stroke, id=3b52ddbd-13ca-477b-b3d6-64371eb25393, points=3
[Broadcast] 画布 canvas-2c4267c4daf5: 已发送给 1 个客户端, seq=undefined
[Broadcast] 画布 canvas-2c4267c4daf5: 已发送给 1 个客户端, seq=25936
[Broadcast] 画布 canvas-2c4267c4daf5: 已发送给 1 个客户端, seq=undefined
[Broadcast] 画布 canvas-2c4267c4daf5: 已发送给 1 个客户端, seq=undefined
[Broadcast] 画布 canvas-2c4267c4daf5: 已发送给 1 个客户端, seq=undefined
[Broadcast] 画布 canvas-2c4267c4daf5: 已发送给 1 个客户端, seq=undefined
[Broadcast] 画布 canvas-2c4267c4daf5: 已发送给 1 个客户端, seq=undefined
[Kafka] 批量保存完成: count=1, excluded=0, reason=schedule
[Broadcast] 画布 canvas-2c4267c4daf5: 已发送给 1 个客户端, seq=undefined
[Broadcast] 画布 canvas-2c4267c4daf5: 已发送给 1 个客户端, seq=undefined
[Broadcast] 画布 canvas-2c4267c4daf5: 已发送给 1 个客户端, seq=undefined
[Broadcast] 画布 canvas-2c4267c4daf5: 已发送给 1 个客户端, seq=undefined
[Broadcast] 画布 canvas-2c4267c4daf5: 已发送给 1 个客户端, seq=undefined
[Broadcast] 画布 canvas-2c4267c4daf5: 已发送给 1 个客户端, seq=undefined
[Broadcast] 画布 canvas-2c4267c4daf5: 已发送给 1 个客户端, seq=undefined
[消息] userId=test03, canvas=canvas-2c4267c4daf5, action=stroke, id=534a54ed-db7a-41a9-82d3-9af7fcc3427e, points=2
[Broadcast] 画布 canvas-2c4267c4daf5: 已发送给 1 个客户端, seq=undefined
[Broadcast] 画布 canvas-2c4267c4daf5: 已发送给 1 个客户端, seq=25937
[Broadcast] 画布 canvas-2c4267c4daf5: 已发送给 1 个客户端, seq=undefined
[Broadcast] 画布 canvas-2c4267c4daf5: 已发送给 1 个客户端, seq=undefined
[Broadcast] 画布 canvas-2c4267c4daf5: 已发送给 1 个客户端, seq=undefined
[Broadcast] 画布 canvas-2c4267c4daf5: 已发送给 1 个客户端, seq=undefined
[Broadcast] 画布 canvas-2c4267c4daf5: 已发送给 1 个客户端, seq=undefined
[Broadcast] 画布 canvas-2c4267c4daf5: 已发送给 1 个客户端, seq=undefined
[Kafka] 批量保存完成: count=1, excluded=0, reason=schedule
[消息] userId=test03, canvas=canvas-2c4267c4daf5, action=stroke, id=ae6d63c5-1239-4104-94e5-cd0f96a9122e, points=2
[Broadcast] 画布 canvas-2c4267c4daf5: 已发送给 1 个客户端, seq=undefined
[Broadcast] 画布 canvas-2c4267c4daf5: 已发送给 1 个客户端, seq=25938
[Broadcast] 画布 canvas-2c4267c4daf5: 已发送给 1 个客户端, seq=undefined
[Broadcast] 画布 canvas-2c4267c4daf5: 已发送给 1 个客户端, seq=undefined
[Broadcast] 画布 canvas-2c4267c4daf5: 已发送给 1 个客户端, seq=undefined
[Broadcast] 画布 canvas-2c4267c4daf5: 已发送给 1 个客户端, seq=undefined
[Broadcast] 画布 canvas-2c4267c4daf5: 已发送给 1 个客户端, seq=undefined
[消息] userId=test03, canvas=canvas-2c4267c4daf5, action=stroke, id=42bfd561-236f-43ff-8108-215d6fc69562, points=2
[Broadcast] 画布 canvas-2c4267c4daf5: 已发送给 1 个客户端, seq=25939
[Broadcast] 画布 canvas-2c4267c4daf5: 已发送给 1 个客户端, seq=undefined
[Broadcast] 画布 canvas-2c4267c4daf5: 已发送给 1 个客户端, seq=undefined
[Broadcast] 画布 canvas-2c4267c4daf5: 已发送给 1 个客户端, seq=undefined
[Broadcast] 画布 canvas-2c4267c4daf5: 已发送给 1 个客户端, seq=undefined
[Broadcast] 画布 canvas-2c4267c4daf5: 已发送给 1 个客户端, seq=undefined
[Broadcast] 画布 canvas-2c4267c4daf5: 已发送给 1 个客户端, seq=undefined
[Broadcast] 画布 canvas-2c4267c4daf5: 已发送给 1 个客户端, seq=undefined
[Broadcast] 画布 canvas-2c4267c4daf5: 已发送给 1 个客户端, seq=undefined
[Broadcast] 画布 canvas-2c4267c4daf5: 已发送给 1 个客户端, seq=undefined
[Kafka] 批量保存完成: count=2, excluded=0, reason=schedule
[消息] userId=test03, canvas=canvas-2c4267c4daf5, action=stroke, id=99e5e7c5-265e-4429-aa1e-408c44c18a34, points=3
[Broadcast] 画布 canvas-2c4267c4daf5: 已发送给 1 个客户端, seq=undefined
[Broadcast] 画布 canvas-2c4267c4daf5: 已发送给 1 个客户端, seq=25940
[Broadcast] 画布 canvas-2c4267c4daf5: 已发送给 1 个客户端, seq=undefined
[Broadcast] 画布 canvas-2c4267c4daf5: 已发送给 1 个客户端, seq=undefined
[Broadcast] 画布 canvas-2c4267c4daf5: 已发送给 1 个客户端, seq=undefined
[Broadcast] 画布 canvas-2c4267c4daf5: 已发送给 1 个客户端, seq=undefined
[Broadcast] 画布 canvas-2c4267c4daf5: 已发送给 1 个客户端, seq=undefined
[Broadcast] 画布 canvas-2c4267c4daf5: 已发送给 1 个客户端, seq=undefined
[Broadcast] 画布 canvas-2c4267c4daf5: 已发送给 1 个客户端, seq=undefined
[Broadcast] 画布 canvas-2c4267c4daf5: 已发送给 1 个客户端, seq=undefined
[Broadcast] 画布 canvas-2c4267c4daf5: 已发送给 1 个客户端, seq=undefined
[Broadcast] 画布 canvas-2c4267c4daf5: 已发送给 1 个客户端, seq=undefined
[Broadcast] 画布 canvas-2c4267c4daf5: 已发送给 1 个客户端, seq=undefined
[Broadcast] 画布 canvas-2c4267c4daf5: 已发送给 1 个客户端, seq=undefined
[Broadcast] 画布 canvas-2c4267c4daf5: 已发送给 1 个客户端, seq=undefined
[Broadcast] 画布 canvas-2c4267c4daf5: 已发送给 1 个客户端, seq=undefined
[Broadcast] 画布 canvas-2c4267c4daf5: 已发送给 1 个客户端, seq=undefined
[Kafka] 批量保存完成: count=1, excluded=0, reason=schedule
[Broadcast] 画布 canvas-2c4267c4daf5: 已发送给 1 个客户端, seq=undefined
[Broadcast] 画布 canvas-2c4267c4daf5: 已发送给 1 个客户端, seq=undefined
[Broadcast] 画布 canvas-2c4267c4daf5: 已发送给 1 个客户端, seq=undefined
[消息] userId=test03, canvas=canvas-2c4267c4daf5, action=stroke, id=7c068c63-e20e-4100-afca-08896218b989, points=3
[Broadcast] 画布 canvas-2c4267c4daf5: 已发送给 1 个客户端, seq=25941
[Broadcast] 画布 canvas-2c4267c4daf5: 已发送给 1 个客户端, seq=undefined
[消息] userId=test03, canvas=canvas-2c4267c4daf5, action=presence, id=undefined, points=0
[Broadcast] 画布 canvas-2c4267c4daf5: 已发送给 1 个客户端, seq=25942
[Broadcast] 画布 canvas-2c4267c4daf5: 已发送给 1 个客户端, seq=undefined
[Broadcast] 画布 canvas-2c4267c4daf5: 已发送给 1 个客户端, seq=undefined
[Broadcast] 画布 canvas-2c4267c4daf5: 已发送给 1 个客户端, seq=undefined
[Broadcast] 画布 canvas-2c4267c4daf5: 已发送给 1 个客户端, seq=undefined
[Broadcast] 画布 canvas-2c4267c4daf5: 已发送给 1 个客户端, seq=undefined
[Broadcast] 画布 canvas-2c4267c4daf5: 已发送给 1 个客户端, seq=undefined
[Broadcast] 画布 canvas-2c4267c4daf5: 已发送给 1 个客户端, seq=undefined
[Broadcast] 画布 canvas-2c4267c4daf5: 已发送给 1 个客户端, seq=undefined
[Broadcast] 画布 canvas-2c4267c4daf5: 已发送给 1 个客户端, seq=undefined
[Broadcast] 画布 canvas-2c4267c4daf5: 已发送给 1 个客户端, seq=undefined
[Broadcast] 画布 canvas-2c4267c4daf5: 已发送给 1 个客户端, seq=undefined
[Kafka] 批量保存完成: count=2, excluded=0, reason=schedule
[Broadcast] 画布 canvas-2c4267c4daf5: 已发送给 1 个客户端, seq=undefined
[Broadcast] 画布 canvas-2c4267c4daf5: 已发送给 1 个客户端, seq=undefined
[消息] userId=test03, canvas=canvas-2c4267c4daf5, action=stroke, id=97816e45-2e55-4618-9c1a-ed288bd5742e, points=3
[Broadcast] 画布 canvas-2c4267c4daf5: 已发送给 1 个客户端, seq=25943
[Broadcast] 画布 canvas-2c4267c4daf5: 已发送给 1 个客户端, seq=undefined
[Broadcast] 画布 canvas-2c4267c4daf5: 已发送给 1 个客户端, seq=undefined
[Broadcast] 画布 canvas-2c4267c4daf5: 已发送给 1 个客户端, seq=undefined
[Broadcast] 画布 canvas-2c4267c4daf5: 已发送给 1 个客户端, seq=undefined
[Broadcast] 画布 canvas-2c4267c4daf5: 已发送给 1 个客户端, seq=undefined
[Broadcast] 画布 canvas-2c4267c4daf5: 已发送给 1 个客户端, seq=undefined
[Broadcast] 画布 canvas-2c4267c4daf5: 已发送给 1 个客户端, seq=undefined
[Broadcast] 画布 canvas-2c4267c4daf5: 已发送给 1 个客户端, seq=undefined
[Broadcast] 画布 canvas-2c4267c4daf5: 已发送给 1 个客户端, seq=undefined
[Broadcast] 画布 canvas-2c4267c4daf5: 已发送给 1 个客户端, seq=undefined
[Broadcast] 画布 canvas-2c4267c4daf5: 已发送给 1 个客户端, seq=undefined
[Broadcast] 画布 canvas-2c4267c4daf5: 已发送给 1 个客户端, seq=undefined
[Broadcast] 画布 canvas-2c4267c4daf5: 已发送给 1 个客户端, seq=undefined
[Kafka] 批量保存完成: count=1, excluded=0, reason=schedule
[Broadcast] 画布 canvas-2c4267c4daf5: 已发送给 1 个客户端, seq=undefined
[Broadcast] 画布 canvas-2c4267c4daf5: 已发送给 1 个客户端, seq=undefined
[Broadcast] 画布 canvas-2c4267c4daf5: 已发送给 1 个客户端, seq=undefined
[Broadcast] 画布 canvas-2c4267c4daf5: 已发送给 1 个客户端, seq=undefined
[Broadcast] 画布 canvas-2c4267c4daf5: 已发送给 1 个客户端, seq=undefined
[Broadcast] 画布 canvas-2c4267c4daf5: 已发送给 1 个客户端, seq=undefined
[Broadcast] 画布 canvas-2c4267c4daf5: 已发送给 1 个客户端, seq=undefined
[Broadcast] 画布 canvas-2c4267c4daf5: 已发送给 1 个客户端, seq=undefined
[Broadcast] 画布 canvas-2c4267c4daf5: 已发送给 1 个客户端, seq=undefined
[Broadcast] 画布 canvas-2c4267c4daf5: 已发送给 1 个客户端, seq=undefined
[Broadcast] 画布 canvas-2c4267c4daf5: 已发送给 1 个客户端, seq=undefined
[Broadcast] 画布 canvas-2c4267c4daf5: 已发送给 1 个客户端, seq=undefined
[Broadcast] 画布 canvas-2c4267c4daf5: 已发送给 1 个客户端, seq=undefined
[Broadcast] 画布 canvas-2c4267c4daf5: 已发送给 1 个客户端, seq=undefined
[Broadcast] 画布 canvas-2c4267c4daf5: 已发送给 1 个客户端, seq=undefined
[Broadcast] 画布 canvas-2c4267c4daf5: 已发送给 1 个客户端, seq=undefined
[Broadcast] 画布 canvas-2c4267c4daf5: 已发送给 1 个客户端, seq=undefined
[Broadcast] 画布 canvas-2c4267c4daf5: 已发送给 1 个客户端, seq=undefined
[Broadcast] 画布 canvas-2c4267c4daf5: 已发送给 1 个客户端, seq=undefined
[Broadcast] 画布 canvas-2c4267c4daf5: 已发送给 1 个客户端, seq=undefined
[Broadcast] 画布 canvas-2c4267c4daf5: 已发送给 1 个客户端, seq=undefined
[Broadcast] 画布 canvas-2c4267c4daf5: 已发送给 1 个客户端, seq=undefined
[Broadcast] 画布 canvas-2c4267c4daf5: 已发送给 1 个客户端, seq=undefined
[Broadcast] 画布 canvas-2c4267c4daf5: 已发送给 1 个客户端, seq=undefined
[Broadcast] 画布 canvas-2c4267c4daf5: 已发送给 1 个客户端, seq=undefined
[Broadcast] 画布 canvas-2c4267c4daf5: 已发送给 1 个客户端, seq=undefined
[Broadcast] 画布 canvas-2c4267c4daf5: 已发送给 1 个客户端, seq=undefined
[Broadcast] 画布 canvas-2c4267c4daf5: 已发送给 1 个客户端, seq=undefined
[Broadcast] 画布 canvas-2c4267c4daf5: 已发送给 1 个客户端, seq=undefined
[Broadcast] 画布 canvas-2c4267c4daf5: 已发送给 1 个客户端, seq=undefined
[Broadcast] 画布 canvas-2c4267c4daf5: 已发送给 1 个客户端, seq=undefined
[Broadcast] 画布 canvas-2c4267c4daf5: 已发送给 1 个客户端, seq=undefined
[Broadcast] 画布 canvas-2c4267c4daf5: 已发送给 1 个客户端, seq=undefined
[Broadcast] 画布 canvas-2c4267c4daf5: 已发送给 1 个客户端, seq=undefined
[消息] userId=test03, canvas=canvas-2c4267c4daf5, action=presence, id=undefined, points=0
[Broadcast] 画布 canvas-2c4267c4daf5: 已发送给 1 个客户端, seq=25944
[Kafka] 批量保存完成: count=1, excluded=0, reason=schedule
[消息] userId=test03, canvas=canvas-2c4267c4daf5, action=clear, id=undefined, points=0
[Clear] 用户 test03 清空了画布 canvas-2c4267c4daf5
[Broadcast] 画布 canvas-2c4267c4daf5: 已发送给 1 个客户端, seq=25945
[Broadcast] 画布 canvas-2c4267c4daf5: 已发送给 1 个客户端, seq=undefined
[Broadcast] 画布 canvas-2c4267c4daf5: 已发送给 1 个客户端, seq=undefined
[Broadcast] 画布 canvas-2c4267c4daf5: 已发送给 1 个客户端, seq=undefined
[Broadcast] 画布 canvas-2c4267c4daf5: 已发送给 1 个客户端, seq=undefined
[Broadcast] 画布 canvas-2c4267c4daf5: 已发送给 1 个客户端, seq=undefined
[Broadcast] 画布 canvas-2c4267c4daf5: 已发送给 1 个客户端, seq=undefined
[Broadcast] 画布 canvas-2c4267c4daf5: 已发送给 1 个客户端, seq=undefined
[Broadcast] 画布 canvas-2c4267c4daf5: 已发送给 1 个客户端, seq=undefined
[Broadcast] 画布 canvas-2c4267c4daf5: 已发送给 1 个客户端, seq=undefined
[Broadcast] 画布 canvas-2c4267c4daf5: 已发送给 1 个客户端, seq=undefined
[Broadcast] 画布 canvas-2c4267c4daf5: 已发送给 1 个客户端, seq=undefined
[Broadcast] 画布 canvas-2c4267c4daf5: 已发送给 1 个客户端, seq=undefined
[Broadcast] 画布 canvas-2c4267c4daf5: 已发送给 1 个客户端, seq=undefined
[Broadcast] 画布 canvas-2c4267c4daf5: 已发送给 1 个客户端, seq=undefined
[Broadcast] 画布 canvas-2c4267c4daf5: 已发送给 1 个客户端, seq=undefined
[Broadcast] 画布 canvas-2c4267c4daf5: 已发送给 1 个客户端, seq=undefined
[Broadcast] 画布 canvas-2c4267c4daf5: 已发送给 1 个客户端, seq=undefined
[Broadcast] 画布 canvas-2c4267c4daf5: 已发送给 1 个客户端, seq=undefined
[Broadcast] 画布 canvas-2c4267c4daf5: 已发送给 1 个客户端, seq=undefined
[消息] userId=test03, canvas=canvas-2c4267c4daf5, action=presence, id=undefined, points=0
[Broadcast] 画布 canvas-2c4267c4daf5: 已发送给 1 个客户端, seq=25946
[Broadcast] 画布 canvas-2c4267c4daf5: 已发送给 1 个客户端, seq=undefined
[Broadcast] 画布 canvas-2c4267c4daf5: 已发送给 1 个客户端, seq=undefined
[Broadcast] 画布 canvas-2c4267c4daf5: 已发送给 1 个客户端, seq=undefined
[Broadcast] 画布 canvas-2c4267c4daf5: 已发送给 1 个客户端, seq=undefined
[Broadcast] 画布 canvas-2c4267c4daf5: 已发送给 1 个客户端, seq=undefined
[Broadcast] 画布 canvas-2c4267c4daf5: 已发送给 1 个客户端, seq=undefined
[Broadcast] 画布 canvas-2c4267c4daf5: 已发送给 1 个客户端, seq=undefined
[Broadcast] 画布 canvas-2c4267c4daf5: 已发送给 1 个客户端, seq=undefined
[Broadcast] 画布 canvas-2c4267c4daf5: 已发送给 1 个客户端, seq=undefined
[Broadcast] 画布 canvas-2c4267c4daf5: 已发送给 1 个客户端, seq=undefined
[Broadcast] 画布 canvas-2c4267c4daf5: 已发送给 1 个客户端, seq=undefined
[Kafka] 批量保存完成: count=1, excluded=0, reason=schedule
[Broadcast] 画布 canvas-2c4267c4daf5: 已发送给 1 个客户端, seq=undefined
[Broadcast] 画布 canvas-2c4267c4daf5: 已发送给 1 个客户端, seq=undefined
[Broadcast] 画布 canvas-2c4267c4daf5: 已发送给 1 个客户端, seq=undefined
[Broadcast] 画布 canvas-2c4267c4daf5: 已发送给 1 个客户端, seq=undefined
[Broadcast] 画布 canvas-2c4267c4daf5: 已发送给 1 个客户端, seq=undefined
[消息] userId=test03, canvas=canvas-2c4267c4daf5, action=stroke, id=85db0001-121b-49fe-95de-babe475b3575, points=8
[Broadcast] 画布 canvas-2c4267c4daf5: 已发送给 1 个客户端, seq=25947
[Broadcast] 画布 canvas-2c4267c4daf5: 已发送给 1 个客户端, seq=undefined
[Broadcast] 画布 canvas-2c4267c4daf5: 已发送给 1 个客户端, seq=undefined
[Broadcast] 画布 canvas-2c4267c4daf5: 已发送给 1 个客户端, seq=undefined
[Broadcast] 画布 canvas-2c4267c4daf5: 已发送给 1 个客户端, seq=undefined
[Broadcast] 画布 canvas-2c4267c4daf5: 已发送给 1 个客户端, seq=undefined
[Broadcast] 画布 canvas-2c4267c4daf5: 已发送给 1 个客户端, seq=undefined
[Broadcast] 画布 canvas-2c4267c4daf5: 已发送给 1 个客户端, seq=undefined
[Kafka] 批量保存完成: count=1, excluded=0, reason=schedule
[Broadcast] 画布 canvas-2c4267c4daf5: 已发送给 1 个客户端, seq=undefined
[Broadcast] 画布 canvas-2c4267c4daf5: 已发送给 1 个客户端, seq=undefined
[Broadcast] 画布 canvas-2c4267c4daf5: 已发送给 1 个客户端, seq=undefined
[Broadcast] 画布 canvas-2c4267c4daf5: 已发送给 1 个客户端, seq=undefined
[Broadcast] 画布 canvas-2c4267c4daf5: 已发送给 1 个客户端, seq=undefined
[Broadcast] 画布 canvas-2c4267c4daf5: 已发送给 1 个客户端, seq=undefined
[消息] userId=test03, canvas=canvas-2c4267c4daf5, action=stroke, id=d1cdea0d-6078-4a4d-99c1-36a0eab476c9, points=4
[Broadcast] 画布 canvas-2c4267c4daf5: 已发送给 1 个客户端, seq=25948
[Broadcast] 画布 canvas-2c4267c4daf5: 已发送给 1 个客户端, seq=undefined
[Broadcast] 画布 canvas-2c4267c4daf5: 已发送给 1 个客户端, seq=undefined
[Broadcast] 画布 canvas-2c4267c4daf5: 已发送给 1 个客户端, seq=undefined
[Broadcast] 画布 canvas-2c4267c4daf5: 已发送给 1 个客户端, seq=undefined
[Broadcast] 画布 canvas-2c4267c4daf5: 已发送给 1 个客户端, seq=undefined
[Broadcast] 画布 canvas-2c4267c4daf5: 已发送给 1 个客户端, seq=undefined
[Kafka] 批量保存完成: count=1, excluded=0, reason=schedule
[Broadcast] 画布 canvas-2c4267c4daf5: 已发送给 1 个客户端, seq=undefined
[Broadcast] 画布 canvas-2c4267c4daf5: 已发送给 1 个客户端, seq=undefined
[Broadcast] 画布 canvas-2c4267c4daf5: 已发送给 1 个客户端, seq=undefined
[Broadcast] 画布 canvas-2c4267c4daf5: 已发送给 1 个客户端, seq=undefined
[Broadcast] 画布 canvas-2c4267c4daf5: 已发送给 1 个客户端, seq=undefined
[Broadcast] 画布 canvas-2c4267c4daf5: 已发送给 1 个客户端, seq=undefined
[Broadcast] 画布 canvas-2c4267c4daf5: 已发送给 1 个客户端, seq=undefined
[Broadcast] 画布 canvas-2c4267c4daf5: 已发送给 1 个客户端, seq=undefined
[Broadcast] 画布 canvas-2c4267c4daf5: 已发送给 1 个客户端, seq=undefined
[Broadcast] 画布 canvas-2c4267c4daf5: 已发送给 1 个客户端, seq=undefined
[Broadcast] 画布 canvas-2c4267c4daf5: 已发送给 1 个客户端, seq=undefined
[Broadcast] 画布 canvas-2c4267c4daf5: 已发送给 1 个客户端, seq=undefined
[Broadcast] 画布 canvas-2c4267c4daf5: 已发送给 1 个客户端, seq=undefined
[Broadcast] 画布 canvas-2c4267c4daf5: 已发送给 1 个客户端, seq=undefined
[Broadcast] 画布 canvas-2c4267c4daf5: 已发送给 1 个客户端, seq=undefined
[Broadcast] 画布 canvas-2c4267c4daf5: 已发送给 1 个客户端, seq=undefined
[Broadcast] 画布 canvas-2c4267c4daf5: 已发送给 1 个客户端, seq=undefined
[消息] userId=test03, canvas=canvas-2c4267c4daf5, action=stroke, id=6554f052-593e-42b9-a91b-a93bdd438053, points=5
[Broadcast] 画布 canvas-2c4267c4daf5: 已发送给 1 个客户端, seq=undefined
[Broadcast] 画布 canvas-2c4267c4daf5: 已发送给 1 个客户端, seq=25949
[Broadcast] 画布 canvas-2c4267c4daf5: 已发送给 1 个客户端, seq=undefined
[Broadcast] 画布 canvas-2c4267c4daf5: 已发送给 1 个客户端, seq=undefined
[Broadcast] 画布 canvas-2c4267c4daf5: 已发送给 1 个客户端, seq=undefined
[Broadcast] 画布 canvas-2c4267c4daf5: 已发送给 1 个客户端, seq=undefined
[Broadcast] 画布 canvas-2c4267c4daf5: 已发送给 1 个客户端, seq=undefined
[Broadcast] 画布 canvas-2c4267c4daf5: 已发送给 1 个客户端, seq=undefined
[Broadcast] 画布 canvas-2c4267c4daf5: 已发送给 1 个客户端, seq=undefined
[Broadcast] 画布 canvas-2c4267c4daf5: 已发送给 1 个客户端, seq=undefined
[Broadcast] 画布 canvas-2c4267c4daf5: 已发送给 1 个客户端, seq=undefined
[Broadcast] 画布 canvas-2c4267c4daf5: 已发送给 1 个客户端, seq=undefined
[Broadcast] 画布 canvas-2c4267c4daf5: 已发送给 1 个客户端, seq=undefined
[Broadcast] 画布 canvas-2c4267c4daf5: 已发送给 1 个客户端, seq=undefined
[Kafka] 批量保存完成: count=1, excluded=0, reason=schedule
[Broadcast] 画布 canvas-2c4267c4daf5: 已发送给 1 个客户端, seq=undefined
[消息] userId=test03, canvas=canvas-2c4267c4daf5, action=presence, id=undefined, points=0
[Broadcast] 画布 canvas-2c4267c4daf5: 已发送给 1 个客户端, seq=undefined
[Broadcast] 画布 canvas-2c4267c4daf5: 已发送给 1 个客户端, seq=25950
[Broadcast] 画布 canvas-2c4267c4daf5: 已发送给 1 个客户端, seq=undefined
[Broadcast] 画布 canvas-2c4267c4daf5: 已发送给 1 个客户端, seq=undefined
[Broadcast] 画布 canvas-2c4267c4daf5: 已发送给 1 个客户端, seq=undefined
[Broadcast] 画布 canvas-2c4267c4daf5: 已发送给 1 个客户端, seq=undefined
[Broadcast] 画布 canvas-2c4267c4daf5: 已发送给 1 个客户端, seq=undefined
[Broadcast] 画布 canvas-2c4267c4daf5: 已发送给 1 个客户端, seq=undefined
[Broadcast] 画布 canvas-2c4267c4daf5: 已发送给 1 个客户端, seq=undefined
[Kafka] 批量保存完成: count=1, excluded=0, reason=schedule
[Broadcast] 画布 canvas-2c4267c4daf5: 已发送给 1 个客户端, seq=undefined
[Broadcast] 画布 canvas-2c4267c4daf5: 已发送给 1 个客户端, seq=undefined
[Broadcast] 画布 canvas-2c4267c4daf5: 已发送给 1 个客户端, seq=undefined
[Broadcast] 画布 canvas-2c4267c4daf5: 已发送给 1 个客户端, seq=undefined
[Broadcast] 画布 canvas-2c4267c4daf5: 已发送给 1 个客户端, seq=undefined
[消息] userId=test03, canvas=canvas-2c4267c4daf5, action=stroke, id=4bda74fc-1f8f-4da0-b32f-00e33d6792d4, points=2
[Broadcast] 画布 canvas-2c4267c4daf5: 已发送给 1 个客户端, seq=25951
[Broadcast] 画布 canvas-2c4267c4daf5: 已发送给 1 个客户端, seq=undefined
[Snapshot] 画布 canvas-2c4267c4daf5 生成快照，sequence_id=25949，笔画数=3，SVG大小=1867字节
[Broadcast] 画布 canvas-2c4267c4daf5: 已发送给 1 个客户端, seq=undefined
[Broadcast] 画布 canvas-2c4267c4daf5: 已发送给 1 个客户端, seq=undefined
[Broadcast] 画布 canvas-2c4267c4daf5: 已发送给 1 个客户端, seq=undefined
[Broadcast] 画布 canvas-2c4267c4daf5: 已发送给 1 个客户端, seq=undefined
[Broadcast] 画布 canvas-2c4267c4daf5: 已发送给 1 个客户端, seq=undefined
[Broadcast] 画布 canvas-2c4267c4daf5: 已发送给 1 个客户端, seq=undefined
[Broadcast] 画布 canvas-2c4267c4daf5: 已发送给 1 个客户端, seq=undefined
[Broadcast] 画布 canvas-2c4267c4daf5: 已发送给 1 个客户端, seq=undefined
[Broadcast] 画布 canvas-2c4267c4daf5: 已发送给 1 个客户端, seq=undefined
[Broadcast] 画布 canvas-2c4267c4daf5: 已发送给 1 个客户端, seq=undefined
[Kafka] 批量保存完成: count=1, excluded=0, reason=schedule
[Broadcast] 画布 canvas-2c4267c4daf5: 已发送给 1 个客户端, seq=undefined
[Broadcast] 画布 canvas-2c4267c4daf5: 已发送给 1 个客户端, seq=undefined
[Broadcast] 画布 canvas-2c4267c4daf5: 已发送给 1 个客户端, seq=undefined
[Broadcast] 画布 canvas-2c4267c4daf5: 已发送给 1 个客户端, seq=undefined
[Broadcast] 画布 canvas-2c4267c4daf5: 已发送给 1 个客户端, seq=undefined
[Broadcast] 画布 canvas-2c4267c4daf5: 已发送给 1 个客户端, seq=undefined
[Broadcast] 画布 canvas-2c4267c4daf5: 已发送给 1 个客户端, seq=undefined
[Broadcast] 画布 canvas-2c4267c4daf5: 已发送给 1 个客户端, seq=undefined
[消息] userId=test03, canvas=canvas-2c4267c4daf5, action=stroke, id=d105ca91-522b-4e47-88c1-029db650918c, points=3
[Broadcast] 画布 canvas-2c4267c4daf5: 已发送给 1 个客户端, seq=25952
[Broadcast] 画布 canvas-2c4267c4daf5: 已发送给 1 个客户端, seq=undefined
[Broadcast] 画布 canvas-2c4267c4daf5: 已发送给 1 个客户端, seq=undefined
[Kafka] 批量保存完成: count=1, excluded=0, reason=schedule
[Broadcast] 画布 canvas-2c4267c4daf5: 已发送给 1 个客户端, seq=undefined
[Broadcast] 画布 canvas-2c4267c4daf5: 已发送给 1 个客户端, seq=undefined
[Broadcast] 画布 canvas-2c4267c4daf5: 已发送给 1 个客户端, seq=undefined
[Broadcast] 画布 canvas-2c4267c4daf5: 已发送给 1 个客户端, seq=undefined
[Broadcast] 画布 canvas-2c4267c4daf5: 已发送给 1 个客户端, seq=undefined
[消息] userId=test03, canvas=canvas-2c4267c4daf5, action=stroke, id=2b67f395-9da1-4106-a56a-deeda2443aef, points=2
[Broadcast] 画布 canvas-2c4267c4daf5: 已发送给 1 个客户端, seq=25953
[Broadcast] 画布 canvas-2c4267c4daf5: 已发送给 1 个客户端, seq=undefined
[Broadcast] 画布 canvas-2c4267c4daf5: 已发送给 1 个客户端, seq=undefined
[Broadcast] 画布 canvas-2c4267c4daf5: 已发送给 1 个客户端, seq=undefined
[Broadcast] 画布 canvas-2c4267c4daf5: 已发送给 1 个客户端, seq=undefined
[Broadcast] 画布 canvas-2c4267c4daf5: 已发送给 1 个客户端, seq=undefined
[Kafka] 批量保存完成: count=1, excluded=0, reason=schedule
[Broadcast] 画布 canvas-2c4267c4daf5: 已发送给 1 个客户端, seq=undefined
[Broadcast] 画布 canvas-2c4267c4daf5: 已发送给 1 个客户端, seq=undefined
[Broadcast] 画布 canvas-2c4267c4daf5: 已发送给 1 个客户端, seq=undefined
[Broadcast] 画布 canvas-2c4267c4daf5: 已发送给 1 个客户端, seq=undefined
[Broadcast] 画布 canvas-2c4267c4daf5: 已发送给 1 个客户端, seq=undefined
[Broadcast] 画布 canvas-2c4267c4daf5: 已发送给 1 个客户端, seq=undefined
[Broadcast] 画布 canvas-2c4267c4daf5: 已发送给 1 个客户端, seq=undefined
[Broadcast] 画布 canvas-2c4267c4daf5: 已发送给 1 个客户端, seq=undefined
[Broadcast] 画布 canvas-2c4267c4daf5: 已发送给 1 个客户端, seq=undefined
[Broadcast] 画布 canvas-2c4267c4daf5: 已发送给 1 个客户端, seq=undefined
[Broadcast] 画布 canvas-2c4267c4daf5: 已发送给 1 个客户端, seq=undefined
[Broadcast] 画布 canvas-2c4267c4daf5: 已发送给 1 个客户端, seq=undefined
[Broadcast] 画布 canvas-2c4267c4daf5: 已发送给 1 个客户端, seq=undefined
[Broadcast] 画布 canvas-2c4267c4daf5: 已发送给 1 个客户端, seq=undefined
[Broadcast] 画布 canvas-2c4267c4daf5: 已发送给 1 个客户端, seq=undefined
[Broadcast] 画布 canvas-2c4267c4daf5: 已发送给 1 个客户端, seq=undefined
[Broadcast] 画布 canvas-2c4267c4daf5: 已发送给 1 个客户端, seq=undefined
[消息] userId=test03, canvas=canvas-2c4267c4daf5, action=presence, id=undefined, points=0
[Broadcast] 画布 canvas-2c4267c4daf5: 已发送给 1 个客户端, seq=25954
[Broadcast] 画布 canvas-2c4267c4daf5: 已发送给 1 个客户端, seq=undefined
[Broadcast] 画布 canvas-2c4267c4daf5: 已发送给 1 个客户端, seq=undefined
[Broadcast] 画布 canvas-2c4267c4daf5: 已发送给 1 个客户端, seq=undefined
[Broadcast] 画布 canvas-2c4267c4daf5: 已发送给 1 个客户端, seq=undefined
[Broadcast] 画布 canvas-2c4267c4daf5: 已发送给 1 个客户端, seq=undefined
[Broadcast] 画布 canvas-2c4267c4daf5: 已发送给 1 个客户端, seq=undefined
[Kafka] 批量保存完成: count=1, excluded=0, reason=schedule
[消息] userId=test03, canvas=canvas-2c4267c4daf5, action=stroke, id=51a066a9-9fba-49e0-ba36-c400d7a9c8b3, points=2
[Broadcast] 画布 canvas-2c4267c4daf5: 已发送给 1 个客户端, seq=25955
[Broadcast] 画布 canvas-2c4267c4daf5: 已发送给 1 个客户端, seq=undefined
[Broadcast] 画布 canvas-2c4267c4daf5: 已发送给 1 个客户端, seq=undefined
[Broadcast] 画布 canvas-2c4267c4daf5: 已发送给 1 个客户端, seq=undefined
[Broadcast] 画布 canvas-2c4267c4daf5: 已发送给 1 个客户端, seq=undefined
[Broadcast] 画布 canvas-2c4267c4daf5: 已发送给 1 个客户端, seq=undefined
[Broadcast] 画布 canvas-2c4267c4daf5: 已发送给 1 个客户端, seq=undefined
[Broadcast] 画布 canvas-2c4267c4daf5: 已发送给 1 个客户端, seq=undefined
[Broadcast] 画布 canvas-2c4267c4daf5: 已发送给 1 个客户端, seq=undefined
[Broadcast] 画布 canvas-2c4267c4daf5: 已发送给 1 个客户端, seq=undefined
[Broadcast] 画布 canvas-2c4267c4daf5: 已发送给 1 个客户端, seq=undefined
[Broadcast] 画布 canvas-2c4267c4daf5: 已发送给 1 个客户端, seq=undefined
[Kafka] 批量保存完成: count=1, excluded=0, reason=schedule
[Broadcast] 画布 canvas-2c4267c4daf5: 已发送给 1 个客户端, seq=undefined
[Broadcast] 画布 canvas-2c4267c4daf5: 已发送给 1 个客户端, seq=undefined
[Broadcast] 画布 canvas-2c4267c4daf5: 已发送给 1 个客户端, seq=undefined
[Broadcast] 画布 canvas-2c4267c4daf5: 已发送给 1 个客户端, seq=undefined
[Broadcast] 画布 canvas-2c4267c4daf5: 已发送给 1 个客户端, seq=undefined
[Broadcast] 画布 canvas-2c4267c4daf5: 已发送给 1 个客户端, seq=undefined
[Broadcast] 画布 canvas-2c4267c4daf5: 已发送给 1 个客户端, seq=undefined
[Broadcast] 画布 canvas-2c4267c4daf5: 已发送给 1 个客户端, seq=undefined
[Broadcast] 画布 canvas-2c4267c4daf5: 已发送给 1 个客户端, seq=undefined
[消息] userId=test03, canvas=canvas-2c4267c4daf5, action=stroke, id=15b25f36-0672-4422-8352-0b5a7289b178, points=4
[Broadcast] 画布 canvas-2c4267c4daf5: 已发送给 1 个客户端, seq=25956
[Broadcast] 画布 canvas-2c4267c4daf5: 已发送给 1 个客户端, seq=undefined
[Broadcast] 画布 canvas-2c4267c4daf5: 已发送给 1 个客户端, seq=undefined
[Broadcast] 画布 canvas-2c4267c4daf5: 已发送给 1 个客户端, seq=undefined
[Broadcast] 画布 canvas-2c4267c4daf5: 已发送给 1 个客户端, seq=undefined
[Broadcast] 画布 canvas-2c4267c4daf5: 已发送给 1 个客户端, seq=undefined
[Broadcast] 画布 canvas-2c4267c4daf5: 已发送给 1 个客户端, seq=undefined
[Broadcast] 画布 canvas-2c4267c4daf5: 已发送给 1 个客户端, seq=undefined
[Broadcast] 画布 canvas-2c4267c4daf5: 已发送给 1 个客户端, seq=undefined
[Broadcast] 画布 canvas-2c4267c4daf5: 已发送给 1 个客户端, seq=undefined
[Broadcast] 画布 canvas-2c4267c4daf5: 已发送给 1 个客户端, seq=undefined
[Broadcast] 画布 canvas-2c4267c4daf5: 已发送给 1 个客户端, seq=undefined
[Broadcast] 画布 canvas-2c4267c4daf5: 已发送给 1 个客户端, seq=undefined
[Broadcast] 画布 canvas-2c4267c4daf5: 已发送给 1 个客户端, seq=undefined
[Kafka] 批量保存完成: count=1, excluded=0, reason=schedule
[Broadcast] 画布 canvas-2c4267c4daf5: 已发送给 1 个客户端, seq=undefined
[Broadcast] 画布 canvas-2c4267c4daf5: 已发送给 1 个客户端, seq=undefined
[Broadcast] 画布 canvas-2c4267c4daf5: 已发送给 1 个客户端, seq=undefined
[Broadcast] 画布 canvas-2c4267c4daf5: 已发送给 1 个客户端, seq=undefined
[Broadcast] 画布 canvas-2c4267c4daf5: 已发送给 1 个客户端, seq=undefined
[Broadcast] 画布 canvas-2c4267c4daf5: 已发送给 1 个客户端, seq=undefined
[Broadcast] 画布 canvas-2c4267c4daf5: 已发送给 1 个客户端, seq=undefined
[Broadcast] 画布 canvas-2c4267c4daf5: 已发送给 1 个客户端, seq=undefined
[消息] userId=test03, canvas=canvas-2c4267c4daf5, action=stroke, id=7ab95fee-1f2a-4165-b705-2e4127a9e23a, points=5
[Broadcast] 画布 canvas-2c4267c4daf5: 已发送给 1 个客户端, seq=undefined
[Broadcast] 画布 canvas-2c4267c4daf5: 已发送给 1 个客户端, seq=25957
[Broadcast] 画布 canvas-2c4267c4daf5: 已发送给 1 个客户端, seq=undefined
[Broadcast] 画布 canvas-2c4267c4daf5: 已发送给 1 个客户端, seq=undefined
[Broadcast] 画布 canvas-2c4267c4daf5: 已发送给 1 个客户端, seq=undefined
[Broadcast] 画布 canvas-2c4267c4daf5: 已发送给 1 个客户端, seq=undefined
[Broadcast] 画布 canvas-2c4267c4daf5: 已发送给 1 个客户端, seq=undefined
[Kafka] 批量保存完成: count=1, excluded=0, reason=schedule
[消息] userId=test03, canvas=canvas-2c4267c4daf5, action=presence, id=undefined, points=0
[Broadcast] 画布 canvas-2c4267c4daf5: 已发送给 1 个客户端, seq=25958
[Broadcast] 画布 canvas-2c4267c4daf5: 已发送给 1 个客户端, seq=undefined
[Broadcast] 画布 canvas-2c4267c4daf5: 已发送给 1 个客户端, seq=undefined
[Broadcast] 画布 canvas-2c4267c4daf5: 已发送给 1 个客户端, seq=undefined
[Broadcast] 画布 canvas-2c4267c4daf5: 已发送给 1 个客户端, seq=undefined
[Broadcast] 画布 canvas-2c4267c4daf5: 已发送给 1 个客户端, seq=undefined
[Broadcast] 画布 canvas-2c4267c4daf5: 已发送给 1 个客户端, seq=undefined
[Broadcast] 画布 canvas-2c4267c4daf5: 已发送给 1 个客户端, seq=undefined
[Kafka] 批量保存完成: count=1, excluded=0, reason=schedule
[Broadcast] 画布 canvas-2c4267c4daf5: 已发送给 1 个客户端, seq=undefined
[Broadcast] 画布 canvas-2c4267c4daf5: 已发送给 1 个客户端, seq=undefined
[Broadcast] 画布 canvas-2c4267c4daf5: 已发送给 1 个客户端, seq=undefined
[Broadcast] 画布 canvas-2c4267c4daf5: 已发送给 1 个客户端, seq=undefined
[Broadcast] 画布 canvas-2c4267c4daf5: 已发送给 1 个客户端, seq=undefined
[Broadcast] 画布 canvas-2c4267c4daf5: 已发送给 1 个客户端, seq=undefined
[Broadcast] 画布 canvas-2c4267c4daf5: 已发送给 1 个客户端, seq=undefined
[Broadcast] 画布 canvas-2c4267c4daf5: 已发送给 1 个客户端, seq=undefined
[Broadcast] 画布 canvas-2c4267c4daf5: 已发送给 1 个客户端, seq=undefined
[Broadcast] 画布 canvas-2c4267c4daf5: 已发送给 1 个客户端, seq=undefined
[Broadcast] 画布 canvas-2c4267c4daf5: 已发送给 1 个客户端, seq=undefined
[Broadcast] 画布 canvas-2c4267c4daf5: 已发送给 1 个客户端, seq=undefined
[Broadcast] 画布 canvas-2c4267c4daf5: 已发送给 1 个客户端, seq=undefined
[Broadcast] 画布 canvas-2c4267c4daf5: 已发送给 1 个客户端, seq=undefined
[Broadcast] 画布 canvas-2c4267c4daf5: 已发送给 1 个客户端, seq=undefined
[Broadcast] 画布 canvas-2c4267c4daf5: 已发送给 1 个客户端, seq=undefined
[Broadcast] 画布 canvas-2c4267c4daf5: 已发送给 1 个客户端, seq=undefined
[Broadcast] 画布 canvas-2c4267c4daf5: 已发送给 1 个客户端, seq=undefined
[Broadcast] 画布 canvas-2c4267c4daf5: 已发送给 1 个客户端, seq=undefined
[Broadcast] 画布 canvas-2c4267c4daf5: 已发送给 1 个客户端, seq=undefined
[Broadcast] 画布 canvas-2c4267c4daf5: 已发送给 1 个客户端, seq=undefined
[Broadcast] 画布 canvas-2c4267c4daf5: 已发送给 1 个客户端, seq=undefined
[Broadcast] 画布 canvas-2c4267c4daf5: 已发送给 1 个客户端, seq=undefined
[Broadcast] 画布 canvas-2c4267c4daf5: 已发送给 1 个客户端, seq=undefined
[Broadcast] 画布 canvas-2c4267c4daf5: 已发送给 1 个客户端, seq=undefined
[Broadcast] 画布 canvas-2c4267c4daf5: 已发送给 1 个客户端, seq=undefined
[Broadcast] 画布 canvas-2c4267c4daf5: 已发送给 1 个客户端, seq=undefined
[Broadcast] 画布 canvas-2c4267c4daf5: 已发送给 1 个客户端, seq=undefined
[Broadcast] 画布 canvas-2c4267c4daf5: 已发送给 1 个客户端, seq=undefined
[Broadcast] 画布 canvas-2c4267c4daf5: 已发送给 1 个客户端, seq=undefined
[Broadcast] 画布 canvas-2c4267c4daf5: 已发送给 1 个客户端, seq=undefined
[Broadcast] 画布 canvas-2c4267c4daf5: 已发送给 1 个客户端, seq=undefined
[消息] userId=test03, canvas=canvas-2c4267c4daf5, action=stroke, id=5563a1b7-8a41-46ec-a19d-c180109a67ef, points=5
[Broadcast] 画布 canvas-2c4267c4daf5: 已发送给 1 个客户端, seq=25959
[Broadcast] 画布 canvas-2c4267c4daf5: 已发送给 1 个客户端, seq=undefined
[Broadcast] 画布 canvas-2c4267c4daf5: 已发送给 1 个客户端, seq=undefined
[Broadcast] 画布 canvas-2c4267c4daf5: 已发送给 1 个客户端, seq=undefined
[Broadcast] 画布 canvas-2c4267c4daf5: 已发送给 1 个客户端, seq=undefined
[Broadcast] 画布 canvas-2c4267c4daf5: 已发送给 1 个客户端, seq=undefined
[Broadcast] 画布 canvas-2c4267c4daf5: 已发送给 1 个客户端, seq=undefined
[Broadcast] 画布 canvas-2c4267c4daf5: 已发送给 1 个客户端, seq=undefined
[Broadcast] 画布 canvas-2c4267c4daf5: 已发送给 1 个客户端, seq=undefined
[消息] userId=test03, canvas=canvas-2c4267c4daf5, action=presence, id=undefined, points=0
[Kafka] 批量保存完成: count=1, excluded=0, reason=schedule
[Broadcast] 画布 canvas-2c4267c4daf5: 已发送给 1 个客户端, seq=25960
[Broadcast] 画布 canvas-2c4267c4daf5: 已发送给 1 个客户端, seq=undefined
[Broadcast] 画布 canvas-2c4267c4daf5: 已发送给 1 个客户端, seq=undefined
[Broadcast] 画布 canvas-2c4267c4daf5: 已发送给 1 个客户端, seq=undefined
[Broadcast] 画布 canvas-2c4267c4daf5: 已发送给 1 个客户端, seq=undefined
[Broadcast] 画布 canvas-2c4267c4daf5: 已发送给 1 个客户端, seq=undefined
[Broadcast] 画布 canvas-2c4267c4daf5: 已发送给 1 个客户端, seq=undefined
[Broadcast] 画布 canvas-2c4267c4daf5: 已发送给 1 个客户端, seq=undefined
[Broadcast] 画布 canvas-2c4267c4daf5: 已发送给 1 个客户端, seq=undefined
[Broadcast] 画布 canvas-2c4267c4daf5: 已发送给 1 个客户端, seq=undefined
[Kafka] 批量保存完成: count=1, excluded=0, reason=schedule
[消息] userId=test03, canvas=canvas-2c4267c4daf5, action=stroke, id=53fdecc0-a87b-4acc-a502-51f40d9b95f1, points=6
[Broadcast] 画布 canvas-2c4267c4daf5: 已发送给 1 个客户端, seq=undefined
[Broadcast] 画布 canvas-2c4267c4daf5: 已发送给 1 个客户端, seq=25961
[Broadcast] 画布 canvas-2c4267c4daf5: 已发送给 1 个客户端, seq=undefined
[Broadcast] 画布 canvas-2c4267c4daf5: 已发送给 1 个客户端, seq=undefined
[Broadcast] 画布 canvas-2c4267c4daf5: 已发送给 1 个客户端, seq=undefined
[Broadcast] 画布 canvas-2c4267c4daf5: 已发送给 1 个客户端, seq=undefined
[Broadcast] 画布 canvas-2c4267c4daf5: 已发送给 1 个客户端, seq=undefined
[Broadcast] 画布 canvas-2c4267c4daf5: 已发送给 1 个客户端, seq=undefined
[Broadcast] 画布 canvas-2c4267c4daf5: 已发送给 1 个客户端, seq=undefined
[Broadcast] 画布 canvas-2c4267c4daf5: 已发送给 1 个客户端, seq=undefined
[Broadcast] 画布 canvas-2c4267c4daf5: 已发送给 1 个客户端, seq=undefined
[Broadcast] 画布 canvas-2c4267c4daf5: 已发送给 1 个客户端, seq=undefined
[Broadcast] 画布 canvas-2c4267c4daf5: 已发送给 1 个客户端, seq=undefined
[Kafka] 批量保存完成: count=1, excluded=0, reason=schedule
[Broadcast] 画布 canvas-2c4267c4daf5: 已发送给 1 个客户端, seq=undefined
[Broadcast] 画布 canvas-2c4267c4daf5: 已发送给 1 个客户端, seq=undefined
[Broadcast] 画布 canvas-2c4267c4daf5: 已发送给 1 个客户端, seq=undefined
[Broadcast] 画布 canvas-2c4267c4daf5: 已发送给 1 个客户端, seq=undefined
[Broadcast] 画布 canvas-2c4267c4daf5: 已发送给 1 个客户端, seq=undefined
[Broadcast] 画布 canvas-2c4267c4daf5: 已发送给 1 个客户端, seq=undefined
[Broadcast] 画布 canvas-2c4267c4daf5: 已发送给 1 个客户端, seq=undefined
[Broadcast] 画布 canvas-2c4267c4daf5: 已发送给 1 个客户端, seq=undefined
[Broadcast] 画布 canvas-2c4267c4daf5: 已发送给 1 个客户端, seq=undefined
[Broadcast] 画布 canvas-2c4267c4daf5: 已发送给 1 个客户端, seq=undefined
[Broadcast] 画布 canvas-2c4267c4daf5: 已发送给 1 个客户端, seq=undefined
[Broadcast] 画布 canvas-2c4267c4daf5: 已发送给 1 个客户端, seq=undefined
[Broadcast] 画布 canvas-2c4267c4daf5: 已发送给 1 个客户端, seq=undefined
[Broadcast] 画布 canvas-2c4267c4daf5: 已发送给 1 个客户端, seq=undefined
[Broadcast] 画布 canvas-2c4267c4daf5: 已发送给 1 个客户端, seq=undefined
[Broadcast] 画布 canvas-2c4267c4daf5: 已发送给 1 个客户端, seq=undefined
[Broadcast] 画布 canvas-2c4267c4daf5: 已发送给 1 个客户端, seq=undefined
[消息] userId=test03, canvas=canvas-2c4267c4daf5, action=stroke, id=b450bf0b-f21c-4b5a-925b-8bdcf89423ef, points=5
[Broadcast] 画布 canvas-2c4267c4daf5: 已发送给 1 个客户端, seq=undefined
[Broadcast] 画布 canvas-2c4267c4daf5: 已发送给 1 个客户端, seq=25962
[Broadcast] 画布 canvas-2c4267c4daf5: 已发送给 1 个客户端, seq=undefined
[Broadcast] 画布 canvas-2c4267c4daf5: 已发送给 1 个客户端, seq=undefined
[Broadcast] 画布 canvas-2c4267c4daf5: 已发送给 1 个客户端, seq=undefined
[Broadcast] 画布 canvas-2c4267c4daf5: 已发送给 1 个客户端, seq=undefined
[Broadcast] 画布 canvas-2c4267c4daf5: 已发送给 1 个客户端, seq=undefined
[Kafka] 批量保存完成: count=1, excluded=0, reason=schedule
[Broadcast] 画布 canvas-2c4267c4daf5: 已发送给 1 个客户端, seq=undefined
[Broadcast] 画布 canvas-2c4267c4daf5: 已发送给 1 个客户端, seq=undefined
[Broadcast] 画布 canvas-2c4267c4daf5: 已发送给 1 个客户端, seq=undefined
[Broadcast] 画布 canvas-2c4267c4daf5: 已发送给 1 个客户端, seq=undefined
[Broadcast] 画布 canvas-2c4267c4daf5: 已发送给 1 个客户端, seq=undefined
[Broadcast] 画布 canvas-2c4267c4daf5: 已发送给 1 个客户端, seq=undefined
[Broadcast] 画布 canvas-2c4267c4daf5: 已发送给 1 个客户端, seq=undefined
[Broadcast] 画布 canvas-2c4267c4daf5: 已发送给 1 个客户端, seq=undefined
[Broadcast] 画布 canvas-2c4267c4daf5: 已发送给 1 个客户端, seq=undefined
[Broadcast] 画布 canvas-2c4267c4daf5: 已发送给 1 个客户端, seq=undefined
[Broadcast] 画布 canvas-2c4267c4daf5: 已发送给 1 个客户端, seq=undefined
[Broadcast] 画布 canvas-2c4267c4daf5: 已发送给 1 个客户端, seq=undefined
[消息] userId=test03, canvas=canvas-2c4267c4daf5, action=presence, id=undefined, points=0
[Broadcast] 画布 canvas-2c4267c4daf5: 已发送给 1 个客户端, seq=25963
[Broadcast] 画布 canvas-2c4267c4daf5: 已发送给 1 个客户端, seq=undefined
[Broadcast] 画布 canvas-2c4267c4daf5: 已发送给 1 个客户端, seq=undefined
[Broadcast] 画布 canvas-2c4267c4daf5: 已发送给 1 个客户端, seq=undefined
[Broadcast] 画布 canvas-2c4267c4daf5: 已发送给 1 个客户端, seq=undefined
[Broadcast] 画布 canvas-2c4267c4daf5: 已发送给 1 个客户端, seq=undefined
[Broadcast] 画布 canvas-2c4267c4daf5: 已发送给 1 个客户端, seq=undefined
[Broadcast] 画布 canvas-2c4267c4daf5: 已发送给 1 个客户端, seq=undefined
[Broadcast] 画布 canvas-2c4267c4daf5: 已发送给 1 个客户端, seq=undefined
[消息] userId=test03, canvas=canvas-2c4267c4daf5, action=stroke, id=36a7442e-e1f1-4578-9b07-8e5a9bf0a05d, points=2
[Broadcast] 画布 canvas-2c4267c4daf5: 已发送给 1 个客户端, seq=undefined
[Broadcast] 画布 canvas-2c4267c4daf5: 已发送给 1 个客户端, seq=25964
[Broadcast] 画布 canvas-2c4267c4daf5: 已发送给 1 个客户端, seq=undefined
[Broadcast] 画布 canvas-2c4267c4daf5: 已发送给 1 个客户端, seq=undefined
[Kafka] 批量保存完成: count=2, excluded=0, reason=schedule
[Broadcast] 画布 canvas-2c4267c4daf5: 已发送给 1 个客户端, seq=undefined
[Broadcast] 画布 canvas-2c4267c4daf5: 已发送给 1 个客户端, seq=undefined
[Broadcast] 画布 canvas-2c4267c4daf5: 已发送给 1 个客户端, seq=undefined
[Broadcast] 画布 canvas-2c4267c4daf5: 已发送给 1 个客户端, seq=undefined
[消息] userId=test03, canvas=canvas-2c4267c4daf5, action=stroke, id=0fdc435c-77b3-460b-aa42-39a0feb6e18d, points=2
[Broadcast] 画布 canvas-2c4267c4daf5: 已发送给 1 个客户端, seq=undefined
[Broadcast] 画布 canvas-2c4267c4daf5: 已发送给 1 个客户端, seq=25965
[Broadcast] 画布 canvas-2c4267c4daf5: 已发送给 1 个客户端, seq=undefined
[Broadcast] 画布 canvas-2c4267c4daf5: 已发送给 1 个客户端, seq=undefined
[Broadcast] 画布 canvas-2c4267c4daf5: 已发送给 1 个客户端, seq=undefined
[Broadcast] 画布 canvas-2c4267c4daf5: 已发送给 1 个客户端, seq=undefined
[Broadcast] 画布 canvas-2c4267c4daf5: 已发送给 1 个客户端, seq=undefined
[Broadcast] 画布 canvas-2c4267c4daf5: 已发送给 1 个客户端, seq=undefined
[消息] userId=test03, canvas=canvas-2c4267c4daf5, action=stroke, id=32fd34ec-93ae-4f33-ba5d-32de522a9a8f, points=2
[Broadcast] 画布 canvas-2c4267c4daf5: 已发送给 1 个客户端, seq=25966
[Broadcast] 画布 canvas-2c4267c4daf5: 已发送给 1 个客户端, seq=undefined
[Broadcast] 画布 canvas-2c4267c4daf5: 已发送给 1 个客户端, seq=undefined
[Kafka] 批量保存完成: count=2, excluded=0, reason=schedule
[Broadcast] 画布 canvas-2c4267c4daf5: 已发送给 1 个客户端, seq=undefined
[Broadcast] 画布 canvas-2c4267c4daf5: 已发送给 1 个客户端, seq=undefined
[Broadcast] 画布 canvas-2c4267c4daf5: 已发送给 1 个客户端, seq=undefined
[Broadcast] 画布 canvas-2c4267c4daf5: 已发送给 1 个客户端, seq=undefined
[消息] userId=test03, canvas=canvas-2c4267c4daf5, action=stroke, id=8ea34607-adce-4171-8216-3aac12f5336c, points=3
[Broadcast] 画布 canvas-2c4267c4daf5: 已发送给 1 个客户端, seq=25967
[Broadcast] 画布 canvas-2c4267c4daf5: 已发送给 1 个客户端, seq=undefined
[Broadcast] 画布 canvas-2c4267c4daf5: 已发送给 1 个客户端, seq=undefined
[Broadcast] 画布 canvas-2c4267c4daf5: 已发送给 1 个客户端, seq=undefined
[Broadcast] 画布 canvas-2c4267c4daf5: 已发送给 1 个客户端, seq=undefined
[Broadcast] 画布 canvas-2c4267c4daf5: 已发送给 1 个客户端, seq=undefined
[Broadcast] 画布 canvas-2c4267c4daf5: 已发送给 1 个客户端, seq=undefined
[Broadcast] 画布 canvas-2c4267c4daf5: 已发送给 1 个客户端, seq=undefined
[Kafka] 批量保存完成: count=1, excluded=0, reason=schedule
[消息] userId=test03, canvas=canvas-2c4267c4daf5, action=stroke, id=6e40751d-3929-4e9d-9162-9a2b2d157719, points=2
[Broadcast] 画布 canvas-2c4267c4daf5: 已发送给 1 个客户端, seq=25968
[Broadcast] 画布 canvas-2c4267c4daf5: 已发送给 1 个客户端, seq=undefined
[Broadcast] 画布 canvas-2c4267c4daf5: 已发送给 1 个客户端, seq=undefined
[Broadcast] 画布 canvas-2c4267c4daf5: 已发送给 1 个客户端, seq=undefined
[Broadcast] 画布 canvas-2c4267c4daf5: 已发送给 1 个客户端, seq=undefined
[Broadcast] 画布 canvas-2c4267c4daf5: 已发送给 1 个客户端, seq=undefined
[Broadcast] 画布 canvas-2c4267c4daf5: 已发送给 1 个客户端, seq=undefined
[Broadcast] 画布 canvas-2c4267c4daf5: 已发送给 1 个客户端, seq=undefined
[消息] userId=test03, canvas=canvas-2c4267c4daf5, action=stroke, id=bc8d19b7-4855-47ee-855d-8fbbd6bf268c, points=2
[Broadcast] 画布 canvas-2c4267c4daf5: 已发送给 1 个客户端, seq=undefined
[Broadcast] 画布 canvas-2c4267c4daf5: 已发送给 1 个客户端, seq=25969
[Broadcast] 画布 canvas-2c4267c4daf5: 已发送给 1 个客户端, seq=undefined
[Broadcast] 画布 canvas-2c4267c4daf5: 已发送给 1 个客户端, seq=undefined
[Kafka] 批量保存完成: count=2, excluded=0, reason=schedule
[Broadcast] 画布 canvas-2c4267c4daf5: 已发送给 1 个客户端, seq=undefined
[Broadcast] 画布 canvas-2c4267c4daf5: 已发送给 1 个客户端, seq=undefined
[Broadcast] 画布 canvas-2c4267c4daf5: 已发送给 1 个客户端, seq=undefined
[Broadcast] 画布 canvas-2c4267c4daf5: 已发送给 1 个客户端, seq=undefined
[消息] userId=test03, canvas=canvas-2c4267c4daf5, action=stroke, id=f45e5081-614a-422c-bea8-61e50df230d5, points=2
[Broadcast] 画布 canvas-2c4267c4daf5: 已发送给 1 个客户端, seq=25970
[Broadcast] 画布 canvas-2c4267c4daf5: 已发送给 1 个客户端, seq=undefined
[Broadcast] 画布 canvas-2c4267c4daf5: 已发送给 1 个客户端, seq=undefined
[Broadcast] 画布 canvas-2c4267c4daf5: 已发送给 1 个客户端, seq=undefined
[Broadcast] 画布 canvas-2c4267c4daf5: 已发送给 1 个客户端, seq=undefined
[Broadcast] 画布 canvas-2c4267c4daf5: 已发送给 1 个客户端, seq=undefined
[Broadcast] 画布 canvas-2c4267c4daf5: 已发送给 1 个客户端, seq=undefined
[Broadcast] 画布 canvas-2c4267c4daf5: 已发送给 1 个客户端, seq=undefined
[Broadcast] 画布 canvas-2c4267c4daf5: 已发送给 1 个客户端, seq=undefined
[消息] userId=test03, canvas=canvas-2c4267c4daf5, action=presence, id=undefined, points=0
[Broadcast] 画布 canvas-2c4267c4daf5: 已发送给 1 个客户端, seq=25971
[Kafka] 批量保存完成: count=2, excluded=0, reason=schedule
[Broadcast] 画布 canvas-2c4267c4daf5: 已发送给 1 个客户端, seq=undefined
[Broadcast] 画布 canvas-2c4267c4daf5: 已发送给 1 个客户端, seq=undefined
[Broadcast] 画布 canvas-2c4267c4daf5: 已发送给 1 个客户端, seq=undefined
[Broadcast] 画布 canvas-2c4267c4daf5: 已发送给 1 个客户端, seq=undefined
[Broadcast] 画布 canvas-2c4267c4daf5: 已发送给 1 个客户端, seq=undefined
[消息] userId=test03, canvas=canvas-2c4267c4daf5, action=stroke, id=ae52a937-2ade-456f-ac26-9ed89dd47d1d, points=2
[Broadcast] 画布 canvas-2c4267c4daf5: 已发送给 1 个客户端, seq=25972
[Broadcast] 画布 canvas-2c4267c4daf5: 已发送给 1 个客户端, seq=undefined
[Broadcast] 画布 canvas-2c4267c4daf5: 已发送给 1 个客户端, seq=undefined
[Broadcast] 画布 canvas-2c4267c4daf5: 已发送给 1 个客户端, seq=undefined
[Broadcast] 画布 canvas-2c4267c4daf5: 已发送给 1 个客户端, seq=undefined
[Broadcast] 画布 canvas-2c4267c4daf5: 已发送给 1 个客户端, seq=undefined
[Kafka] 批量保存完成: count=1, excluded=0, reason=schedule
[消息] userId=test03, canvas=canvas-2c4267c4daf5, action=stroke, id=7ad095a8-2173-4fdb-88cd-fefb110f2ebc, points=3
[Broadcast] 画布 canvas-2c4267c4daf5: 已发送给 1 个客户端, seq=25973
[Broadcast] 画布 canvas-2c4267c4daf5: 已发送给 1 个客户端, seq=undefined
[Broadcast] 画布 canvas-2c4267c4daf5: 已发送给 1 个客户端, seq=undefined
[Broadcast] 画布 canvas-2c4267c4daf5: 已发送给 1 个客户端, seq=undefined
[Broadcast] 画布 canvas-2c4267c4daf5: 已发送给 1 个客户端, seq=undefined
[Broadcast] 画布 canvas-2c4267c4daf5: 已发送给 1 个客户端, seq=undefined
[消息] userId=test03, canvas=canvas-2c4267c4daf5, action=stroke, id=69c185d8-db59-43f3-bbf7-efd93d059e12, points=2
[Broadcast] 画布 canvas-2c4267c4daf5: 已发送给 1 个客户端, seq=25974
[Broadcast] 画布 canvas-2c4267c4daf5: 已发送给 1 个客户端, seq=undefined
[Broadcast] 画布 canvas-2c4267c4daf5: 已发送给 1 个客户端, seq=undefined
[Broadcast] 画布 canvas-2c4267c4daf5: 已发送给 1 个客户端, seq=undefined
[Broadcast] 画布 canvas-2c4267c4daf5: 已发送给 1 个客户端, seq=undefined
[Broadcast] 画布 canvas-2c4267c4daf5: 已发送给 1 个客户端, seq=undefined
[Kafka] 批量保存完成: count=2, excluded=0, reason=schedule
[Broadcast] 画布 canvas-2c4267c4daf5: 已发送给 1 个客户端, seq=undefined
[消息] userId=test03, canvas=canvas-2c4267c4daf5, action=stroke, id=b1c65f0d-b4fa-4bcb-aa69-8bbb33985f2d, points=2
[Broadcast] 画布 canvas-2c4267c4daf5: 已发送给 1 个客户端, seq=25975
[Broadcast] 画布 canvas-2c4267c4daf5: 已发送给 1 个客户端, seq=undefined
[Broadcast] 画布 canvas-2c4267c4daf5: 已发送给 1 个客户端, seq=undefined
[Broadcast] 画布 canvas-2c4267c4daf5: 已发送给 1 个客户端, seq=undefined
[Broadcast] 画布 canvas-2c4267c4daf5: 已发送给 1 个客户端, seq=undefined
[Broadcast] 画布 canvas-2c4267c4daf5: 已发送给 1 个客户端, seq=undefined
[Broadcast] 画布 canvas-2c4267c4daf5: 已发送给 1 个客户端, seq=undefined
[Broadcast] 画布 canvas-2c4267c4daf5: 已发送给 1 个客户端, seq=undefined
[消息] userId=test03, canvas=canvas-2c4267c4daf5, action=stroke, id=301bbf4c-292e-4a06-b112-12301dbccf7a, points=2
[Broadcast] 画布 canvas-2c4267c4daf5: 已发送给 1 个客户端, seq=25976
[Broadcast] 画布 canvas-2c4267c4daf5: 已发送给 1 个客户端, seq=undefined
[Broadcast] 画布 canvas-2c4267c4daf5: 已发送给 1 个客户端, seq=undefined
[Broadcast] 画布 canvas-2c4267c4daf5: 已发送给 1 个客户端, seq=undefined
[Kafka] 批量保存完成: count=2, excluded=0, reason=schedule
[Broadcast] 画布 canvas-2c4267c4daf5: 已发送给 1 个客户端, seq=undefined
[Broadcast] 画布 canvas-2c4267c4daf5: 已发送给 1 个客户端, seq=undefined
[Broadcast] 画布 canvas-2c4267c4daf5: 已发送给 1 个客户端, seq=undefined
[Broadcast] 画布 canvas-2c4267c4daf5: 已发送给 1 个客户端, seq=undefined
[消息] userId=test03, canvas=canvas-2c4267c4daf5, action=stroke, id=7035762d-7f63-44b7-a27a-54d4df8f3340, points=2
[Broadcast] 画布 canvas-2c4267c4daf5: 已发送给 1 个客户端, seq=undefined
[Broadcast] 画布 canvas-2c4267c4daf5: 已发送给 1 个客户端, seq=25977
[Broadcast] 画布 canvas-2c4267c4daf5: 已发送给 1 个客户端, seq=undefined
[Broadcast] 画布 canvas-2c4267c4daf5: 已发送给 1 个客户端, seq=undefined
[Broadcast] 画布 canvas-2c4267c4daf5: 已发送给 1 个客户端, seq=undefined
[Broadcast] 画布 canvas-2c4267c4daf5: 已发送给 1 个客户端, seq=undefined
[Broadcast] 画布 canvas-2c4267c4daf5: 已发送给 1 个客户端, seq=undefined
[消息] userId=test03, canvas=canvas-2c4267c4daf5, action=stroke, id=69f276a1-9d23-4726-a6b2-3576ff3e1b00, points=2
[Broadcast] 画布 canvas-2c4267c4daf5: 已发送给 1 个客户端, seq=25978
[Broadcast] 画布 canvas-2c4267c4daf5: 已发送给 1 个客户端, seq=undefined
[Broadcast] 画布 canvas-2c4267c4daf5: 已发送给 1 个客户端, seq=undefined
[Broadcast] 画布 canvas-2c4267c4daf5: 已发送给 1 个客户端, seq=undefined
[Kafka] 批量保存完成: count=2, excluded=0, reason=schedule
[Broadcast] 画布 canvas-2c4267c4daf5: 已发送给 1 个客户端, seq=undefined
[Broadcast] 画布 canvas-2c4267c4daf5: 已发送给 1 个客户端, seq=undefined
[Broadcast] 画布 canvas-2c4267c4daf5: 已发送给 1 个客户端, seq=undefined
[Broadcast] 画布 canvas-2c4267c4daf5: 已发送给 1 个客户端, seq=undefined
[Broadcast] 画布 canvas-2c4267c4daf5: 已发送给 1 个客户端, seq=undefined
[Broadcast] 画布 canvas-2c4267c4daf5: 已发送给 1 个客户端, seq=undefined
[Broadcast] 画布 canvas-2c4267c4daf5: 已发送给 1 个客户端, seq=undefined
[Broadcast] 画布 canvas-2c4267c4daf5: 已发送给 1 个客户端, seq=undefined
[Broadcast] 画布 canvas-2c4267c4daf5: 已发送给 1 个客户端, seq=undefined
[Broadcast] 画布 canvas-2c4267c4daf5: 已发送给 1 个客户端, seq=undefined
[Broadcast] 画布 canvas-2c4267c4daf5: 已发送给 1 个客户端, seq=undefined
[Broadcast] 画布 canvas-2c4267c4daf5: 已发送给 1 个客户端, seq=undefined
[Broadcast] 画布 canvas-2c4267c4daf5: 已发送给 1 个客户端, seq=undefined
[Broadcast] 画布 canvas-2c4267c4daf5: 已发送给 1 个客户端, seq=undefined
[消息] userId=test03, canvas=canvas-2c4267c4daf5, action=presence, id=undefined, points=0
[Broadcast] 画布 canvas-2c4267c4daf5: 已发送给 1 个客户端, seq=25979
[Broadcast] 画布 canvas-2c4267c4daf5: 已发送给 1 个客户端, seq=undefined
[Kafka] 批量保存完成: count=1, excluded=0, reason=schedule
[消息] userId=test03, canvas=canvas-2c4267c4daf5, action=stroke, id=b1ab7b7b-6e3f-469f-9641-95230315895d, points=3
[Broadcast] 画布 canvas-2c4267c4daf5: 已发送给 1 个客户端, seq=undefined
[Broadcast] 画布 canvas-2c4267c4daf5: 已发送给 1 个客户端, seq=25980
[Broadcast] 画布 canvas-2c4267c4daf5: 已发送给 1 个客户端, seq=undefined
[Broadcast] 画布 canvas-2c4267c4daf5: 已发送给 1 个客户端, seq=undefined
[Broadcast] 画布 canvas-2c4267c4daf5: 已发送给 1 个客户端, seq=undefined
[Broadcast] 画布 canvas-2c4267c4daf5: 已发送给 1 个客户端, seq=undefined
[Broadcast] 画布 canvas-2c4267c4daf5: 已发送给 1 个客户端, seq=undefined
[Broadcast] 画布 canvas-2c4267c4daf5: 已发送给 1 个客户端, seq=undefined
[Broadcast] 画布 canvas-2c4267c4daf5: 已发送给 1 个客户端, seq=undefined
[消息] userId=test03, canvas=canvas-2c4267c4daf5, action=stroke, id=4d4fb32a-2d29-4c5b-9ada-acf14d40633d, points=4
[Broadcast] 画布 canvas-2c4267c4daf5: 已发送给 1 个客户端, seq=25981
[Broadcast] 画布 canvas-2c4267c4daf5: 已发送给 1 个客户端, seq=undefined
[Broadcast] 画布 canvas-2c4267c4daf5: 已发送给 1 个客户端, seq=undefined
[Broadcast] 画布 canvas-2c4267c4daf5: 已发送给 1 个客户端, seq=undefined
[Broadcast] 画布 canvas-2c4267c4daf5: 已发送给 1 个客户端, seq=undefined
[Broadcast] 画布 canvas-2c4267c4daf5: 已发送给 1 个客户端, seq=undefined
[Kafka] 批量保存完成: count=2, excluded=0, reason=schedule
[Broadcast] 画布 canvas-2c4267c4daf5: 已发送给 1 个客户端, seq=undefined
[Broadcast] 画布 canvas-2c4267c4daf5: 已发送给 1 个客户端, seq=undefined
[Broadcast] 画布 canvas-2c4267c4daf5: 已发送给 1 个客户端, seq=undefined
[消息] userId=test03, canvas=canvas-2c4267c4daf5, action=stroke, id=bb65b4e2-35c3-4ad0-831f-78421fe25076, points=2
[Broadcast] 画布 canvas-2c4267c4daf5: 已发送给 1 个客户端, seq=25982
[Broadcast] 画布 canvas-2c4267c4daf5: 已发送给 1 个客户端, seq=undefined
[Snapshot] 画布 canvas-2c4267c4daf5 生成快照，sequence_id=25981，笔画数=28，SVG大小=9961字节
[Broadcast] 画布 canvas-2c4267c4daf5: 已发送给 1 个客户端, seq=undefined
[Broadcast] 画布 canvas-2c4267c4daf5: 已发送给 1 个客户端, seq=undefined
[Broadcast] 画布 canvas-2c4267c4daf5: 已发送给 1 个客户端, seq=undefined
[Broadcast] 画布 canvas-2c4267c4daf5: 已发送给 1 个客户端, seq=undefined
[Broadcast] 画布 canvas-2c4267c4daf5: 已发送给 1 个客户端, seq=undefined
[Broadcast] 画布 canvas-2c4267c4daf5: 已发送给 1 个客户端, seq=undefined
[Broadcast] 画布 canvas-2c4267c4daf5: 已发送给 1 个客户端, seq=undefined
[Kafka] 批量保存完成: count=1, excluded=0, reason=schedule
[Broadcast] 画布 canvas-2c4267c4daf5: 已发送给 1 个客户端, seq=undefined
[Broadcast] 画布 canvas-2c4267c4daf5: 已发送给 1 个客户端, seq=undefined
[消息] userId=test03, canvas=canvas-2c4267c4daf5, action=stroke, id=b53697e6-3afb-46da-8a53-a448c69ef6af, points=2
[Broadcast] 画布 canvas-2c4267c4daf5: 已发送给 1 个客户端, seq=25983
[Broadcast] 画布 canvas-2c4267c4daf5: 已发送给 1 个客户端, seq=undefined
[Broadcast] 画布 canvas-2c4267c4daf5: 已发送给 1 个客户端, seq=undefined
[Broadcast] 画布 canvas-2c4267c4daf5: 已发送给 1 个客户端, seq=undefined
[Broadcast] 画布 canvas-2c4267c4daf5: 已发送给 1 个客户端, seq=undefined
[Broadcast] 画布 canvas-2c4267c4daf5: 已发送给 1 个客户端, seq=undefined
[Broadcast] 画布 canvas-2c4267c4daf5: 已发送给 1 个客户端, seq=undefined
[Broadcast] 画布 canvas-2c4267c4daf5: 已发送给 1 个客户端, seq=undefined
[消息] userId=test03, canvas=canvas-2c4267c4daf5, action=stroke, id=f9bb617c-8365-46d1-84b5-f39d443ffa57, points=2
[Broadcast] 画布 canvas-2c4267c4daf5: 已发送给 1 个客户端, seq=undefined
[Broadcast] 画布 canvas-2c4267c4daf5: 已发送给 1 个客户端, seq=25984
[Broadcast] 画布 canvas-2c4267c4daf5: 已发送给 1 个客户端, seq=undefined
[Broadcast] 画布 canvas-2c4267c4daf5: 已发送给 1 个客户端, seq=undefined
[Broadcast] 画布 canvas-2c4267c4daf5: 已发送给 1 个客户端, seq=undefined
[Broadcast] 画布 canvas-2c4267c4daf5: 已发送给 1 个客户端, seq=undefined
[Kafka] 批量保存完成: count=2, excluded=0, reason=schedule
[Broadcast] 画布 canvas-2c4267c4daf5: 已发送给 1 个客户端, seq=undefined
[消息] userId=test03, canvas=canvas-2c4267c4daf5, action=stroke, id=5339522b-597b-49bd-9a8e-fbf1398285b0, points=3
[Broadcast] 画布 canvas-2c4267c4daf5: 已发送给 1 个客户端, seq=25985
[Broadcast] 画布 canvas-2c4267c4daf5: 已发送给 1 个客户端, seq=undefined
[Broadcast] 画布 canvas-2c4267c4daf5: 已发送给 1 个客户端, seq=undefined
[Broadcast] 画布 canvas-2c4267c4daf5: 已发送给 1 个客户端, seq=undefined
[Broadcast] 画布 canvas-2c4267c4daf5: 已发送给 1 个客户端, seq=undefined
[Broadcast] 画布 canvas-2c4267c4daf5: 已发送给 1 个客户端, seq=undefined
[Broadcast] 画布 canvas-2c4267c4daf5: 已发送给 1 个客户端, seq=undefined
[Broadcast] 画布 canvas-2c4267c4daf5: 已发送给 1 个客户端, seq=undefined
[消息] userId=test03, canvas=canvas-2c4267c4daf5, action=stroke, id=573fd6a0-2058-4825-971d-1c08c94bd6bb, points=3
[Broadcast] 画布 canvas-2c4267c4daf5: 已发送给 1 个客户端, seq=undefined
[Broadcast] 画布 canvas-2c4267c4daf5: 已发送给 1 个客户端, seq=25986
[Broadcast] 画布 canvas-2c4267c4daf5: 已发送给 1 个客户端, seq=undefined
[Broadcast] 画布 canvas-2c4267c4daf5: 已发送给 1 个客户端, seq=undefined
[Broadcast] 画布 canvas-2c4267c4daf5: 已发送给 1 个客户端, seq=undefined
[Broadcast] 画布 canvas-2c4267c4daf5: 已发送给 1 个客户端, seq=undefined
[Broadcast] 画布 canvas-2c4267c4daf5: 已发送给 1 个客户端, seq=undefined
[Kafka] 批量保存完成: count=2, excluded=0, reason=schedule
[消息] userId=test03, canvas=canvas-2c4267c4daf5, action=stroke, id=677ee5dd-0124-4b80-8d9b-bd344b6c4dc8, points=3
[Broadcast] 画布 canvas-2c4267c4daf5: 已发送给 1 个客户端, seq=25987
[Broadcast] 画布 canvas-2c4267c4daf5: 已发送给 1 个客户端, seq=undefined
[Broadcast] 画布 canvas-2c4267c4daf5: 已发送给 1 个客户端, seq=undefined
[Broadcast] 画布 canvas-2c4267c4daf5: 已发送给 1 个客户端, seq=undefined
[Broadcast] 画布 canvas-2c4267c4daf5: 已发送给 1 个客户端, seq=undefined
[Broadcast] 画布 canvas-2c4267c4daf5: 已发送给 1 个客户端, seq=undefined
[Broadcast] 画布 canvas-2c4267c4daf5: 已发送给 1 个客户端, seq=undefined
[消息] userId=test03, canvas=canvas-2c4267c4daf5, action=stroke, id=85c4a051-9dec-46c4-8198-d972f459ab81, points=3
[Broadcast] 画布 canvas-2c4267c4daf5: 已发送给 1 个客户端, seq=25988
[Broadcast] 画布 canvas-2c4267c4daf5: 已发送给 1 个客户端, seq=undefined
[Broadcast] 画布 canvas-2c4267c4daf5: 已发送给 1 个客户端, seq=undefined
[Broadcast] 画布 canvas-2c4267c4daf5: 已发送给 1 个客户端, seq=undefined
[Broadcast] 画布 canvas-2c4267c4daf5: 已发送给 1 个客户端, seq=undefined
[Broadcast] 画布 canvas-2c4267c4daf5: 已发送给 1 个客户端, seq=undefined
[Broadcast] 画布 canvas-2c4267c4daf5: 已发送给 1 个客户端, seq=undefined
[消息] userId=test03, canvas=canvas-2c4267c4daf5, action=presence, id=undefined, points=0
[Broadcast] 画布 canvas-2c4267c4daf5: 已发送给 1 个客户端, seq=25989
[消息] userId=test03, canvas=canvas-2c4267c4daf5, action=stroke, id=1a42a2c1-7a85-4328-98df-b08a2a21d488, points=3
[Broadcast] 画布 canvas-2c4267c4daf5: 已发送给 1 个客户端, seq=25990
[Broadcast] 画布 canvas-2c4267c4daf5: 已发送给 1 个客户端, seq=undefined
[Broadcast] 画布 canvas-2c4267c4daf5: 已发送给 1 个客户端, seq=undefined
[Kafka] 批量保存完成: count=4, excluded=0, reason=schedule
[Broadcast] 画布 canvas-2c4267c4daf5: 已发送给 1 个客户端, seq=undefined
[Broadcast] 画布 canvas-2c4267c4daf5: 已发送给 1 个客户端, seq=undefined
[Broadcast] 画布 canvas-2c4267c4daf5: 已发送给 1 个客户端, seq=undefined
[Broadcast] 画布 canvas-2c4267c4daf5: 已发送给 1 个客户端, seq=undefined
[Broadcast] 画布 canvas-2c4267c4daf5: 已发送给 1 个客户端, seq=undefined
[消息] userId=test03, canvas=canvas-2c4267c4daf5, action=stroke, id=004e1aa1-9a24-4fbf-aaa4-70250f217321, points=3
[Broadcast] 画布 canvas-2c4267c4daf5: 已发送给 1 个客户端, seq=25991
[Broadcast] 画布 canvas-2c4267c4daf5: 已发送给 1 个客户端, seq=undefined
[Broadcast] 画布 canvas-2c4267c4daf5: 已发送给 1 个客户端, seq=undefined
[Broadcast] 画布 canvas-2c4267c4daf5: 已发送给 1 个客户端, seq=undefined
[Broadcast] 画布 canvas-2c4267c4daf5: 已发送给 1 个客户端, seq=undefined
[Broadcast] 画布 canvas-2c4267c4daf5: 已发送给 1 个客户端, seq=undefined
[Broadcast] 画布 canvas-2c4267c4daf5: 已发送给 1 个客户端, seq=undefined
[Broadcast] 画布 canvas-2c4267c4daf5: 已发送给 1 个客户端, seq=undefined
[消息] userId=test03, canvas=canvas-2c4267c4daf5, action=stroke, id=179d13f4-7613-494b-b661-e1ae45f38a39, points=3
[Broadcast] 画布 canvas-2c4267c4daf5: 已发送给 1 个客户端, seq=25992
[Broadcast] 画布 canvas-2c4267c4daf5: 已发送给 1 个客户端, seq=undefined
[Broadcast] 画布 canvas-2c4267c4daf5: 已发送给 1 个客户端, seq=undefined
[Broadcast] 画布 canvas-2c4267c4daf5: 已发送给 1 个客户端, seq=undefined
[Kafka] 批量保存完成: count=2, excluded=0, reason=schedule
[Broadcast] 画布 canvas-2c4267c4daf5: 已发送给 1 个客户端, seq=undefined
[Broadcast] 画布 canvas-2c4267c4daf5: 已发送给 1 个客户端, seq=undefined
[Broadcast] 画布 canvas-2c4267c4daf5: 已发送给 1 个客户端, seq=undefined
[Broadcast] 画布 canvas-2c4267c4daf5: 已发送给 1 个客户端, seq=undefined
[Broadcast] 画布 canvas-2c4267c4daf5: 已发送给 1 个客户端, seq=undefined
[消息] userId=test03, canvas=canvas-2c4267c4daf5, action=stroke, id=d0f85fe4-4839-44e9-a778-8e96898c7031, points=3
[Broadcast] 画布 canvas-2c4267c4daf5: 已发送给 1 个客户端, seq=25993
[Broadcast] 画布 canvas-2c4267c4daf5: 已发送给 1 个客户端, seq=undefined
[Broadcast] 画布 canvas-2c4267c4daf5: 已发送给 1 个客户端, seq=undefined
[Broadcast] 画布 canvas-2c4267c4daf5: 已发送给 1 个客户端, seq=undefined
[Broadcast] 画布 canvas-2c4267c4daf5: 已发送给 1 个客户端, seq=undefined
[Broadcast] 画布 canvas-2c4267c4daf5: 已发送给 1 个客户端, seq=undefined
[Broadcast] 画布 canvas-2c4267c4daf5: 已发送给 1 个客户端, seq=undefined
[消息] userId=test03, canvas=canvas-2c4267c4daf5, action=stroke, id=4452aace-de7b-4bfe-80d0-a09f06e81a79, points=3
[Broadcast] 画布 canvas-2c4267c4daf5: 已发送给 1 个客户端, seq=undefined
[Broadcast] 画布 canvas-2c4267c4daf5: 已发送给 1 个客户端, seq=25994
[Broadcast] 画布 canvas-2c4267c4daf5: 已发送给 1 个客户端, seq=undefined
[Broadcast] 画布 canvas-2c4267c4daf5: 已发送给 1 个客户端, seq=undefined
[Kafka] 批量保存完成: count=2, excluded=0, reason=schedule
[Broadcast] 画布 canvas-2c4267c4daf5: 已发送给 1 个客户端, seq=undefined
[Broadcast] 画布 canvas-2c4267c4daf5: 已发送给 1 个客户端, seq=undefined
[Broadcast] 画布 canvas-2c4267c4daf5: 已发送给 1 个客户端, seq=undefined
[Broadcast] 画布 canvas-2c4267c4daf5: 已发送给 1 个客户端, seq=undefined
[Broadcast] 画布 canvas-2c4267c4daf5: 已发送给 1 个客户端, seq=undefined
[Broadcast] 画布 canvas-2c4267c4daf5: 已发送给 1 个客户端, seq=undefined
[Broadcast] 画布 canvas-2c4267c4daf5: 已发送给 1 个客户端, seq=undefined
[Broadcast] 画布 canvas-2c4267c4daf5: 已发送给 1 个客户端, seq=undefined
[Broadcast] 画布 canvas-2c4267c4daf5: 已发送给 1 个客户端, seq=undefined
[Broadcast] 画布 canvas-2c4267c4daf5: 已发送给 1 个客户端, seq=undefined
[Broadcast] 画布 canvas-2c4267c4daf5: 已发送给 1 个客户端, seq=undefined
[Broadcast] 画布 canvas-2c4267c4daf5: 已发送给 1 个客户端, seq=undefined
[Broadcast] 画布 canvas-2c4267c4daf5: 已发送给 1 个客户端, seq=undefined
[Broadcast] 画布 canvas-2c4267c4daf5: 已发送给 1 个客户端, seq=undefined
[Broadcast] 画布 canvas-2c4267c4daf5: 已发送给 1 个客户端, seq=undefined
[消息] userId=test03, canvas=canvas-2c4267c4daf5, action=presence, id=undefined, points=0
[Broadcast] 画布 canvas-2c4267c4daf5: 已发送给 1 个客户端, seq=25995
[Kafka] 批量保存完成: count=1, excluded=0, reason=schedule
[消息] userId=test03, canvas=canvas-2c4267c4daf5, action=presence, id=undefined, points=0
[Broadcast] 画布 canvas-2c4267c4daf5: 已发送给 1 个客户端, seq=25996
[Broadcast] 画布 canvas-2c4267c4daf5: 已发送给 1 个客户端, seq=undefined
[Broadcast] 画布 canvas-2c4267c4daf5: 已发送给 1 个客户端, seq=undefined
[Broadcast] 画布 canvas-2c4267c4daf5: 已发送给 1 个客户端, seq=undefined
[Broadcast] 画布 canvas-2c4267c4daf5: 已发送给 1 个客户端, seq=undefined
[Broadcast] 画布 canvas-2c4267c4daf5: 已发送给 1 个客户端, seq=undefined
[Broadcast] 画布 canvas-2c4267c4daf5: 已发送给 1 个客户端, seq=undefined
[Broadcast] 画布 canvas-2c4267c4daf5: 已发送给 1 个客户端, seq=undefined
[Broadcast] 画布 canvas-2c4267c4daf5: 已发送给 1 个客户端, seq=undefined
[Kafka] 批量保存完成: count=1, excluded=0, reason=schedule
[Broadcast] 画布 canvas-2c4267c4daf5: 已发送给 1 个客户端, seq=undefined
[Broadcast] 画布 canvas-2c4267c4daf5: 已发送给 1 个客户端, seq=undefined
[消息] userId=test03, canvas=canvas-2c4267c4daf5, action=presence, id=undefined, points=0
[Broadcast] 画布 canvas-2c4267c4daf5: 已发送给 1 个客户端, seq=25997
[Kafka] 批量保存完成: count=1, excluded=0, reason=schedule
[消息] userId=test03, canvas=canvas-2c4267c4daf5, action=presence, id=undefined, points=0
[Broadcast] 画布 canvas-2c4267c4daf5: 已发送给 1 个客户端, seq=25998
[Kafka] 批量保存完成: count=1, excluded=0, reason=schedule
[消息] userId=test03, canvas=canvas-2c4267c4daf5, action=presence, id=undefined, points=0
[Broadcast] 画布 canvas-2c4267c4daf5: 已发送给 1 个客户端, seq=25999
[Kafka] 批量保存完成: count=1, excluded=0, reason=schedule
[消息] userId=test03, canvas=canvas-2c4267c4daf5, action=presence, id=undefined, points=0
[Broadcast] 画布 canvas-2c4267c4daf5: 已发送给 1 个客户端, seq=26000
[Snapshot] 画布 canvas-2c4267c4daf5 生成快照，sequence_id=25994，笔画数=40，SVG大小=13755字节
[Kafka] 批量保存完成: count=1, excluded=0, reason=schedule
[消息] userId=test03, canvas=canvas-2c4267c4daf5, action=presence, id=undefined, points=0
[Broadcast] 画布 canvas-2c4267c4daf5: 已发送给 1 个客户端, seq=26001
[Kafka] 批量保存完成: count=1, excluded=0, reason=schedule
[消息] userId=test03, canvas=canvas-2c4267c4daf5, action=presence, id=undefined, points=0
[Broadcast] 画布 canvas-2c4267c4daf5: 已发送给 1 个客户端, seq=26002
[Kafka] 批量保存完成: count=1, excluded=0, reason=schedule
[消息] userId=test03, canvas=canvas-2c4267c4daf5, action=presence, id=undefined, points=0
[Broadcast] 画布 canvas-2c4267c4daf5: 已发送给 1 个客户端, seq=26003
[Kafka] 批量保存完成: count=1, excluded=0, reason=schedule
[消息] userId=test03, canvas=canvas-2c4267c4daf5, action=presence, id=undefined, points=0
[Broadcast] 画布 canvas-2c4267c4daf5: 已发送给 1 个客户端, seq=26004
[Kafka] 批量保存完成: count=1, excluded=0, reason=schedule
[消息] userId=test03, canvas=canvas-2c4267c4daf5, action=presence, id=undefined, points=0
[Broadcast] 画布 canvas-2c4267c4daf5: 已发送给 1 个客户端, seq=26005
[Kafka] 批量保存完成: count=1, excluded=0, reason=schedule
[消息] userId=test03, canvas=canvas-2c4267c4daf5, action=presence, id=undefined, points=0
[Broadcast] 画布 canvas-2c4267c4daf5: 已发送给 1 个客户端, seq=26006
[Snapshot] 画布 canvas-2c4267c4daf5 生成快照，sequence_id=25994，笔画数=40，SVG大小=13755字节
[Kafka] 批量保存完成: count=1, excluded=0, reason=schedule
[消息] userId=test03, canvas=canvas-2c4267c4daf5, action=presence, id=undefined, points=0
[Broadcast] 画布 canvas-2c4267c4daf5: 已发送给 1 个客户端, seq=26007
[Kafka] 批量保存完成: count=1, excluded=0, reason=schedule
[消息] userId=test03, canvas=canvas-2c4267c4daf5, action=presence, id=undefined, points=0
[Broadcast] 画布 canvas-2c4267c4daf5: 已发送给 1 个客户端, seq=26008
[Kafka] 批量保存完成: count=1, excluded=0, reason=schedule
[消息] userId=test03, canvas=canvas-2c4267c4daf5, action=presence, id=undefined, points=0
[Broadcast] 画布 canvas-2c4267c4daf5: 已发送给 1 个客户端, seq=26009
[Snapshot] 画布 canvas-2c4267c4daf5 生成快照，sequence_id=25994，笔画数=40，SVG大小=13755字节
[Kafka] 批量保存完成: count=1, excluded=0, reason=schedule
[消息] userId=test03, canvas=canvas-2c4267c4daf5, action=presence, id=undefined, points=0
[Broadcast] 画布 canvas-2c4267c4daf5: 已发送给 1 个客户端, seq=26010
[Snapshot] 画布 canvas-2c4267c4daf5 生成快照，sequence_id=25994，笔画数=40，SVG大小=13755字节
[Kafka] 批量保存完成: count=1, excluded=0, reason=schedule
[消息] userId=test03, canvas=canvas-2c4267c4daf5, action=presence, id=undefined, points=0
[Broadcast] 画布 canvas-2c4267c4daf5: 已发送给 1 个客户端, seq=26011
[Snapshot] 画布 canvas-2c4267c4daf5 生成快照，sequence_id=25994，笔画数=40，SVG大小=13755字节
[Kafka] 批量保存完成: count=1, excluded=0, reason=schedule
[消息] userId=test03, canvas=canvas-2c4267c4daf5, action=presence, id=undefined, points=0
[Broadcast] 画布 canvas-2c4267c4daf5: 已发送给 1 个客户端, seq=26012
[Snapshot] 画布 canvas-2c4267c4daf5 生成快照，sequence_id=25994，笔画数=40，SVG大小=13755字节
[Kafka] 批量保存完成: count=1, excluded=0, reason=schedule
[消息] userId=test03, canvas=canvas-2c4267c4daf5, action=presence, id=undefined, points=0
[Broadcast] 画布 canvas-2c4267c4daf5: 已发送给 1 个客户端, seq=26013
[Snapshot] 画布 canvas-2c4267c4daf5 生成快照，sequence_id=25994，笔画数=40，SVG大小=13755字节
[Kafka] 批量保存完成: count=1, excluded=0, reason=schedule
[消息] userId=test03, canvas=canvas-2c4267c4daf5, action=presence, id=undefined, points=0
[Broadcast] 画布 canvas-2c4267c4daf5: 已发送给 1 个客户端, seq=26014
[Snapshot] 画布 canvas-2c4267c4daf5 生成快照，sequence_id=25994，笔画数=40，SVG大小=13755字节
[Kafka] 批量保存完成: count=1, excluded=0, reason=schedule
[消息] userId=test03, canvas=canvas-2c4267c4daf5, action=presence, id=undefined, points=0
[Broadcast] 画布 canvas-2c4267c4daf5: 已发送给 1 个客户端, seq=26015
[Snapshot] 画布 canvas-2c4267c4daf5 生成快照，sequence_id=25994，笔画数=40，SVG大小=13755字节
[Kafka] 批量保存完成: count=1, excluded=0, reason=schedule
[消息] userId=test03, canvas=canvas-2c4267c4daf5, action=presence, id=undefined, points=0
[Broadcast] 画布 canvas-2c4267c4daf5: 已发送给 1 个客户端, seq=26016
[Snapshot] 画布 canvas-2c4267c4daf5 生成快照，sequence_id=25994，笔画数=40，SVG大小=13755字节
[Kafka] 批量保存完成: count=1, excluded=0, reason=schedule
[消息] userId=test03, canvas=canvas-2c4267c4daf5, action=presence, id=undefined, points=0
[Broadcast] 画布 canvas-2c4267c4daf5: 已发送给 1 个客户端, seq=26017
[Snapshot] 画布 canvas-2c4267c4daf5 生成快照，sequence_id=25994，笔画数=40，SVG大小=13755字节
[Kafka] 批量保存完成: count=1, excluded=0, reason=schedule
[Broadcast] 画布 canvas-2c4267c4daf5: 已发送给 1 个客户端, seq=undefined
[Broadcast] 画布 canvas-2c4267c4daf5: 已发送给 1 个客户端, seq=undefined
[Broadcast] 画布 canvas-2c4267c4daf5: 已发送给 1 个客户端, seq=undefined
[Broadcast] 画布 canvas-2c4267c4daf5: 已发送给 1 个客户端, seq=undefined
[Broadcast] 画布 canvas-2c4267c4daf5: 已发送给 1 个客户端, seq=undefined
[Broadcast] 画布 canvas-2c4267c4daf5: 已发送给 1 个客户端, seq=undefined
[Broadcast] 画布 canvas-2c4267c4daf5: 已发送给 1 个客户端, seq=undefined
[Broadcast] 画布 canvas-2c4267c4daf5: 已发送给 1 个客户端, seq=undefined
[Broadcast] 画布 canvas-2c4267c4daf5: 已发送给 1 个客户端, seq=undefined
[Broadcast] 画布 canvas-2c4267c4daf5: 已发送给 1 个客户端, seq=undefined
[Broadcast] 画布 canvas-2c4267c4daf5: 已发送给 1 个客户端, seq=undefined
[Broadcast] 画布 canvas-2c4267c4daf5: 已发送给 1 个客户端, seq=undefined
[Broadcast] 画布 canvas-2c4267c4daf5: 已发送给 1 个客户端, seq=undefined
[Broadcast] 画布 canvas-2c4267c4daf5: 已发送给 1 个客户端, seq=undefined
[Broadcast] 画布 canvas-2c4267c4daf5: 已发送给 1 个客户端, seq=undefined
[Broadcast] 画布 canvas-2c4267c4daf5: 已发送给 1 个客户端, seq=undefined
[Broadcast] 画布 canvas-2c4267c4daf5: 已发送给 1 个客户端, seq=undefined
[Broadcast] 画布 canvas-2c4267c4daf5: 已发送给 1 个客户端, seq=undefined
[Broadcast] 画布 canvas-2c4267c4daf5: 已发送给 1 个客户端, seq=undefined
[Broadcast] 画布 canvas-2c4267c4daf5: 已发送给 1 个客户端, seq=undefined
[Broadcast] 画布 canvas-2c4267c4daf5: 已发送给 1 个客户端, seq=undefined
[Broadcast] 画布 canvas-2c4267c4daf5: 已发送给 1 个客户端, seq=undefined
[Broadcast] 画布 canvas-2c4267c4daf5: 已发送给 1 个客户端, seq=undefined
[Broadcast] 画布 canvas-2c4267c4daf5: 已发送给 1 个客户端, seq=undefined
[Broadcast] 画布 canvas-2c4267c4daf5: 已发送给 1 个客户端, seq=undefined
[Broadcast] 画布 canvas-2c4267c4daf5: 已发送给 1 个客户端, seq=undefined
[Broadcast] 画布 canvas-2c4267c4daf5: 已发送给 1 个客户端, seq=undefined
[Broadcast] 画布 canvas-2c4267c4daf5: 已发送给 1 个客户端, seq=undefined
[Broadcast] 画布 canvas-2c4267c4daf5: 已发送给 1 个客户端, seq=undefined
[Broadcast] 画布 canvas-2c4267c4daf5: 已发送给 1 个客户端, seq=undefined
[Broadcast] 画布 canvas-2c4267c4daf5: 已发送给 1 个客户端, seq=undefined
[Broadcast] 画布 canvas-2c4267c4daf5: 已发送给 1 个客户端, seq=undefined
[Broadcast] 画布 canvas-2c4267c4daf5: 已发送给 1 个客户端, seq=undefined
[Broadcast] 画布 canvas-2c4267c4daf5: 已发送给 1 个客户端, seq=undefined
[Broadcast] 画布 canvas-2c4267c4daf5: 已发送给 1 个客户端, seq=undefined
[Broadcast] 画布 canvas-2c4267c4daf5: 已发送给 1 个客户端, seq=undefined
[Broadcast] 画布 canvas-2c4267c4daf5: 已发送给 1 个客户端, seq=undefined
[Broadcast] 画布 canvas-2c4267c4daf5: 已发送给 1 个客户端, seq=undefined
[消息] userId=test03, canvas=canvas-2c4267c4daf5, action=stroke, id=1fc6acfa-415e-4ac9-b6ec-7f8369d56581, points=2
[Broadcast] 画布 canvas-2c4267c4daf5: 已发送给 1 个客户端, seq=26018
[Broadcast] 画布 canvas-2c4267c4daf5: 已发送给 1 个客户端, seq=undefined
[Broadcast] 画布 canvas-2c4267c4daf5: 已发送给 1 个客户端, seq=undefined
[Broadcast] 画布 canvas-2c4267c4daf5: 已发送给 1 个客户端, seq=undefined
[Broadcast] 画布 canvas-2c4267c4daf5: 已发送给 1 个客户端, seq=undefined
[Kafka] 批量保存完成: count=1, excluded=0, reason=schedule
[Broadcast] 画布 canvas-2c4267c4daf5: 已发送给 1 个客户端, seq=undefined
[Broadcast] 画布 canvas-2c4267c4daf5: 已发送给 1 个客户端, seq=undefined
[Broadcast] 画布 canvas-2c4267c4daf5: 已发送给 1 个客户端, seq=undefined
[Broadcast] 画布 canvas-2c4267c4daf5: 已发送给 1 个客户端, seq=undefined
[Broadcast] 画布 canvas-2c4267c4daf5: 已发送给 1 个客户端, seq=undefined
[Broadcast] 画布 canvas-2c4267c4daf5: 已发送给 1 个客户端, seq=undefined
[Broadcast] 画布 canvas-2c4267c4daf5: 已发送给 1 个客户端, seq=undefined
[Broadcast] 画布 canvas-2c4267c4daf5: 已发送给 1 个客户端, seq=undefined
[消息] userId=test03, canvas=canvas-2c4267c4daf5, action=stroke, id=6389becb-8c08-44ef-b188-91857fb31832, points=3
[消息] userId=test03, canvas=canvas-2c4267c4daf5, action=presence, id=undefined, points=0
[Broadcast] 画布 canvas-2c4267c4daf5: 已发送给 1 个客户端, seq=26019
[Broadcast] 画布 canvas-2c4267c4daf5: 已发送给 1 个客户端, seq=26020
[Broadcast] 画布 canvas-2c4267c4daf5: 已发送给 1 个客户端, seq=undefined
[Broadcast] 画布 canvas-2c4267c4daf5: 已发送给 1 个客户端, seq=undefined
[Broadcast] 画布 canvas-2c4267c4daf5: 已发送给 1 个客户端, seq=undefined
[Broadcast] 画布 canvas-2c4267c4daf5: 已发送给 1 个客户端, seq=undefined
[Broadcast] 画布 canvas-2c4267c4daf5: 已发送给 1 个客户端, seq=undefined
[消息] userId=test03, canvas=canvas-2c4267c4daf5, action=stroke, id=24cfb243-210d-4c41-8292-5169bc8af022, points=2
[Broadcast] 画布 canvas-2c4267c4daf5: 已发送给 1 个客户端, seq=26021
[Broadcast] 画布 canvas-2c4267c4daf5: 已发送给 1 个客户端, seq=undefined
[Broadcast] 画布 canvas-2c4267c4daf5: 已发送给 1 个客户端, seq=undefined
[Kafka] 批量保存完成: count=3, excluded=0, reason=schedule
[Broadcast] 画布 canvas-2c4267c4daf5: 已发送给 1 个客户端, seq=undefined
[Broadcast] 画布 canvas-2c4267c4daf5: 已发送给 1 个客户端, seq=undefined
[Broadcast] 画布 canvas-2c4267c4daf5: 已发送给 1 个客户端, seq=undefined
[Broadcast] 画布 canvas-2c4267c4daf5: 已发送给 1 个客户端, seq=undefined
[Broadcast] 画布 canvas-2c4267c4daf5: 已发送给 1 个客户端, seq=undefined
[Broadcast] 画布 canvas-2c4267c4daf5: 已发送给 1 个客户端, seq=undefined
[Broadcast] 画布 canvas-2c4267c4daf5: 已发送给 1 个客户端, seq=undefined
[Broadcast] 画布 canvas-2c4267c4daf5: 已发送给 1 个客户端, seq=undefined
[Broadcast] 画布 canvas-2c4267c4daf5: 已发送给 1 个客户端, seq=undefined
[Broadcast] 画布 canvas-2c4267c4daf5: 已发送给 1 个客户端, seq=undefined
[Broadcast] 画布 canvas-2c4267c4daf5: 已发送给 1 个客户端, seq=undefined
[Broadcast] 画布 canvas-2c4267c4daf5: 已发送给 1 个客户端, seq=undefined
[Broadcast] 画布 canvas-2c4267c4daf5: 已发送给 1 个客户端, seq=undefined
[Broadcast] 画布 canvas-2c4267c4daf5: 已发送给 1 个客户端, seq=undefined
[Broadcast] 画布 canvas-2c4267c4daf5: 已发送给 1 个客户端, seq=undefined
[Broadcast] 画布 canvas-2c4267c4daf5: 已发送给 1 个客户端, seq=undefined
[Broadcast] 画布 canvas-2c4267c4daf5: 已发送给 1 个客户端, seq=undefined
[Broadcast] 画布 canvas-2c4267c4daf5: 已发送给 1 个客户端, seq=undefined
[Broadcast] 画布 canvas-2c4267c4daf5: 已发送给 1 个客户端, seq=undefined
[消息] userId=test03, canvas=canvas-2c4267c4daf5, action=stroke, id=f510e5a7-14f7-4441-a4e4-d87b00e5a5b1, points=3
[Broadcast] 画布 canvas-2c4267c4daf5: 已发送给 1 个客户端, seq=26022
[Broadcast] 画布 canvas-2c4267c4daf5: 已发送给 1 个客户端, seq=undefined
[Broadcast] 画布 canvas-2c4267c4daf5: 已发送给 1 个客户端, seq=undefined
[Broadcast] 画布 canvas-2c4267c4daf5: 已发送给 1 个客户端, seq=undefined
[Broadcast] 画布 canvas-2c4267c4daf5: 已发送给 1 个客户端, seq=undefined
[Broadcast] 画布 canvas-2c4267c4daf5: 已发送给 1 个客户端, seq=undefined
[消息] userId=test03, canvas=canvas-2c4267c4daf5, action=stroke, id=9147eb3b-9cf6-42c3-9186-9ceb08e4f0b5, points=2
[Broadcast] 画布 canvas-2c4267c4daf5: 已发送给 1 个客户端, seq=undefined
[Broadcast] 画布 canvas-2c4267c4daf5: 已发送给 1 个客户端, seq=26023
[Broadcast] 画布 canvas-2c4267c4daf5: 已发送给 1 个客户端, seq=undefined
[Broadcast] 画布 canvas-2c4267c4daf5: 已发送给 1 个客户端, seq=undefined
[Broadcast] 画布 canvas-2c4267c4daf5: 已发送给 1 个客户端, seq=undefined
[Broadcast] 画布 canvas-2c4267c4daf5: 已发送给 1 个客户端, seq=undefined
[Broadcast] 画布 canvas-2c4267c4daf5: 已发送给 1 个客户端, seq=undefined
[消息] userId=test03, canvas=canvas-2c4267c4daf5, action=stroke, id=479fa4de-57c4-4f72-b321-f9096e33f039, points=4
[Broadcast] 画布 canvas-2c4267c4daf5: 已发送给 1 个客户端, seq=26024
[Broadcast] 画布 canvas-2c4267c4daf5: 已发送给 1 个客户端, seq=undefined
[Kafka] 批量保存完成: count=3, excluded=0, reason=schedule
[Broadcast] 画布 canvas-2c4267c4daf5: 已发送给 1 个客户端, seq=undefined
[Broadcast] 画布 canvas-2c4267c4daf5: 已发送给 1 个客户端, seq=undefined
[消息] userId=test03, canvas=canvas-2c4267c4daf5, action=stroke, id=340881a4-e963-41f9-a24e-24b1c6359eeb, points=3
[Broadcast] 画布 canvas-2c4267c4daf5: 已发送给 1 个客户端, seq=undefined
[Broadcast] 画布 canvas-2c4267c4daf5: 已发送给 1 个客户端, seq=26025
[Broadcast] 画布 canvas-2c4267c4daf5: 已发送给 1 个客户端, seq=undefined
[Broadcast] 画布 canvas-2c4267c4daf5: 已发送给 1 个客户端, seq=undefined
[Broadcast] 画布 canvas-2c4267c4daf5: 已发送给 1 个客户端, seq=undefined
[Broadcast] 画布 canvas-2c4267c4daf5: 已发送给 1 个客户端, seq=undefined
[Broadcast] 画布 canvas-2c4267c4daf5: 已发送给 1 个客户端, seq=undefined
[Broadcast] 画布 canvas-2c4267c4daf5: 已发送给 1 个客户端, seq=undefined
[Broadcast] 画布 canvas-2c4267c4daf5: 已发送给 1 个客户端, seq=undefined
[Broadcast] 画布 canvas-2c4267c4daf5: 已发送给 1 个客户端, seq=undefined
[消息] userId=test03, canvas=canvas-2c4267c4daf5, action=stroke, id=758ff1b0-fd38-4032-8518-d0b39bc76fe5, points=3
[Broadcast] 画布 canvas-2c4267c4daf5: 已发送给 1 个客户端, seq=undefined
[Broadcast] 画布 canvas-2c4267c4daf5: 已发送给 1 个客户端, seq=26026
[Broadcast] 画布 canvas-2c4267c4daf5: 已发送给 1 个客户端, seq=undefined
[Broadcast] 画布 canvas-2c4267c4daf5: 已发送给 1 个客户端, seq=undefined
[Broadcast] 画布 canvas-2c4267c4daf5: 已发送给 1 个客户端, seq=undefined
[Kafka] 批量保存完成: count=2, excluded=0, reason=schedule
[消息] userId=test03, canvas=canvas-2c4267c4daf5, action=stroke, id=d3cd9496-e329-4b88-b7a4-dc76b553dd74, points=1
[Broadcast] 画布 canvas-2c4267c4daf5: 已发送给 1 个客户端, seq=26027
[Broadcast] 画布 canvas-2c4267c4daf5: 已发送给 1 个客户端, seq=undefined
[Broadcast] 画布 canvas-2c4267c4daf5: 已发送给 1 个客户端, seq=undefined
[Broadcast] 画布 canvas-2c4267c4daf5: 已发送给 1 个客户端, seq=undefined
[Broadcast] 画布 canvas-2c4267c4daf5: 已发送给 1 个客户端, seq=undefined
[Broadcast] 画布 canvas-2c4267c4daf5: 已发送给 1 个客户端, seq=undefined
[消息] userId=test03, canvas=canvas-2c4267c4daf5, action=stroke, id=ac8837e9-66da-4a04-a9bf-2cfa7ee48582, points=2
[Broadcast] 画布 canvas-2c4267c4daf5: 已发送给 1 个客户端, seq=26028
[Broadcast] 画布 canvas-2c4267c4daf5: 已发送给 1 个客户端, seq=undefined
[Broadcast] 画布 canvas-2c4267c4daf5: 已发送给 1 个客户端, seq=undefined
[Broadcast] 画布 canvas-2c4267c4daf5: 已发送给 1 个客户端, seq=undefined
[Broadcast] 画布 canvas-2c4267c4daf5: 已发送给 1 个客户端, seq=undefined
[Broadcast] 画布 canvas-2c4267c4daf5: 已发送给 1 个客户端, seq=undefined
[Broadcast] 画布 canvas-2c4267c4daf5: 已发送给 1 个客户端, seq=undefined
[Broadcast] 画布 canvas-2c4267c4daf5: 已发送给 1 个客户端, seq=undefined
[Broadcast] 画布 canvas-2c4267c4daf5: 已发送给 1 个客户端, seq=undefined
[Broadcast] 画布 canvas-2c4267c4daf5: 已发送给 1 个客户端, seq=undefined
[Broadcast] 画布 canvas-2c4267c4daf5: 已发送给 1 个客户端, seq=undefined
[Kafka] 批量保存完成: count=2, excluded=0, reason=schedule
[消息] userId=test03, canvas=canvas-2c4267c4daf5, action=stroke, id=f78d87b7-1cd0-420a-9910-4c68e6c21817, points=3
[Broadcast] 画布 canvas-2c4267c4daf5: 已发送给 1 个客户端, seq=undefined
[Broadcast] 画布 canvas-2c4267c4daf5: 已发送给 1 个客户端, seq=26029
[Broadcast] 画布 canvas-2c4267c4daf5: 已发送给 1 个客户端, seq=undefined
[Broadcast] 画布 canvas-2c4267c4daf5: 已发送给 1 个客户端, seq=undefined
[Broadcast] 画布 canvas-2c4267c4daf5: 已发送给 1 个客户端, seq=undefined
[Broadcast] 画布 canvas-2c4267c4daf5: 已发送给 1 个客户端, seq=undefined
[消息] userId=test03, canvas=canvas-2c4267c4daf5, action=presence, id=undefined, points=0
[消息] userId=test03, canvas=canvas-2c4267c4daf5, action=stroke, id=d09a5e63-cf02-4f40-a785-5f3a60d94ca9, points=2
[Broadcast] 画布 canvas-2c4267c4daf5: 已发送给 1 个客户端, seq=26030
[Broadcast] 画布 canvas-2c4267c4daf5: 已发送给 1 个客户端, seq=undefined
[Broadcast] 画布 canvas-2c4267c4daf5: 已发送给 1 个客户端, seq=26031
[Broadcast] 画布 canvas-2c4267c4daf5: 已发送给 1 个客户端, seq=undefined
[Broadcast] 画布 canvas-2c4267c4daf5: 已发送给 1 个客户端, seq=undefined
[Broadcast] 画布 canvas-2c4267c4daf5: 已发送给 1 个客户端, seq=undefined
[Broadcast] 画布 canvas-2c4267c4daf5: 已发送给 1 个客户端, seq=undefined
[Broadcast] 画布 canvas-2c4267c4daf5: 已发送给 1 个客户端, seq=undefined
[Broadcast] 画布 canvas-2c4267c4daf5: 已发送给 1 个客户端, seq=undefined
[Broadcast] 画布 canvas-2c4267c4daf5: 已发送给 1 个客户端, seq=undefined
[消息] userId=test03, canvas=canvas-2c4267c4daf5, action=stroke, id=c2f93e0b-1bae-4e6d-b0c7-eef97ac3d34d, points=3
[Broadcast] 画布 canvas-2c4267c4daf5: 已发送给 1 个客户端, seq=26032
[Broadcast] 画布 canvas-2c4267c4daf5: 已发送给 1 个客户端, seq=undefined
[Broadcast] 画布 canvas-2c4267c4daf5: 已发送给 1 个客户端, seq=undefined
[Kafka] 批量保存完成: count=4, excluded=0, reason=schedule
[Broadcast] 画布 canvas-2c4267c4daf5: 已发送给 1 个客户端, seq=undefined
[Broadcast] 画布 canvas-2c4267c4daf5: 已发送给 1 个客户端, seq=undefined
[Broadcast] 画布 canvas-2c4267c4daf5: 已发送给 1 个客户端, seq=undefined
[消息] userId=test03, canvas=canvas-2c4267c4daf5, action=stroke, id=eafbee4d-c9d3-499d-926d-217f12c2492c, points=3
[Broadcast] 画布 canvas-2c4267c4daf5: 已发送给 1 个客户端, seq=26033
[Broadcast] 画布 canvas-2c4267c4daf5: 已发送给 1 个客户端, seq=undefined
[Broadcast] 画布 canvas-2c4267c4daf5: 已发送给 1 个客户端, seq=undefined
[Broadcast] 画布 canvas-2c4267c4daf5: 已发送给 1 个客户端, seq=undefined
[Broadcast] 画布 canvas-2c4267c4daf5: 已发送给 1 个客户端, seq=undefined
[Broadcast] 画布 canvas-2c4267c4daf5: 已发送给 1 个客户端, seq=undefined
[Broadcast] 画布 canvas-2c4267c4daf5: 已发送给 1 个客户端, seq=undefined
[Broadcast] 画布 canvas-2c4267c4daf5: 已发送给 1 个客户端, seq=undefined
[消息] userId=test03, canvas=canvas-2c4267c4daf5, action=stroke, id=b347ed13-f116-46bf-a765-62f5389eb9fb, points=3
[Broadcast] 画布 canvas-2c4267c4daf5: 已发送给 1 个客户端, seq=undefined
[Broadcast] 画布 canvas-2c4267c4daf5: 已发送给 1 个客户端, seq=26034
[Broadcast] 画布 canvas-2c4267c4daf5: 已发送给 1 个客户端, seq=undefined
[Broadcast] 画布 canvas-2c4267c4daf5: 已发送给 1 个客户端, seq=undefined
[Broadcast] 画布 canvas-2c4267c4daf5: 已发送给 1 个客户端, seq=undefined
[Kafka] 批量保存完成: count=2, excluded=0, reason=schedule
[Broadcast] 画布 canvas-2c4267c4daf5: 已发送给 1 个客户端, seq=undefined
[Broadcast] 画布 canvas-2c4267c4daf5: 已发送给 1 个客户端, seq=undefined
[消息] userId=test03, canvas=canvas-2c4267c4daf5, action=stroke, id=2eecef05-1a25-4fcf-98bb-5449ec7cb57a, points=2
[Broadcast] 画布 canvas-2c4267c4daf5: 已发送给 1 个客户端, seq=26035
[Broadcast] 画布 canvas-2c4267c4daf5: 已发送给 1 个客户端, seq=undefined
[Broadcast] 画布 canvas-2c4267c4daf5: 已发送给 1 个客户端, seq=undefined
[Broadcast] 画布 canvas-2c4267c4daf5: 已发送给 1 个客户端, seq=undefined
[Broadcast] 画布 canvas-2c4267c4daf5: 已发送给 1 个客户端, seq=undefined
[Broadcast] 画布 canvas-2c4267c4daf5: 已发送给 1 个客户端, seq=undefined
[消息] userId=test03, canvas=canvas-2c4267c4daf5, action=stroke, id=fbd4d6cf-7bac-4cde-9195-25b76f25eafa, points=4
[Broadcast] 画布 canvas-2c4267c4daf5: 已发送给 1 个客户端, seq=26036
[Broadcast] 画布 canvas-2c4267c4daf5: 已发送给 1 个客户端, seq=undefined
[Broadcast] 画布 canvas-2c4267c4daf5: 已发送给 1 个客户端, seq=undefined
[Broadcast] 画布 canvas-2c4267c4daf5: 已发送给 1 个客户端, seq=undefined
[Broadcast] 画布 canvas-2c4267c4daf5: 已发送给 1 个客户端, seq=undefined
[Broadcast] 画布 canvas-2c4267c4daf5: 已发送给 1 个客户端, seq=undefined
[Broadcast] 画布 canvas-2c4267c4daf5: 已发送给 1 个客户端, seq=undefined
[Broadcast] 画布 canvas-2c4267c4daf5: 已发送给 1 个客户端, seq=undefined
[Kafka] 批量保存完成: count=2, excluded=0, reason=schedule
[消息] userId=test03, canvas=canvas-2c4267c4daf5, action=stroke, id=f37942cc-3ee0-455c-a286-390d6b673e76, points=3
[Broadcast] 画布 canvas-2c4267c4daf5: 已发送给 1 个客户端, seq=26037
[Broadcast] 画布 canvas-2c4267c4daf5: 已发送给 1 个客户端, seq=undefined
[Broadcast] 画布 canvas-2c4267c4daf5: 已发送给 1 个客户端, seq=undefined
[Broadcast] 画布 canvas-2c4267c4daf5: 已发送给 1 个客户端, seq=undefined
[Broadcast] 画布 canvas-2c4267c4daf5: 已发送给 1 个客户端, seq=undefined
[Broadcast] 画布 canvas-2c4267c4daf5: 已发送给 1 个客户端, seq=undefined
[消息] userId=test03, canvas=canvas-2c4267c4daf5, action=stroke, id=4d3da4e1-5f74-470c-8778-4e43320c5d1b, points=2
[Broadcast] 画布 canvas-2c4267c4daf5: 已发送给 1 个客户端, seq=26038
[Broadcast] 画布 canvas-2c4267c4daf5: 已发送给 1 个客户端, seq=undefined
[Broadcast] 画布 canvas-2c4267c4daf5: 已发送给 1 个客户端, seq=undefined
[Broadcast] 画布 canvas-2c4267c4daf5: 已发送给 1 个客户端, seq=undefined
[Broadcast] 画布 canvas-2c4267c4daf5: 已发送给 1 个客户端, seq=undefined
[消息] userId=test03, canvas=canvas-2c4267c4daf5, action=stroke, id=30785f5d-ea04-4f85-b29d-f62cff5527dd, points=2
[Broadcast] 画布 canvas-2c4267c4daf5: 已发送给 1 个客户端, seq=26039
[Broadcast] 画布 canvas-2c4267c4daf5: 已发送给 1 个客户端, seq=undefined
[Broadcast] 画布 canvas-2c4267c4daf5: 已发送给 1 个客户端, seq=undefined
[Broadcast] 画布 canvas-2c4267c4daf5: 已发送给 1 个客户端, seq=undefined
[Broadcast] 画布 canvas-2c4267c4daf5: 已发送给 1 个客户端, seq=undefined
[Broadcast] 画布 canvas-2c4267c4daf5: 已发送给 1 个客户端, seq=undefined
[Broadcast] 画布 canvas-2c4267c4daf5: 已发送给 1 个客户端, seq=undefined
[Broadcast] 画布 canvas-2c4267c4daf5: 已发送给 1 个客户端, seq=undefined
[Kafka] 批量保存完成: count=3, excluded=0, reason=schedule
[Broadcast] 画布 canvas-2c4267c4daf5: 已发送给 1 个客户端, seq=undefined
[Broadcast] 画布 canvas-2c4267c4daf5: 已发送给 1 个客户端, seq=undefined
[Broadcast] 画布 canvas-2c4267c4daf5: 已发送给 1 个客户端, seq=undefined
[消息] userId=test03, canvas=canvas-2c4267c4daf5, action=stroke, id=c585ae82-e162-46ea-abc5-53d1592dcbea, points=2
[Broadcast] 画布 canvas-2c4267c4daf5: 已发送给 1 个客户端, seq=undefined
[Broadcast] 画布 canvas-2c4267c4daf5: 已发送给 1 个客户端, seq=26040
[Broadcast] 画布 canvas-2c4267c4daf5: 已发送给 1 个客户端, seq=undefined
[Broadcast] 画布 canvas-2c4267c4daf5: 已发送给 1 个客户端, seq=undefined
[Broadcast] 画布 canvas-2c4267c4daf5: 已发送给 1 个客户端, seq=undefined
[Broadcast] 画布 canvas-2c4267c4daf5: 已发送给 1 个客户端, seq=undefined
[Broadcast] 画布 canvas-2c4267c4daf5: 已发送给 1 个客户端, seq=undefined
[消息] userId=test03, canvas=canvas-2c4267c4daf5, action=stroke, id=f45af1c9-cfa8-4302-965e-de384f4aabd1, points=2
[Broadcast] 画布 canvas-2c4267c4daf5: 已发送给 1 个客户端, seq=26041
[Broadcast] 画布 canvas-2c4267c4daf5: 已发送给 1 个客户端, seq=undefined
[Broadcast] 画布 canvas-2c4267c4daf5: 已发送给 1 个客户端, seq=undefined
[Broadcast] 画布 canvas-2c4267c4daf5: 已发送给 1 个客户端, seq=undefined
[Broadcast] 画布 canvas-2c4267c4daf5: 已发送给 1 个客户端, seq=undefined
[Broadcast] 画布 canvas-2c4267c4daf5: 已发送给 1 个客户端, seq=undefined
[Broadcast] 画布 canvas-2c4267c4daf5: 已发送给 1 个客户端, seq=undefined
[Broadcast] 画布 canvas-2c4267c4daf5: 已发送给 1 个客户端, seq=undefined
[Broadcast] 画布 canvas-2c4267c4daf5: 已发送给 1 个客户端, seq=undefined
[Kafka] 批量保存完成: count=2, excluded=0, reason=schedule
[Broadcast] 画布 canvas-2c4267c4daf5: 已发送给 1 个客户端, seq=undefined
[Broadcast] 画布 canvas-2c4267c4daf5: 已发送给 1 个客户端, seq=undefined
[Broadcast] 画布 canvas-2c4267c4daf5: 已发送给 1 个客户端, seq=undefined
[Broadcast] 画布 canvas-2c4267c4daf5: 已发送给 1 个客户端, seq=undefined
[Broadcast] 画布 canvas-2c4267c4daf5: 已发送给 1 个客户端, seq=undefined
[消息] userId=test03, canvas=canvas-2c4267c4daf5, action=presence, id=undefined, points=0
[Broadcast] 画布 canvas-2c4267c4daf5: 已发送给 1 个客户端, seq=26042
[Broadcast] 画布 canvas-2c4267c4daf5: 已发送给 1 个客户端, seq=undefined
[消息] userId=test03, canvas=canvas-2c4267c4daf5, action=stroke, id=e810c473-2b15-484c-addb-e855d2303739, points=2
[Broadcast] 画布 canvas-2c4267c4daf5: 已发送给 1 个客户端, seq=26043
[Broadcast] 画布 canvas-2c4267c4daf5: 已发送给 1 个客户端, seq=undefined
[Broadcast] 画布 canvas-2c4267c4daf5: 已发送给 1 个客户端, seq=undefined
[Broadcast] 画布 canvas-2c4267c4daf5: 已发送给 1 个客户端, seq=undefined
[Broadcast] 画布 canvas-2c4267c4daf5: 已发送给 1 个客户端, seq=undefined
[Broadcast] 画布 canvas-2c4267c4daf5: 已发送给 1 个客户端, seq=undefined
[Broadcast] 画布 canvas-2c4267c4daf5: 已发送给 1 个客户端, seq=undefined
[Broadcast] 画布 canvas-2c4267c4daf5: 已发送给 1 个客户端, seq=undefined
[Broadcast] 画布 canvas-2c4267c4daf5: 已发送给 1 个客户端, seq=undefined
[Kafka] 批量保存完成: count=2, excluded=0, reason=schedule
[Broadcast] 画布 canvas-2c4267c4daf5: 已发送给 1 个客户端, seq=undefined
[Broadcast] 画布 canvas-2c4267c4daf5: 已发送给 1 个客户端, seq=undefined
[Broadcast] 画布 canvas-2c4267c4daf5: 已发送给 1 个客户端, seq=undefined
[消息] userId=test03, canvas=canvas-2c4267c4daf5, action=stroke, id=421335f0-0c7b-4161-92ed-a02b8bca106b, points=4
[Broadcast] 画布 canvas-2c4267c4daf5: 已发送给 1 个客户端, seq=26044
[Broadcast] 画布 canvas-2c4267c4daf5: 已发送给 1 个客户端, seq=undefined
[Broadcast] 画布 canvas-2c4267c4daf5: 已发送给 1 个客户端, seq=undefined
[Broadcast] 画布 canvas-2c4267c4daf5: 已发送给 1 个客户端, seq=undefined
[Broadcast] 画布 canvas-2c4267c4daf5: 已发送给 1 个客户端, seq=undefined
[消息] userId=test03, canvas=canvas-2c4267c4daf5, action=stroke, id=882161d8-d804-4b23-b3e2-55227e7de9bc, points=2
[Broadcast] 画布 canvas-2c4267c4daf5: 已发送给 1 个客户端, seq=undefined
[Broadcast] 画布 canvas-2c4267c4daf5: 已发送给 1 个客户端, seq=26045
[Broadcast] 画布 canvas-2c4267c4daf5: 已发送给 1 个客户端, seq=undefined
[Broadcast] 画布 canvas-2c4267c4daf5: 已发送给 1 个客户端, seq=undefined
[Broadcast] 画布 canvas-2c4267c4daf5: 已发送给 1 个客户端, seq=undefined
[Broadcast] 画布 canvas-2c4267c4daf5: 已发送给 1 个客户端, seq=undefined
[Broadcast] 画布 canvas-2c4267c4daf5: 已发送给 1 个客户端, seq=undefined
[Kafka] 批量保存完成: count=2, excluded=0, reason=schedule
[消息] userId=test03, canvas=canvas-2c4267c4daf5, action=stroke, id=a086f0d7-6d38-49f1-b014-d5f07f600fda, points=2
[Broadcast] 画布 canvas-2c4267c4daf5: 已发送给 1 个客户端, seq=undefined
[Broadcast] 画布 canvas-2c4267c4daf5: 已发送给 1 个客户端, seq=26046
[Broadcast] 画布 canvas-2c4267c4daf5: 已发送给 1 个客户端, seq=undefined
[Broadcast] 画布 canvas-2c4267c4daf5: 已发送给 1 个客户端, seq=undefined
[Broadcast] 画布 canvas-2c4267c4daf5: 已发送给 1 个客户端, seq=undefined
[Broadcast] 画布 canvas-2c4267c4daf5: 已发送给 1 个客户端, seq=undefined
[Broadcast] 画布 canvas-2c4267c4daf5: 已发送给 1 个客户端, seq=undefined
[消息] userId=test03, canvas=canvas-2c4267c4daf5, action=stroke, id=c9d93cbb-c605-44a6-a38e-1fd96e8ebce9, points=2
[Broadcast] 画布 canvas-2c4267c4daf5: 已发送给 1 个客户端, seq=26047
[Broadcast] 画布 canvas-2c4267c4daf5: 已发送给 1 个客户端, seq=undefined
[Broadcast] 画布 canvas-2c4267c4daf5: 已发送给 1 个客户端, seq=undefined
[Broadcast] 画布 canvas-2c4267c4daf5: 已发送给 1 个客户端, seq=undefined
[Broadcast] 画布 canvas-2c4267c4daf5: 已发送给 1 个客户端, seq=undefined
[消息] userId=test03, canvas=canvas-2c4267c4daf5, action=stroke, id=ef30d5fc-857b-42cc-9150-90467538ea2e, points=2
[Broadcast] 画布 canvas-2c4267c4daf5: 已发送给 1 个客户端, seq=26048
[Broadcast] 画布 canvas-2c4267c4daf5: 已发送给 1 个客户端, seq=undefined
[Broadcast] 画布 canvas-2c4267c4daf5: 已发送给 1 个客户端, seq=undefined
[Broadcast] 画布 canvas-2c4267c4daf5: 已发送给 1 个客户端, seq=undefined
[消息] userId=test03, canvas=canvas-2c4267c4daf5, action=stroke, id=6d53a3fc-360f-4b08-aef2-f95e32612605, points=2
[Broadcast] 画布 canvas-2c4267c4daf5: 已发送给 1 个客户端, seq=26049
[Broadcast] 画布 canvas-2c4267c4daf5: 已发送给 1 个客户端, seq=undefined
[Broadcast] 画布 canvas-2c4267c4daf5: 已发送给 1 个客户端, seq=undefined
[Kafka] 批量保存完成: count=4, excluded=0, reason=schedule
[Broadcast] 画布 canvas-2c4267c4daf5: 已发送给 1 个客户端, seq=undefined
[消息] userId=test03, canvas=canvas-2c4267c4daf5, action=stroke, id=e198017c-2c93-4a9b-af18-19a789178a31, points=2
[Broadcast] 画布 canvas-2c4267c4daf5: 已发送给 1 个客户端, seq=26050
[Broadcast] 画布 canvas-2c4267c4daf5: 已发送给 1 个客户端, seq=undefined
[消息] userId=test03, canvas=canvas-2c4267c4daf5, action=stroke, id=18493224-0a4a-4600-a2ac-126e58ea3e0d, points=1
[Broadcast] 画布 canvas-2c4267c4daf5: 已发送给 1 个客户端, seq=26051
[Broadcast] 画布 canvas-2c4267c4daf5: 已发送给 1 个客户端, seq=undefined
[Broadcast] 画布 canvas-2c4267c4daf5: 已发送给 1 个客户端, seq=undefined
[Broadcast] 画布 canvas-2c4267c4daf5: 已发送给 1 个客户端, seq=undefined
[Broadcast] 画布 canvas-2c4267c4daf5: 已发送给 1 个客户端, seq=undefined
[Broadcast] 画布 canvas-2c4267c4daf5: 已发送给 1 个客户端, seq=undefined
[Broadcast] 画布 canvas-2c4267c4daf5: 已发送给 1 个客户端, seq=undefined
[Broadcast] 画布 canvas-2c4267c4daf5: 已发送给 1 个客户端, seq=undefined
[Broadcast] 画布 canvas-2c4267c4daf5: 已发送给 1 个客户端, seq=undefined
[Broadcast] 画布 canvas-2c4267c4daf5: 已发送给 1 个客户端, seq=undefined
[消息] userId=test03, canvas=canvas-2c4267c4daf5, action=stroke, id=baba58cf-0ee1-4589-9135-a0e24e78610b, points=2
[Broadcast] 画布 canvas-2c4267c4daf5: 已发送给 1 个客户端, seq=26052
[Broadcast] 画布 canvas-2c4267c4daf5: 已发送给 1 个客户端, seq=undefined
[Broadcast] 画布 canvas-2c4267c4daf5: 已发送给 1 个客户端, seq=undefined
[消息] userId=test03, canvas=canvas-2c4267c4daf5, action=stroke, id=1464d7f7-6ceb-4589-bfae-77f038076eac, points=2
[Broadcast] 画布 canvas-2c4267c4daf5: 已发送给 1 个客户端, seq=undefined
[Broadcast] 画布 canvas-2c4267c4daf5: 已发送给 1 个客户端, seq=26053
[Kafka] 批量保存完成: count=4, excluded=0, reason=schedule
[Broadcast] 画布 canvas-2c4267c4daf5: 已发送给 1 个客户端, seq=undefined
[Broadcast] 画布 canvas-2c4267c4daf5: 已发送给 1 个客户端, seq=undefined
[消息] userId=test03, canvas=canvas-2c4267c4daf5, action=stroke, id=9c0d1bad-5a6f-44a0-8734-887b98fab9fd, points=2
[Broadcast] 画布 canvas-2c4267c4daf5: 已发送给 1 个客户端, seq=26054
[Broadcast] 画布 canvas-2c4267c4daf5: 已发送给 1 个客户端, seq=undefined
[Broadcast] 画布 canvas-2c4267c4daf5: 已发送给 1 个客户端, seq=undefined
[Broadcast] 画布 canvas-2c4267c4daf5: 已发送给 1 个客户端, seq=undefined
[消息] userId=test03, canvas=canvas-2c4267c4daf5, action=stroke, id=79096bc2-8175-4819-8c2d-7f69aaeec1ef, points=2
[Broadcast] 画布 canvas-2c4267c4daf5: 已发送给 1 个客户端, seq=26055
[Broadcast] 画布 canvas-2c4267c4daf5: 已发送给 1 个客户端, seq=undefined
[Broadcast] 画布 canvas-2c4267c4daf5: 已发送给 1 个客户端, seq=undefined
[Broadcast] 画布 canvas-2c4267c4daf5: 已发送给 1 个客户端, seq=undefined
[Broadcast] 画布 canvas-2c4267c4daf5: 已发送给 1 个客户端, seq=undefined
[Broadcast] 画布 canvas-2c4267c4daf5: 已发送给 1 个客户端, seq=undefined
[Broadcast] 画布 canvas-2c4267c4daf5: 已发送给 1 个客户端, seq=undefined
[Broadcast] 画布 canvas-2c4267c4daf5: 已发送给 1 个客户端, seq=undefined
[Kafka] 批量保存完成: count=2, excluded=0, reason=schedule
[Broadcast] 画布 canvas-2c4267c4daf5: 已发送给 1 个客户端, seq=undefined
[Broadcast] 画布 canvas-2c4267c4daf5: 已发送给 1 个客户端, seq=undefined
[Broadcast] 画布 canvas-2c4267c4daf5: 已发送给 1 个客户端, seq=undefined
[Broadcast] 画布 canvas-2c4267c4daf5: 已发送给 1 个客户端, seq=undefined
[消息] userId=test03, canvas=canvas-2c4267c4daf5, action=stroke, id=a8b0cc9f-bc48-480b-92ae-0962322843cf, points=2
[Broadcast] 画布 canvas-2c4267c4daf5: 已发送给 1 个客户端, seq=26056
[Broadcast] 画布 canvas-2c4267c4daf5: 已发送给 1 个客户端, seq=undefined
[消息] userId=test03, canvas=canvas-2c4267c4daf5, action=presence, id=undefined, points=0
[Broadcast] 画布 canvas-2c4267c4daf5: 已发送给 1 个客户端, seq=26057
[Broadcast] 画布 canvas-2c4267c4daf5: 已发送给 1 个客户端, seq=undefined
[Broadcast] 画布 canvas-2c4267c4daf5: 已发送给 1 个客户端, seq=undefined
[Broadcast] 画布 canvas-2c4267c4daf5: 已发送给 1 个客户端, seq=undefined
[Broadcast] 画布 canvas-2c4267c4daf5: 已发送给 1 个客户端, seq=undefined
[消息] userId=test03, canvas=canvas-2c4267c4daf5, action=stroke, id=6d12e841-158c-430e-9498-8652970d0fa9, points=2
[Broadcast] 画布 canvas-2c4267c4daf5: 已发送给 1 个客户端, seq=26058
[Broadcast] 画布 canvas-2c4267c4daf5: 已发送给 1 个客户端, seq=undefined
[Broadcast] 画布 canvas-2c4267c4daf5: 已发送给 1 个客户端, seq=undefined
[Kafka] 批量保存完成: count=3, excluded=0, reason=schedule
[消息] userId=test03, canvas=canvas-2c4267c4daf5, action=stroke, id=ff29fe96-cb54-4b50-8a37-2a0ca9b05fbc, points=1
[Broadcast] 画布 canvas-2c4267c4daf5: 已发送给 1 个客户端, seq=26059
[Broadcast] 画布 canvas-2c4267c4daf5: 已发送给 1 个客户端, seq=undefined
[Broadcast] 画布 canvas-2c4267c4daf5: 已发送给 1 个客户端, seq=undefined
[消息] userId=test03, canvas=canvas-2c4267c4daf5, action=stroke, id=931ee028-39d0-487b-b675-97f121b606bc, points=2
[Broadcast] 画布 canvas-2c4267c4daf5: 已发送给 1 个客户端, seq=26060
[Broadcast] 画布 canvas-2c4267c4daf5: 已发送给 1 个客户端, seq=undefined
[Broadcast] 画布 canvas-2c4267c4daf5: 已发送给 1 个客户端, seq=undefined
[Broadcast] 画布 canvas-2c4267c4daf5: 已发送给 1 个客户端, seq=undefined
[Broadcast] 画布 canvas-2c4267c4daf5: 已发送给 1 个客户端, seq=undefined
[Broadcast] 画布 canvas-2c4267c4daf5: 已发送给 1 个客户端, seq=undefined
[Broadcast] 画布 canvas-2c4267c4daf5: 已发送给 1 个客户端, seq=undefined
[Broadcast] 画布 canvas-2c4267c4daf5: 已发送给 1 个客户端, seq=undefined
[Broadcast] 画布 canvas-2c4267c4daf5: 已发送给 1 个客户端, seq=undefined
[Broadcast] 画布 canvas-2c4267c4daf5: 已发送给 1 个客户端, seq=undefined
[Broadcast] 画布 canvas-2c4267c4daf5: 已发送给 1 个客户端, seq=undefined
[消息] userId=test03, canvas=canvas-2c4267c4daf5, action=stroke, id=2818de29-51b7-43cb-95bc-0f7f5353c2aa, points=2
[Broadcast] 画布 canvas-2c4267c4daf5: 已发送给 1 个客户端, seq=26061
[Kafka] 批量保存完成: count=3, excluded=0, reason=schedule
[Broadcast] 画布 canvas-2c4267c4daf5: 已发送给 1 个客户端, seq=undefined
[Broadcast] 画布 canvas-2c4267c4daf5: 已发送给 1 个客户端, seq=undefined
[Broadcast] 画布 canvas-2c4267c4daf5: 已发送给 1 个客户端, seq=undefined
[Broadcast] 画布 canvas-2c4267c4daf5: 已发送给 1 个客户端, seq=undefined
[消息] userId=test03, canvas=canvas-2c4267c4daf5, action=stroke, id=dc82bdaa-2bab-4905-b364-18db4cf6f728, points=3
[Broadcast] 画布 canvas-2c4267c4daf5: 已发送给 1 个客户端, seq=26062
[Broadcast] 画布 canvas-2c4267c4daf5: 已发送给 1 个客户端, seq=undefined
[Broadcast] 画布 canvas-2c4267c4daf5: 已发送给 1 个客户端, seq=undefined
[Broadcast] 画布 canvas-2c4267c4daf5: 已发送给 1 个客户端, seq=undefined
[Broadcast] 画布 canvas-2c4267c4daf5: 已发送给 1 个客户端, seq=undefined
[Broadcast] 画布 canvas-2c4267c4daf5: 已发送给 1 个客户端, seq=undefined
[Broadcast] 画布 canvas-2c4267c4daf5: 已发送给 1 个客户端, seq=undefined
[Kafka] 批量保存完成: count=1, excluded=0, reason=schedule
[消息] userId=test03, canvas=canvas-2c4267c4daf5, action=stroke, id=0322cff6-2046-449c-a086-6f50e5bd1c77, points=5
[Broadcast] 画布 canvas-2c4267c4daf5: 已发送给 1 个客户端, seq=26063
[Broadcast] 画布 canvas-2c4267c4daf5: 已发送给 1 个客户端, seq=undefined
[Broadcast] 画布 canvas-2c4267c4daf5: 已发送给 1 个客户端, seq=undefined
[Broadcast] 画布 canvas-2c4267c4daf5: 已发送给 1 个客户端, seq=undefined
[Broadcast] 画布 canvas-2c4267c4daf5: 已发送给 1 个客户端, seq=undefined
[消息] userId=test03, canvas=canvas-2c4267c4daf5, action=stroke, id=6fa85030-3069-48e3-8e99-422e880579a3, points=2
[Broadcast] 画布 canvas-2c4267c4daf5: 已发送给 1 个客户端, seq=26064
[Broadcast] 画布 canvas-2c4267c4daf5: 已发送给 1 个客户端, seq=undefined
[Broadcast] 画布 canvas-2c4267c4daf5: 已发送给 1 个客户端, seq=undefined
[Broadcast] 画布 canvas-2c4267c4daf5: 已发送给 1 个客户端, seq=undefined
[Broadcast] 画布 canvas-2c4267c4daf5: 已发送给 1 个客户端, seq=undefined
[Broadcast] 画布 canvas-2c4267c4daf5: 已发送给 1 个客户端, seq=undefined
[消息] userId=test03, canvas=canvas-2c4267c4daf5, action=stroke, id=bfa2c2b9-e488-4fff-bda7-ff444aa85df0, points=2
[Broadcast] 画布 canvas-2c4267c4daf5: 已发送给 1 个客户端, seq=26065
[Broadcast] 画布 canvas-2c4267c4daf5: 已发送给 1 个客户端, seq=undefined
[Broadcast] 画布 canvas-2c4267c4daf5: 已发送给 1 个客户端, seq=undefined
[Broadcast] 画布 canvas-2c4267c4daf5: 已发送给 1 个客户端, seq=undefined
[Kafka] 批量保存完成: count=3, excluded=0, reason=schedule
[消息] userId=test03, canvas=canvas-2c4267c4daf5, action=stroke, id=90bb0f79-011e-42e2-912e-7be3cbc3f93e, points=2
[Broadcast] 画布 canvas-2c4267c4daf5: 已发送给 1 个客户端, seq=26066
[Broadcast] 画布 canvas-2c4267c4daf5: 已发送给 1 个客户端, seq=undefined
[Broadcast] 画布 canvas-2c4267c4daf5: 已发送给 1 个客户端, seq=undefined
[Broadcast] 画布 canvas-2c4267c4daf5: 已发送给 1 个客户端, seq=undefined
[Broadcast] 画布 canvas-2c4267c4daf5: 已发送给 1 个客户端, seq=undefined
[消息] userId=test03, canvas=canvas-2c4267c4daf5, action=stroke, id=20697206-3305-4776-8067-fcf26119f577, points=2
[Broadcast] 画布 canvas-2c4267c4daf5: 已发送给 1 个客户端, seq=undefined
[Broadcast] 画布 canvas-2c4267c4daf5: 已发送给 1 个客户端, seq=undefined
[Broadcast] 画布 canvas-2c4267c4daf5: 已发送给 1 个客户端, seq=26067
[Broadcast] 画布 canvas-2c4267c4daf5: 已发送给 1 个客户端, seq=undefined
[Broadcast] 画布 canvas-2c4267c4daf5: 已发送给 1 个客户端, seq=undefined
[Broadcast] 画布 canvas-2c4267c4daf5: 已发送给 1 个客户端, seq=undefined
[消息] userId=test03, canvas=canvas-2c4267c4daf5, action=stroke, id=a60b7d5e-da52-4dcd-8e23-d2d99c9c7b82, points=2
[Broadcast] 画布 canvas-2c4267c4daf5: 已发送给 1 个客户端, seq=26068
[Broadcast] 画布 canvas-2c4267c4daf5: 已发送给 1 个客户端, seq=undefined
[Broadcast] 画布 canvas-2c4267c4daf5: 已发送给 1 个客户端, seq=undefined
[Broadcast] 画布 canvas-2c4267c4daf5: 已发送给 1 个客户端, seq=undefined
[消息] userId=test03, canvas=canvas-2c4267c4daf5, action=stroke, id=be3ce019-6205-4a92-b6f3-e1cbc9b5511a, points=1
[Broadcast] 画布 canvas-2c4267c4daf5: 已发送给 1 个客户端, seq=26069
[Broadcast] 画布 canvas-2c4267c4daf5: 已发送给 1 个客户端, seq=undefined
[Broadcast] 画布 canvas-2c4267c4daf5: 已发送给 1 个客户端, seq=undefined
[Kafka] 批量保存完成: count=4, excluded=0, reason=schedule
[Broadcast] 画布 canvas-2c4267c4daf5: 已发送给 1 个客户端, seq=undefined
[消息] userId=test03, canvas=canvas-2c4267c4daf5, action=stroke, id=8463676c-2d35-4540-be01-ef236bea9ed7, points=2
[Broadcast] 画布 canvas-2c4267c4daf5: 已发送给 1 个客户端, seq=26070
[Broadcast] 画布 canvas-2c4267c4daf5: 已发送给 1 个客户端, seq=undefined
[Broadcast] 画布 canvas-2c4267c4daf5: 已发送给 1 个客户端, seq=undefined
[消息] userId=test03, canvas=canvas-2c4267c4daf5, action=presence, id=undefined, points=0
[Broadcast] 画布 canvas-2c4267c4daf5: 已发送给 1 个客户端, seq=26071
[Broadcast] 画布 canvas-2c4267c4daf5: 已发送给 1 个客户端, seq=undefined
[Broadcast] 画布 canvas-2c4267c4daf5: 已发送给 1 个客户端, seq=undefined
[消息] userId=test03, canvas=canvas-2c4267c4daf5, action=stroke, id=e64fc1dd-72e7-45ba-ad0a-dc6631495930, points=2
[Broadcast] 画布 canvas-2c4267c4daf5: 已发送给 1 个客户端, seq=26072
[Broadcast] 画布 canvas-2c4267c4daf5: 已发送给 1 个客户端, seq=undefined
[Broadcast] 画布 canvas-2c4267c4daf5: 已发送给 1 个客户端, seq=undefined
[Broadcast] 画布 canvas-2c4267c4daf5: 已发送给 1 个客户端, seq=undefined
[Broadcast] 画布 canvas-2c4267c4daf5: 已发送给 1 个客户端, seq=undefined
[Broadcast] 画布 canvas-2c4267c4daf5: 已发送给 1 个客户端, seq=undefined
[Broadcast] 画布 canvas-2c4267c4daf5: 已发送给 1 个客户端, seq=undefined
[消息] userId=test03, canvas=canvas-2c4267c4daf5, action=stroke, id=e64e0f48-0423-4964-a706-3b0d1e82703b, points=2
[Broadcast] 画布 canvas-2c4267c4daf5: 已发送给 1 个客户端, seq=26073
[Broadcast] 画布 canvas-2c4267c4daf5: 已发送给 1 个客户端, seq=undefined
[Broadcast] 画布 canvas-2c4267c4daf5: 已发送给 1 个客户端, seq=undefined
[Kafka] 批量保存完成: count=4, excluded=0, reason=schedule
[Broadcast] 画布 canvas-2c4267c4daf5: 已发送给 1 个客户端, seq=undefined
[Broadcast] 画布 canvas-2c4267c4daf5: 已发送给 1 个客户端, seq=undefined
[Broadcast] 画布 canvas-2c4267c4daf5: 已发送给 1 个客户端, seq=undefined
[消息] userId=test03, canvas=canvas-2c4267c4daf5, action=stroke, id=5739af20-942a-4cee-b4be-32389fef5022, points=2
[Broadcast] 画布 canvas-2c4267c4daf5: 已发送给 1 个客户端, seq=undefined
[Broadcast] 画布 canvas-2c4267c4daf5: 已发送给 1 个客户端, seq=26074
[Broadcast] 画布 canvas-2c4267c4daf5: 已发送给 1 个客户端, seq=undefined
[Broadcast] 画布 canvas-2c4267c4daf5: 已发送给 1 个客户端, seq=undefined
[消息] userId=test03, canvas=canvas-2c4267c4daf5, action=stroke, id=14caacf1-0de1-4a9f-ae40-5cc12aba640b, points=2
[Broadcast] 画布 canvas-2c4267c4daf5: 已发送给 1 个客户端, seq=26075
[Broadcast] 画布 canvas-2c4267c4daf5: 已发送给 1 个客户端, seq=undefined
[Broadcast] 画布 canvas-2c4267c4daf5: 已发送给 1 个客户端, seq=undefined
[Broadcast] 画布 canvas-2c4267c4daf5: 已发送给 1 个客户端, seq=undefined
[Broadcast] 画布 canvas-2c4267c4daf5: 已发送给 1 个客户端, seq=undefined
[Broadcast] 画布 canvas-2c4267c4daf5: 已发送给 1 个客户端, seq=undefined
[Broadcast] 画布 canvas-2c4267c4daf5: 已发送给 1 个客户端, seq=undefined
[Kafka] 批量保存完成: count=2, excluded=0, reason=schedule
[消息] userId=test03, canvas=canvas-2c4267c4daf5, action=stroke, id=98a5be7c-6666-4a89-b770-84a56612fe8f, points=2
[Broadcast] 画布 canvas-2c4267c4daf5: 已发送给 1 个客户端, seq=26076
[Broadcast] 画布 canvas-2c4267c4daf5: 已发送给 1 个客户端, seq=undefined
[Broadcast] 画布 canvas-2c4267c4daf5: 已发送给 1 个客户端, seq=undefined
[Broadcast] 画布 canvas-2c4267c4daf5: 已发送给 1 个客户端, seq=undefined
[Broadcast] 画布 canvas-2c4267c4daf5: 已发送给 1 个客户端, seq=undefined
[消息] userId=test03, canvas=canvas-2c4267c4daf5, action=stroke, id=207d9bf8-4408-42d8-8bde-38fa819788e4, points=3
[Broadcast] 画布 canvas-2c4267c4daf5: 已发送给 1 个客户端, seq=26077
[Broadcast] 画布 canvas-2c4267c4daf5: 已发送给 1 个客户端, seq=undefined
[Broadcast] 画布 canvas-2c4267c4daf5: 已发送给 1 个客户端, seq=undefined
[Broadcast] 画布 canvas-2c4267c4daf5: 已发送给 1 个客户端, seq=undefined
[Broadcast] 画布 canvas-2c4267c4daf5: 已发送给 1 个客户端, seq=undefined
[消息] userId=test03, canvas=canvas-2c4267c4daf5, action=stroke, id=568970a5-b256-44cd-848f-443fa4cce9bb, points=2
[Broadcast] 画布 canvas-2c4267c4daf5: 已发送给 1 个客户端, seq=26078
[Broadcast] 画布 canvas-2c4267c4daf5: 已发送给 1 个客户端, seq=undefined
[Broadcast] 画布 canvas-2c4267c4daf5: 已发送给 1 个客户端, seq=undefined
[Broadcast] 画布 canvas-2c4267c4daf5: 已发送给 1 个客户端, seq=undefined
[Kafka] 批量保存完成: count=3, excluded=0, reason=schedule
[Broadcast] 画布 canvas-2c4267c4daf5: 已发送给 1 个客户端, seq=undefined
[Broadcast] 画布 canvas-2c4267c4daf5: 已发送给 1 个客户端, seq=undefined
[Broadcast] 画布 canvas-2c4267c4daf5: 已发送给 1 个客户端, seq=undefined
[消息] userId=test03, canvas=canvas-2c4267c4daf5, action=stroke, id=a6b59aec-e815-40b0-bbff-b1b3b36917c4, points=2
[Broadcast] 画布 canvas-2c4267c4daf5: 已发送给 1 个客户端, seq=26079
[Broadcast] 画布 canvas-2c4267c4daf5: 已发送给 1 个客户端, seq=undefined
[Broadcast] 画布 canvas-2c4267c4daf5: 已发送给 1 个客户端, seq=undefined
[Broadcast] 画布 canvas-2c4267c4daf5: 已发送给 1 个客户端, seq=undefined
[消息] userId=test03, canvas=canvas-2c4267c4daf5, action=stroke, id=8adb40f2-ac95-4e80-b799-8d889a1c8ebc, points=2
[Broadcast] 画布 canvas-2c4267c4daf5: 已发送给 1 个客户端, seq=26080
[Broadcast] 画布 canvas-2c4267c4daf5: 已发送给 1 个客户端, seq=undefined
[Broadcast] 画布 canvas-2c4267c4daf5: 已发送给 1 个客户端, seq=undefined
[Broadcast] 画布 canvas-2c4267c4daf5: 已发送给 1 个客户端, seq=undefined
[Broadcast] 画布 canvas-2c4267c4daf5: 已发送给 1 个客户端, seq=undefined
[Kafka] 批量保存完成: count=2, excluded=0, reason=schedule
[Broadcast] 画布 canvas-2c4267c4daf5: 已发送给 1 个客户端, seq=undefined
[Broadcast] 画布 canvas-2c4267c4daf5: 已发送给 1 个客户端, seq=undefined
[Broadcast] 画布 canvas-2c4267c4daf5: 已发送给 1 个客户端, seq=undefined
[Broadcast] 画布 canvas-2c4267c4daf5: 已发送给 1 个客户端, seq=undefined
[Broadcast] 画布 canvas-2c4267c4daf5: 已发送给 1 个客户端, seq=undefined
[消息] userId=test03, canvas=canvas-2c4267c4daf5, action=stroke, id=b68d93a7-058e-46bf-bde7-1057beec2ffd, points=3
[Broadcast] 画布 canvas-2c4267c4daf5: 已发送给 1 个客户端, seq=26081
[Broadcast] 画布 canvas-2c4267c4daf5: 已发送给 1 个客户端, seq=undefined
[Broadcast] 画布 canvas-2c4267c4daf5: 已发送给 1 个客户端, seq=undefined
[Broadcast] 画布 canvas-2c4267c4daf5: 已发送给 1 个客户端, seq=undefined
[Broadcast] 画布 canvas-2c4267c4daf5: 已发送给 1 个客户端, seq=undefined
[Broadcast] 画布 canvas-2c4267c4daf5: 已发送给 1 个客户端, seq=undefined
[消息] userId=test03, canvas=canvas-2c4267c4daf5, action=stroke, id=c64d1fe8-a712-4f01-a6a4-0e545223adef, points=2
[Broadcast] 画布 canvas-2c4267c4daf5: 已发送给 1 个客户端, seq=26082
[Broadcast] 画布 canvas-2c4267c4daf5: 已发送给 1 个客户端, seq=undefined
[Kafka] 批量保存完成: count=2, excluded=0, reason=schedule
[Broadcast] 画布 canvas-2c4267c4daf5: 已发送给 1 个客户端, seq=undefined
[Broadcast] 画布 canvas-2c4267c4daf5: 已发送给 1 个客户端, seq=undefined
[Broadcast] 画布 canvas-2c4267c4daf5: 已发送给 1 个客户端, seq=undefined
[消息] userId=test03, canvas=canvas-2c4267c4daf5, action=presence, id=undefined, points=0
[Broadcast] 画布 canvas-2c4267c4daf5: 已发送给 1 个客户端, seq=undefined
[Broadcast] 画布 canvas-2c4267c4daf5: 已发送给 1 个客户端, seq=26083
[Broadcast] 画布 canvas-2c4267c4daf5: 已发送给 1 个客户端, seq=undefined
[Broadcast] 画布 canvas-2c4267c4daf5: 已发送给 1 个客户端, seq=undefined
[Broadcast] 画布 canvas-2c4267c4daf5: 已发送给 1 个客户端, seq=undefined
[Broadcast] 画布 canvas-2c4267c4daf5: 已发送给 1 个客户端, seq=undefined
[消息] userId=test03, canvas=canvas-2c4267c4daf5, action=stroke, id=12897b3d-8072-417d-b2ff-52e22fead2ed, points=2
[Broadcast] 画布 canvas-2c4267c4daf5: 已发送给 1 个客户端, seq=26084
[Broadcast] 画布 canvas-2c4267c4daf5: 已发送给 1 个客户端, seq=undefined
[Broadcast] 画布 canvas-2c4267c4daf5: 已发送给 1 个客户端, seq=undefined
[Broadcast] 画布 canvas-2c4267c4daf5: 已发送给 1 个客户端, seq=undefined
[Broadcast] 画布 canvas-2c4267c4daf5: 已发送给 1 个客户端, seq=undefined
[Broadcast] 画布 canvas-2c4267c4daf5: 已发送给 1 个客户端, seq=undefined
[Broadcast] 画布 canvas-2c4267c4daf5: 已发送给 1 个客户端, seq=undefined
[Broadcast] 画布 canvas-2c4267c4daf5: 已发送给 1 个客户端, seq=undefined
[Broadcast] 画布 canvas-2c4267c4daf5: 已发送给 1 个客户端, seq=undefined
[Kafka] 批量保存完成: count=2, excluded=0, reason=schedule
[Broadcast] 画布 canvas-2c4267c4daf5: 已发送给 1 个客户端, seq=undefined
[Broadcast] 画布 canvas-2c4267c4daf5: 已发送给 1 个客户端, seq=undefined
[Broadcast] 画布 canvas-2c4267c4daf5: 已发送给 1 个客户端, seq=undefined
[Broadcast] 画布 canvas-2c4267c4daf5: 已发送给 1 个客户端, seq=undefined
[Broadcast] 画布 canvas-2c4267c4daf5: 已发送给 1 个客户端, seq=undefined
[Broadcast] 画布 canvas-2c4267c4daf5: 已发送给 1 个客户端, seq=undefined
[Broadcast] 画布 canvas-2c4267c4daf5: 已发送给 1 个客户端, seq=undefined
[Broadcast] 画布 canvas-2c4267c4daf5: 已发送给 1 个客户端, seq=undefined
[Broadcast] 画布 canvas-2c4267c4daf5: 已发送给 1 个客户端, seq=undefined
[Broadcast] 画布 canvas-2c4267c4daf5: 已发送给 1 个客户端, seq=undefined
[Broadcast] 画布 canvas-2c4267c4daf5: 已发送给 1 个客户端, seq=undefined
[Broadcast] 画布 canvas-2c4267c4daf5: 已发送给 1 个客户端, seq=undefined
[Broadcast] 画布 canvas-2c4267c4daf5: 已发送给 1 个客户端, seq=undefined
[Broadcast] 画布 canvas-2c4267c4daf5: 已发送给 1 个客户端, seq=undefined
[Broadcast] 画布 canvas-2c4267c4daf5: 已发送给 1 个客户端, seq=undefined
[Broadcast] 画布 canvas-2c4267c4daf5: 已发送给 1 个客户端, seq=undefined
[Broadcast] 画布 canvas-2c4267c4daf5: 已发送给 1 个客户端, seq=undefined
[Broadcast] 画布 canvas-2c4267c4daf5: 已发送给 1 个客户端, seq=undefined
[Broadcast] 画布 canvas-2c4267c4daf5: 已发送给 1 个客户端, seq=undefined
[Broadcast] 画布 canvas-2c4267c4daf5: 已发送给 1 个客户端, seq=undefined
[Broadcast] 画布 canvas-2c4267c4daf5: 已发送给 1 个客户端, seq=undefined
[消息] userId=test03, canvas=canvas-2c4267c4daf5, action=stroke, id=e3fc7c87-7a99-4aa5-8813-dcba71884eae, points=2
[Broadcast] 画布 canvas-2c4267c4daf5: 已发送给 1 个客户端, seq=26085
[Broadcast] 画布 canvas-2c4267c4daf5: 已发送给 1 个客户端, seq=undefined
[Snapshot] 画布 canvas-2c4267c4daf5 生成快照，sequence_id=26084，笔画数=101，SVG大小=30361字节
[Broadcast] 画布 canvas-2c4267c4daf5: 已发送给 1 个客户端, seq=undefined
[Broadcast] 画布 canvas-2c4267c4daf5: 已发送给 1 个客户端, seq=undefined
[Broadcast] 画布 canvas-2c4267c4daf5: 已发送给 1 个客户端, seq=undefined
[Broadcast] 画布 canvas-2c4267c4daf5: 已发送给 1 个客户端, seq=undefined
[Broadcast] 画布 canvas-2c4267c4daf5: 已发送给 1 个客户端, seq=undefined
[Broadcast] 画布 canvas-2c4267c4daf5: 已发送给 1 个客户端, seq=undefined
[Kafka] 批量保存完成: count=1, excluded=0, reason=schedule
[Broadcast] 画布 canvas-2c4267c4daf5: 已发送给 1 个客户端, seq=undefined
[Broadcast] 画布 canvas-2c4267c4daf5: 已发送给 1 个客户端, seq=undefined
[消息] userId=test03, canvas=canvas-2c4267c4daf5, action=stroke, id=6f318bc0-702e-4dc9-81f5-728d725816b3, points=2
[Broadcast] 画布 canvas-2c4267c4daf5: 已发送给 1 个客户端, seq=undefined
[Broadcast] 画布 canvas-2c4267c4daf5: 已发送给 1 个客户端, seq=26086
[Broadcast] 画布 canvas-2c4267c4daf5: 已发送给 1 个客户端, seq=undefined
[Broadcast] 画布 canvas-2c4267c4daf5: 已发送给 1 个客户端, seq=undefined
[Broadcast] 画布 canvas-2c4267c4daf5: 已发送给 1 个客户端, seq=undefined
[Broadcast] 画布 canvas-2c4267c4daf5: 已发送给 1 个客户端, seq=undefined
[消息] userId=test03, canvas=canvas-2c4267c4daf5, action=stroke, id=6534752a-bae5-4020-9537-9f4d8b8587fe, points=2
[Broadcast] 画布 canvas-2c4267c4daf5: 已发送给 1 个客户端, seq=26087
[Broadcast] 画布 canvas-2c4267c4daf5: 已发送给 1 个客户端, seq=undefined
[Broadcast] 画布 canvas-2c4267c4daf5: 已发送给 1 个客户端, seq=undefined
[Kafka] 批量保存完成: count=2, excluded=0, reason=schedule
[Broadcast] 画布 canvas-2c4267c4daf5: 已发送给 1 个客户端, seq=undefined
[Broadcast] 画布 canvas-2c4267c4daf5: 已发送给 1 个客户端, seq=undefined
[Broadcast] 画布 canvas-2c4267c4daf5: 已发送给 1 个客户端, seq=undefined
[Broadcast] 画布 canvas-2c4267c4daf5: 已发送给 1 个客户端, seq=undefined
[消息] userId=test03, canvas=canvas-2c4267c4daf5, action=stroke, id=f1613744-6341-4f81-86c2-d0bcdc494010, points=2
[Broadcast] 画布 canvas-2c4267c4daf5: 已发送给 1 个客户端, seq=26088
[Broadcast] 画布 canvas-2c4267c4daf5: 已发送给 1 个客户端, seq=undefined
[Broadcast] 画布 canvas-2c4267c4daf5: 已发送给 1 个客户端, seq=undefined
[Broadcast] 画布 canvas-2c4267c4daf5: 已发送给 1 个客户端, seq=undefined
[Broadcast] 画布 canvas-2c4267c4daf5: 已发送给 1 个客户端, seq=undefined
[Broadcast] 画布 canvas-2c4267c4daf5: 已发送给 1 个客户端, seq=undefined
[Broadcast] 画布 canvas-2c4267c4daf5: 已发送给 1 个客户端, seq=undefined
[Broadcast] 画布 canvas-2c4267c4daf5: 已发送给 1 个客户端, seq=undefined
[消息] userId=test03, canvas=canvas-2c4267c4daf5, action=stroke, id=66ed9f73-ab38-4131-b209-5b35b9aa018f, points=3
[Broadcast] 画布 canvas-2c4267c4daf5: 已发送给 1 个客户端, seq=undefined
[Broadcast] 画布 canvas-2c4267c4daf5: 已发送给 1 个客户端, seq=26089
[Kafka] 批量保存完成: count=2, excluded=0, reason=schedule
[Broadcast] 画布 canvas-2c4267c4daf5: 已发送给 1 个客户端, seq=undefined
[Broadcast] 画布 canvas-2c4267c4daf5: 已发送给 1 个客户端, seq=undefined
[Broadcast] 画布 canvas-2c4267c4daf5: 已发送给 1 个客户端, seq=undefined
[Broadcast] 画布 canvas-2c4267c4daf5: 已发送给 1 个客户端, seq=undefined
[消息] userId=test03, canvas=canvas-2c4267c4daf5, action=presence, id=undefined, points=0
[Broadcast] 画布 canvas-2c4267c4daf5: 已发送给 1 个客户端, seq=26090
[Broadcast] 画布 canvas-2c4267c4daf5: 已发送给 1 个客户端, seq=undefined
[Broadcast] 画布 canvas-2c4267c4daf5: 已发送给 1 个客户端, seq=undefined
[Broadcast] 画布 canvas-2c4267c4daf5: 已发送给 1 个客户端, seq=undefined
[消息] userId=test03, canvas=canvas-2c4267c4daf5, action=stroke, id=9b61fd57-187c-4ace-8c57-cd0ed5e338e2, points=3
[Broadcast] 画布 canvas-2c4267c4daf5: 已发送给 1 个客户端, seq=26091
[Broadcast] 画布 canvas-2c4267c4daf5: 已发送给 1 个客户端, seq=undefined
[Broadcast] 画布 canvas-2c4267c4daf5: 已发送给 1 个客户端, seq=undefined
[Broadcast] 画布 canvas-2c4267c4daf5: 已发送给 1 个客户端, seq=undefined
[Broadcast] 画布 canvas-2c4267c4daf5: 已发送给 1 个客户端, seq=undefined
[Broadcast] 画布 canvas-2c4267c4daf5: 已发送给 1 个客户端, seq=undefined
[Broadcast] 画布 canvas-2c4267c4daf5: 已发送给 1 个客户端, seq=undefined
[Broadcast] 画布 canvas-2c4267c4daf5: 已发送给 1 个客户端, seq=undefined
[Kafka] 批量保存完成: count=2, excluded=0, reason=schedule
[Broadcast] 画布 canvas-2c4267c4daf5: 已发送给 1 个客户端, seq=undefined
[Broadcast] 画布 canvas-2c4267c4daf5: 已发送给 1 个客户端, seq=undefined
[Broadcast] 画布 canvas-2c4267c4daf5: 已发送给 1 个客户端, seq=undefined
[Broadcast] 画布 canvas-2c4267c4daf5: 已发送给 1 个客户端, seq=undefined
[Broadcast] 画布 canvas-2c4267c4daf5: 已发送给 1 个客户端, seq=undefined
[Broadcast] 画布 canvas-2c4267c4daf5: 已发送给 1 个客户端, seq=undefined
[Broadcast] 画布 canvas-2c4267c4daf5: 已发送给 1 个客户端, seq=undefined
[Broadcast] 画布 canvas-2c4267c4daf5: 已发送给 1 个客户端, seq=undefined
[Broadcast] 画布 canvas-2c4267c4daf5: 已发送给 1 个客户端, seq=undefined
[Broadcast] 画布 canvas-2c4267c4daf5: 已发送给 1 个客户端, seq=undefined
[Broadcast] 画布 canvas-2c4267c4daf5: 已发送给 1 个客户端, seq=undefined
[Broadcast] 画布 canvas-2c4267c4daf5: 已发送给 1 个客户端, seq=undefined
[Broadcast] 画布 canvas-2c4267c4daf5: 已发送给 1 个客户端, seq=undefined
[Broadcast] 画布 canvas-2c4267c4daf5: 已发送给 1 个客户端, seq=undefined
[Broadcast] 画布 canvas-2c4267c4daf5: 已发送给 1 个客户端, seq=undefined
[消息] userId=test03, canvas=canvas-2c4267c4daf5, action=stroke, id=0b49a99e-2367-4ad0-ac69-70ce9a792c17, points=3
[Broadcast] 画布 canvas-2c4267c4daf5: 已发送给 1 个客户端, seq=26092
[Broadcast] 画布 canvas-2c4267c4daf5: 已发送给 1 个客户端, seq=undefined
[Broadcast] 画布 canvas-2c4267c4daf5: 已发送给 1 个客户端, seq=undefined
[Broadcast] 画布 canvas-2c4267c4daf5: 已发送给 1 个客户端, seq=undefined
[Broadcast] 画布 canvas-2c4267c4daf5: 已发送给 1 个客户端, seq=undefined
[Broadcast] 画布 canvas-2c4267c4daf5: 已发送给 1 个客户端, seq=undefined
[Broadcast] 画布 canvas-2c4267c4daf5: 已发送给 1 个客户端, seq=undefined
[Broadcast] 画布 canvas-2c4267c4daf5: 已发送给 1 个客户端, seq=undefined
[消息] userId=test03, canvas=canvas-2c4267c4daf5, action=stroke, id=28f75f39-9703-44bb-b709-ab17eebfcb48, points=2
[Broadcast] 画布 canvas-2c4267c4daf5: 已发送给 1 个客户端, seq=26093
[Broadcast] 画布 canvas-2c4267c4daf5: 已发送给 1 个客户端, seq=undefined
[Broadcast] 画布 canvas-2c4267c4daf5: 已发送给 1 个客户端, seq=undefined
[Broadcast] 画布 canvas-2c4267c4daf5: 已发送给 1 个客户端, seq=undefined
[Broadcast] 画布 canvas-2c4267c4daf5: 已发送给 1 个客户端, seq=undefined
[Broadcast] 画布 canvas-2c4267c4daf5: 已发送给 1 个客户端, seq=undefined
[Broadcast] 画布 canvas-2c4267c4daf5: 已发送给 1 个客户端, seq=undefined
[Kafka] 批量保存完成: count=2, excluded=0, reason=schedule
[Broadcast] 画布 canvas-2c4267c4daf5: 已发送给 1 个客户端, seq=undefined
[Broadcast] 画布 canvas-2c4267c4daf5: 已发送给 1 个客户端, seq=undefined
[Broadcast] 画布 canvas-2c4267c4daf5: 已发送给 1 个客户端, seq=undefined
[Broadcast] 画布 canvas-2c4267c4daf5: 已发送给 1 个客户端, seq=undefined
[Broadcast] 画布 canvas-2c4267c4daf5: 已发送给 1 个客户端, seq=undefined
[Broadcast] 画布 canvas-2c4267c4daf5: 已发送给 1 个客户端, seq=undefined
[Broadcast] 画布 canvas-2c4267c4daf5: 已发送给 1 个客户端, seq=undefined
[Broadcast] 画布 canvas-2c4267c4daf5: 已发送给 1 个客户端, seq=undefined
[Broadcast] 画布 canvas-2c4267c4daf5: 已发送给 1 个客户端, seq=undefined
[Broadcast] 画布 canvas-2c4267c4daf5: 已发送给 1 个客户端, seq=undefined
[Broadcast] 画布 canvas-2c4267c4daf5: 已发送给 1 个客户端, seq=undefined
[Broadcast] 画布 canvas-2c4267c4daf5: 已发送给 1 个客户端, seq=undefined
[Broadcast] 画布 canvas-2c4267c4daf5: 已发送给 1 个客户端, seq=undefined
[Broadcast] 画布 canvas-2c4267c4daf5: 已发送给 1 个客户端, seq=undefined
[Broadcast] 画布 canvas-2c4267c4daf5: 已发送给 1 个客户端, seq=undefined
[Broadcast] 画布 canvas-2c4267c4daf5: 已发送给 1 个客户端, seq=undefined
[消息] userId=test03, canvas=canvas-2c4267c4daf5, action=stroke, id=29cd3f20-49fb-4972-89af-e8fd26774cd3, points=7
[Broadcast] 画布 canvas-2c4267c4daf5: 已发送给 1 个客户端, seq=26094
[Broadcast] 画布 canvas-2c4267c4daf5: 已发送给 1 个客户端, seq=undefined
[Broadcast] 画布 canvas-2c4267c4daf5: 已发送给 1 个客户端, seq=undefined
[Broadcast] 画布 canvas-2c4267c4daf5: 已发送给 1 个客户端, seq=undefined
[Broadcast] 画布 canvas-2c4267c4daf5: 已发送给 1 个客户端, seq=undefined
[Broadcast] 画布 canvas-2c4267c4daf5: 已发送给 1 个客户端, seq=undefined
[Broadcast] 画布 canvas-2c4267c4daf5: 已发送给 1 个客户端, seq=undefined
[Broadcast] 画布 canvas-2c4267c4daf5: 已发送给 1 个客户端, seq=undefined
[Kafka] 批量保存完成: count=1, excluded=0, reason=schedule
[Broadcast] 画布 canvas-2c4267c4daf5: 已发送给 1 个客户端, seq=undefined
[Broadcast] 画布 canvas-2c4267c4daf5: 已发送给 1 个客户端, seq=undefined
[消息] userId=test03, canvas=canvas-2c4267c4daf5, action=presence, id=undefined, points=0
[Broadcast] 画布 canvas-2c4267c4daf5: 已发送给 1 个客户端, seq=26095
[Broadcast] 画布 canvas-2c4267c4daf5: 已发送给 1 个客户端, seq=undefined
[Broadcast] 画布 canvas-2c4267c4daf5: 已发送给 1 个客户端, seq=undefined
[Broadcast] 画布 canvas-2c4267c4daf5: 已发送给 1 个客户端, seq=undefined
[Broadcast] 画布 canvas-2c4267c4daf5: 已发送给 1 个客户端, seq=undefined
[Broadcast] 画布 canvas-2c4267c4daf5: 已发送给 1 个客户端, seq=undefined
[消息] userId=test03, canvas=canvas-2c4267c4daf5, action=stroke, id=a21c908c-aa34-4ddc-8f13-2a0a354a0557, points=2
[Broadcast] 画布 canvas-2c4267c4daf5: 已发送给 1 个客户端, seq=26096
[Broadcast] 画布 canvas-2c4267c4daf5: 已发送给 1 个客户端, seq=undefined
[Broadcast] 画布 canvas-2c4267c4daf5: 已发送给 1 个客户端, seq=undefined
[Broadcast] 画布 canvas-2c4267c4daf5: 已发送给 1 个客户端, seq=undefined
[Broadcast] 画布 canvas-2c4267c4daf5: 已发送给 1 个客户端, seq=undefined
[Kafka] 批量保存完成: count=2, excluded=0, reason=schedule
[Broadcast] 画布 canvas-2c4267c4daf5: 已发送给 1 个客户端, seq=undefined
[Broadcast] 画布 canvas-2c4267c4daf5: 已发送给 1 个客户端, seq=undefined
[Broadcast] 画布 canvas-2c4267c4daf5: 已发送给 1 个客户端, seq=undefined
[Broadcast] 画布 canvas-2c4267c4daf5: 已发送给 1 个客户端, seq=undefined
[Broadcast] 画布 canvas-2c4267c4daf5: 已发送给 1 个客户端, seq=undefined
[消息] userId=test03, canvas=canvas-2c4267c4daf5, action=stroke, id=d4b456ae-df22-4f51-8cde-1a83d84b538a, points=3
[Broadcast] 画布 canvas-2c4267c4daf5: 已发送给 1 个客户端, seq=26097
[Broadcast] 画布 canvas-2c4267c4daf5: 已发送给 1 个客户端, seq=undefined
[Broadcast] 画布 canvas-2c4267c4daf5: 已发送给 1 个客户端, seq=undefined
[Broadcast] 画布 canvas-2c4267c4daf5: 已发送给 1 个客户端, seq=undefined
[Broadcast] 画布 canvas-2c4267c4daf5: 已发送给 1 个客户端, seq=undefined
[Broadcast] 画布 canvas-2c4267c4daf5: 已发送给 1 个客户端, seq=undefined
[Broadcast] 画布 canvas-2c4267c4daf5: 已发送给 1 个客户端, seq=undefined
[Broadcast] 画布 canvas-2c4267c4daf5: 已发送给 1 个客户端, seq=undefined
[Kafka] 批量保存完成: count=1, excluded=0, reason=schedule
[Broadcast] 画布 canvas-2c4267c4daf5: 已发送给 1 个客户端, seq=undefined
[Broadcast] 画布 canvas-2c4267c4daf5: 已发送给 1 个客户端, seq=undefined
[Broadcast] 画布 canvas-2c4267c4daf5: 已发送给 1 个客户端, seq=undefined
[Broadcast] 画布 canvas-2c4267c4daf5: 已发送给 1 个客户端, seq=undefined
[Broadcast] 画布 canvas-2c4267c4daf5: 已发送给 1 个客户端, seq=undefined
[Broadcast] 画布 canvas-2c4267c4daf5: 已发送给 1 个客户端, seq=undefined
[消息] userId=test03, canvas=canvas-2c4267c4daf5, action=stroke, id=6de269c8-920a-4d84-a8d5-a20fd3684f0a, points=2
[Broadcast] 画布 canvas-2c4267c4daf5: 已发送给 1 个客户端, seq=26098
[Broadcast] 画布 canvas-2c4267c4daf5: 已发送给 1 个客户端, seq=undefined
[Broadcast] 画布 canvas-2c4267c4daf5: 已发送给 1 个客户端, seq=undefined
[Broadcast] 画布 canvas-2c4267c4daf5: 已发送给 1 个客户端, seq=undefined
[Broadcast] 画布 canvas-2c4267c4daf5: 已发送给 1 个客户端, seq=undefined
[Broadcast] 画布 canvas-2c4267c4daf5: 已发送给 1 个客户端, seq=undefined
[Broadcast] 画布 canvas-2c4267c4daf5: 已发送给 1 个客户端, seq=undefined
[Broadcast] 画布 canvas-2c4267c4daf5: 已发送给 1 个客户端, seq=undefined
[Broadcast] 画布 canvas-2c4267c4daf5: 已发送给 1 个客户端, seq=undefined
[Broadcast] 画布 canvas-2c4267c4daf5: 已发送给 1 个客户端, seq=undefined
[Kafka] 批量保存完成: count=1, excluded=0, reason=schedule
[Broadcast] 画布 canvas-2c4267c4daf5: 已发送给 1 个客户端, seq=undefined
[Broadcast] 画布 canvas-2c4267c4daf5: 已发送给 1 个客户端, seq=undefined
[Broadcast] 画布 canvas-2c4267c4daf5: 已发送给 1 个客户端, seq=undefined
[消息] userId=test03, canvas=canvas-2c4267c4daf5, action=stroke, id=e16235db-0d85-47c1-ae60-bb7523603f93, points=2
[Broadcast] 画布 canvas-2c4267c4daf5: 已发送给 1 个客户端, seq=26099
[Broadcast] 画布 canvas-2c4267c4daf5: 已发送给 1 个客户端, seq=undefined
[Broadcast] 画布 canvas-2c4267c4daf5: 已发送给 1 个客户端, seq=undefined
[Broadcast] 画布 canvas-2c4267c4daf5: 已发送给 1 个客户端, seq=undefined
[Broadcast] 画布 canvas-2c4267c4daf5: 已发送给 1 个客户端, seq=undefined
[Broadcast] 画布 canvas-2c4267c4daf5: 已发送给 1 个客户端, seq=undefined
[Broadcast] 画布 canvas-2c4267c4daf5: 已发送给 1 个客户端, seq=undefined
[Broadcast] 画布 canvas-2c4267c4daf5: 已发送给 1 个客户端, seq=undefined
[Broadcast] 画布 canvas-2c4267c4daf5: 已发送给 1 个客户端, seq=undefined
[Broadcast] 画布 canvas-2c4267c4daf5: 已发送给 1 个客户端, seq=undefined
[Broadcast] 画布 canvas-2c4267c4daf5: 已发送给 1 个客户端, seq=undefined
[Broadcast] 画布 canvas-2c4267c4daf5: 已发送给 1 个客户端, seq=undefined
[Broadcast] 画布 canvas-2c4267c4daf5: 已发送给 1 个客户端, seq=undefined
[消息] userId=test03, canvas=canvas-2c4267c4daf5, action=stroke, id=74b71ca7-8050-415c-9797-dc39dc093451, points=4
[Broadcast] 画布 canvas-2c4267c4daf5: 已发送给 1 个客户端, seq=26100
[Broadcast] 画布 canvas-2c4267c4daf5: 已发送给 1 个客户端, seq=undefined
[Kafka] 批量保存完成: count=2, excluded=0, reason=schedule
[Broadcast] 画布 canvas-2c4267c4daf5: 已发送给 1 个客户端, seq=undefined
[Broadcast] 画布 canvas-2c4267c4daf5: 已发送给 1 个客户端, seq=undefined
[Broadcast] 画布 canvas-2c4267c4daf5: 已发送给 1 个客户端, seq=undefined
[Broadcast] 画布 canvas-2c4267c4daf5: 已发送给 1 个客户端, seq=undefined
[Broadcast] 画布 canvas-2c4267c4daf5: 已发送给 1 个客户端, seq=undefined
[Broadcast] 画布 canvas-2c4267c4daf5: 已发送给 1 个客户端, seq=undefined
[Broadcast] 画布 canvas-2c4267c4daf5: 已发送给 1 个客户端, seq=undefined
[Broadcast] 画布 canvas-2c4267c4daf5: 已发送给 1 个客户端, seq=undefined
[Broadcast] 画布 canvas-2c4267c4daf5: 已发送给 1 个客户端, seq=undefined
[Broadcast] 画布 canvas-2c4267c4daf5: 已发送给 1 个客户端, seq=undefined
[Broadcast] 画布 canvas-2c4267c4daf5: 已发送给 1 个客户端, seq=undefined
[Broadcast] 画布 canvas-2c4267c4daf5: 已发送给 1 个客户端, seq=undefined
[Broadcast] 画布 canvas-2c4267c4daf5: 已发送给 1 个客户端, seq=undefined
[Broadcast] 画布 canvas-2c4267c4daf5: 已发送给 1 个客户端, seq=undefined
[Broadcast] 画布 canvas-2c4267c4daf5: 已发送给 1 个客户端, seq=undefined
[Broadcast] 画布 canvas-2c4267c4daf5: 已发送给 1 个客户端, seq=undefined
[Broadcast] 画布 canvas-2c4267c4daf5: 已发送给 1 个客户端, seq=undefined
[Broadcast] 画布 canvas-2c4267c4daf5: 已发送给 1 个客户端, seq=undefined
[Broadcast] 画布 canvas-2c4267c4daf5: 已发送给 1 个客户端, seq=undefined
[消息] userId=test03, canvas=canvas-2c4267c4daf5, action=presence, id=undefined, points=0
[Broadcast] 画布 canvas-2c4267c4daf5: 已发送给 1 个客户端, seq=undefined
[Broadcast] 画布 canvas-2c4267c4daf5: 已发送给 1 个客户端, seq=26101
[消息] userId=test03, canvas=canvas-2c4267c4daf5, action=stroke, id=e09d4804-9360-4ef3-848c-642a91222449, points=4
[Broadcast] 画布 canvas-2c4267c4daf5: 已发送给 1 个客户端, seq=undefined
[Broadcast] 画布 canvas-2c4267c4daf5: 已发送给 1 个客户端, seq=26102
[Broadcast] 画布 canvas-2c4267c4daf5: 已发送给 1 个客户端, seq=undefined
[Broadcast] 画布 canvas-2c4267c4daf5: 已发送给 1 个客户端, seq=undefined
[Broadcast] 画布 canvas-2c4267c4daf5: 已发送给 1 个客户端, seq=undefined
[Broadcast] 画布 canvas-2c4267c4daf5: 已发送给 1 个客户端, seq=undefined
[Broadcast] 画布 canvas-2c4267c4daf5: 已发送给 1 个客户端, seq=undefined
[Broadcast] 画布 canvas-2c4267c4daf5: 已发送给 1 个客户端, seq=undefined
[Broadcast] 画布 canvas-2c4267c4daf5: 已发送给 1 个客户端, seq=undefined
[Broadcast] 画布 canvas-2c4267c4daf5: 已发送给 1 个客户端, seq=undefined
[Broadcast] 画布 canvas-2c4267c4daf5: 已发送给 1 个客户端, seq=undefined
[Broadcast] 画布 canvas-2c4267c4daf5: 已发送给 1 个客户端, seq=undefined
[Kafka] 批量保存完成: count=2, excluded=0, reason=schedule
[Broadcast] 画布 canvas-2c4267c4daf5: 已发送给 1 个客户端, seq=undefined
[Broadcast] 画布 canvas-2c4267c4daf5: 已发送给 1 个客户端, seq=undefined
[Broadcast] 画布 canvas-2c4267c4daf5: 已发送给 1 个客户端, seq=undefined
[Broadcast] 画布 canvas-2c4267c4daf5: 已发送给 1 个客户端, seq=undefined
[Broadcast] 画布 canvas-2c4267c4daf5: 已发送给 1 个客户端, seq=undefined
[消息] userId=test03, canvas=canvas-2c4267c4daf5, action=stroke, id=69023888-9d77-456a-9917-c2b072cd7a86, points=3
[Broadcast] 画布 canvas-2c4267c4daf5: 已发送给 1 个客户端, seq=26103
[Broadcast] 画布 canvas-2c4267c4daf5: 已发送给 1 个客户端, seq=undefined
[Broadcast] 画布 canvas-2c4267c4daf5: 已发送给 1 个客户端, seq=undefined
[Broadcast] 画布 canvas-2c4267c4daf5: 已发送给 1 个客户端, seq=undefined
[Broadcast] 画布 canvas-2c4267c4daf5: 已发送给 1 个客户端, seq=undefined
[Broadcast] 画布 canvas-2c4267c4daf5: 已发送给 1 个客户端, seq=undefined
[Broadcast] 画布 canvas-2c4267c4daf5: 已发送给 1 个客户端, seq=undefined
[Broadcast] 画布 canvas-2c4267c4daf5: 已发送给 1 个客户端, seq=undefined
[Broadcast] 画布 canvas-2c4267c4daf5: 已发送给 1 个客户端, seq=undefined
[Kafka] 批量保存完成: count=1, excluded=0, reason=schedule
[消息] userId=test03, canvas=canvas-2c4267c4daf5, action=stroke, id=327e8198-9dcb-4b35-9457-efc6adf6f0ed, points=2
[Broadcast] 画布 canvas-2c4267c4daf5: 已发送给 1 个客户端, seq=26104
[Broadcast] 画布 canvas-2c4267c4daf5: 已发送给 1 个客户端, seq=undefined
[Broadcast] 画布 canvas-2c4267c4daf5: 已发送给 1 个客户端, seq=undefined
[Broadcast] 画布 canvas-2c4267c4daf5: 已发送给 1 个客户端, seq=undefined
[Broadcast] 画布 canvas-2c4267c4daf5: 已发送给 1 个客户端, seq=undefined
[Broadcast] 画布 canvas-2c4267c4daf5: 已发送给 1 个客户端, seq=undefined
[Broadcast] 画布 canvas-2c4267c4daf5: 已发送给 1 个客户端, seq=undefined
[Broadcast] 画布 canvas-2c4267c4daf5: 已发送给 1 个客户端, seq=undefined
[Broadcast] 画布 canvas-2c4267c4daf5: 已发送给 1 个客户端, seq=undefined
[Broadcast] 画布 canvas-2c4267c4daf5: 已发送给 1 个客户端, seq=undefined
[Broadcast] 画布 canvas-2c4267c4daf5: 已发送给 1 个客户端, seq=undefined
[消息] userId=test03, canvas=canvas-2c4267c4daf5, action=stroke, id=cbb7b676-251d-4ab7-87fe-49a9c6436bbe, points=4
[Broadcast] 画布 canvas-2c4267c4daf5: 已发送给 1 个客户端, seq=undefined
[Broadcast] 画布 canvas-2c4267c4daf5: 已发送给 1 个客户端, seq=26105
[Broadcast] 画布 canvas-2c4267c4daf5: 已发送给 1 个客户端, seq=undefined
[Kafka] 批量保存完成: count=2, excluded=0, reason=schedule
[Broadcast] 画布 canvas-2c4267c4daf5: 已发送给 1 个客户端, seq=undefined
[Broadcast] 画布 canvas-2c4267c4daf5: 已发送给 1 个客户端, seq=undefined
[Broadcast] 画布 canvas-2c4267c4daf5: 已发送给 1 个客户端, seq=undefined
[Broadcast] 画布 canvas-2c4267c4daf5: 已发送给 1 个客户端, seq=undefined
[Broadcast] 画布 canvas-2c4267c4daf5: 已发送给 1 个客户端, seq=undefined
[Broadcast] 画布 canvas-2c4267c4daf5: 已发送给 1 个客户端, seq=undefined
[Broadcast] 画布 canvas-2c4267c4daf5: 已发送给 1 个客户端, seq=undefined
[Broadcast] 画布 canvas-2c4267c4daf5: 已发送给 1 个客户端, seq=undefined
[Broadcast] 画布 canvas-2c4267c4daf5: 已发送给 1 个客户端, seq=undefined
[Broadcast] 画布 canvas-2c4267c4daf5: 已发送给 1 个客户端, seq=undefined
[消息] userId=test03, canvas=canvas-2c4267c4daf5, action=stroke, id=63bcb778-6879-4ca9-b435-5d810ef87c93, points=2
[Broadcast] 画布 canvas-2c4267c4daf5: 已发送给 1 个客户端, seq=undefined
[Broadcast] 画布 canvas-2c4267c4daf5: 已发送给 1 个客户端, seq=26106
[Broadcast] 画布 canvas-2c4267c4daf5: 已发送给 1 个客户端, seq=undefined
[Broadcast] 画布 canvas-2c4267c4daf5: 已发送给 1 个客户端, seq=undefined
[Broadcast] 画布 canvas-2c4267c4daf5: 已发送给 1 个客户端, seq=undefined
[Broadcast] 画布 canvas-2c4267c4daf5: 已发送给 1 个客户端, seq=undefined
[Broadcast] 画布 canvas-2c4267c4daf5: 已发送给 1 个客户端, seq=undefined
[Broadcast] 画布 canvas-2c4267c4daf5: 已发送给 1 个客户端, seq=undefined
[Kafka] 批量保存完成: count=1, excluded=0, reason=schedule
[消息] userId=test03, canvas=canvas-2c4267c4daf5, action=stroke, id=58dfe704-0a90-48ad-9129-1495ccd0b66a, points=2
[Broadcast] 画布 canvas-2c4267c4daf5: 已发送给 1 个客户端, seq=26107
[Broadcast] 画布 canvas-2c4267c4daf5: 已发送给 1 个客户端, seq=undefined
[Broadcast] 画布 canvas-2c4267c4daf5: 已发送给 1 个客户端, seq=undefined
[Broadcast] 画布 canvas-2c4267c4daf5: 已发送给 1 个客户端, seq=undefined
[Broadcast] 画布 canvas-2c4267c4daf5: 已发送给 1 个客户端, seq=undefined
[Broadcast] 画布 canvas-2c4267c4daf5: 已发送给 1 个客户端, seq=undefined
[消息] userId=test03, canvas=canvas-2c4267c4daf5, action=stroke, id=9d23bc57-9cbd-44b6-a4e5-a03434ced464, points=2
[Broadcast] 画布 canvas-2c4267c4daf5: 已发送给 1 个客户端, seq=26108
[Broadcast] 画布 canvas-2c4267c4daf5: 已发送给 1 个客户端, seq=undefined
[Broadcast] 画布 canvas-2c4267c4daf5: 已发送给 1 个客户端, seq=undefined
[Broadcast] 画布 canvas-2c4267c4daf5: 已发送给 1 个客户端, seq=undefined
[Broadcast] 画布 canvas-2c4267c4daf5: 已发送给 1 个客户端, seq=undefined
[Broadcast] 画布 canvas-2c4267c4daf5: 已发送给 1 个客户端, seq=undefined
[消息] userId=test03, canvas=canvas-2c4267c4daf5, action=stroke, id=dd05b0a8-c57a-4fa4-a6ed-db5f07f636d6, points=2
[Broadcast] 画布 canvas-2c4267c4daf5: 已发送给 1 个客户端, seq=26109
[Broadcast] 画布 canvas-2c4267c4daf5: 已发送给 1 个客户端, seq=undefined
[Broadcast] 画布 canvas-2c4267c4daf5: 已发送给 1 个客户端, seq=undefined
[Broadcast] 画布 canvas-2c4267c4daf5: 已发送给 1 个客户端, seq=undefined
[Kafka] 批量保存完成: count=3, excluded=0, reason=schedule
[消息] userId=test03, canvas=canvas-2c4267c4daf5, action=stroke, id=23d09a54-901f-4093-8bb0-0ae17f85a67c, points=1
[Broadcast] 画布 canvas-2c4267c4daf5: 已发送给 1 个客户端, seq=26110
[Broadcast] 画布 canvas-2c4267c4daf5: 已发送给 1 个客户端, seq=undefined
[Broadcast] 画布 canvas-2c4267c4daf5: 已发送给 1 个客户端, seq=undefined
[消息] userId=test03, canvas=canvas-2c4267c4daf5, action=presence, id=undefined, points=0
[Broadcast] 画布 canvas-2c4267c4daf5: 已发送给 1 个客户端, seq=26111
[Broadcast] 画布 canvas-2c4267c4daf5: 已发送给 1 个客户端, seq=undefined
[消息] userId=test03, canvas=canvas-2c4267c4daf5, action=stroke, id=c7abc4ff-5221-4b94-9179-5ca57038475b, points=2
[Broadcast] 画布 canvas-2c4267c4daf5: 已发送给 1 个客户端, seq=26112
[Broadcast] 画布 canvas-2c4267c4daf5: 已发送给 1 个客户端, seq=undefined
[Broadcast] 画布 canvas-2c4267c4daf5: 已发送给 1 个客户端, seq=undefined
[Broadcast] 画布 canvas-2c4267c4daf5: 已发送给 1 个客户端, seq=undefined
[Broadcast] 画布 canvas-2c4267c4daf5: 已发送给 1 个客户端, seq=undefined
[Broadcast] 画布 canvas-2c4267c4daf5: 已发送给 1 个客户端, seq=undefined
[Broadcast] 画布 canvas-2c4267c4daf5: 已发送给 1 个客户端, seq=undefined
[Broadcast] 画布 canvas-2c4267c4daf5: 已发送给 1 个客户端, seq=undefined
[Broadcast] 画布 canvas-2c4267c4daf5: 已发送给 1 个客户端, seq=undefined
[Broadcast] 画布 canvas-2c4267c4daf5: 已发送给 1 个客户端, seq=undefined
[Broadcast] 画布 canvas-2c4267c4daf5: 已发送给 1 个客户端, seq=undefined
[Broadcast] 画布 canvas-2c4267c4daf5: 已发送给 1 个客户端, seq=undefined
[Kafka] 批量保存完成: count=3, excluded=0, reason=schedule
[Broadcast] 画布 canvas-2c4267c4daf5: 已发送给 1 个客户端, seq=undefined
[Broadcast] 画布 canvas-2c4267c4daf5: 已发送给 1 个客户端, seq=undefined
[Broadcast] 画布 canvas-2c4267c4daf5: 已发送给 1 个客户端, seq=undefined
[Broadcast] 画布 canvas-2c4267c4daf5: 已发送给 1 个客户端, seq=undefined
[Broadcast] 画布 canvas-2c4267c4daf5: 已发送给 1 个客户端, seq=undefined
[Broadcast] 画布 canvas-2c4267c4daf5: 已发送给 1 个客户端, seq=undefined
[Broadcast] 画布 canvas-2c4267c4daf5: 已发送给 1 个客户端, seq=undefined
[Broadcast] 画布 canvas-2c4267c4daf5: 已发送给 1 个客户端, seq=undefined
[Broadcast] 画布 canvas-2c4267c4daf5: 已发送给 1 个客户端, seq=undefined
[Broadcast] 画布 canvas-2c4267c4daf5: 已发送给 1 个客户端, seq=undefined
[Broadcast] 画布 canvas-2c4267c4daf5: 已发送给 1 个客户端, seq=undefined
[Broadcast] 画布 canvas-2c4267c4daf5: 已发送给 1 个客户端, seq=undefined
[Broadcast] 画布 canvas-2c4267c4daf5: 已发送给 1 个客户端, seq=undefined
[Broadcast] 画布 canvas-2c4267c4daf5: 已发送给 1 个客户端, seq=undefined
[Broadcast] 画布 canvas-2c4267c4daf5: 已发送给 1 个客户端, seq=undefined
[Broadcast] 画布 canvas-2c4267c4daf5: 已发送给 1 个客户端, seq=undefined
[Broadcast] 画布 canvas-2c4267c4daf5: 已发送给 1 个客户端, seq=undefined
[Broadcast] 画布 canvas-2c4267c4daf5: 已发送给 1 个客户端, seq=undefined
[Broadcast] 画布 canvas-2c4267c4daf5: 已发送给 1 个客户端, seq=undefined
[Broadcast] 画布 canvas-2c4267c4daf5: 已发送给 1 个客户端, seq=undefined
[Broadcast] 画布 canvas-2c4267c4daf5: 已发送给 1 个客户端, seq=undefined
[Broadcast] 画布 canvas-2c4267c4daf5: 已发送给 1 个客户端, seq=undefined
[Broadcast] 画布 canvas-2c4267c4daf5: 已发送给 1 个客户端, seq=undefined
[Broadcast] 画布 canvas-2c4267c4daf5: 已发送给 1 个客户端, seq=undefined
[Broadcast] 画布 canvas-2c4267c4daf5: 已发送给 1 个客户端, seq=undefined
[Broadcast] 画布 canvas-2c4267c4daf5: 已发送给 1 个客户端, seq=undefined
[消息] userId=test03, canvas=canvas-2c4267c4daf5, action=stroke, id=2ca8b5dd-5843-477d-aca8-6d356d849a79, points=3
[Broadcast] 画布 canvas-2c4267c4daf5: 已发送给 1 个客户端, seq=26113
[Broadcast] 画布 canvas-2c4267c4daf5: 已发送给 1 个客户端, seq=undefined
[Kafka] 批量保存完成: count=1, excluded=0, reason=schedule
[Broadcast] 画布 canvas-2c4267c4daf5: 已发送给 1 个客户端, seq=undefined
[Broadcast] 画布 canvas-2c4267c4daf5: 已发送给 1 个客户端, seq=undefined
[Broadcast] 画布 canvas-2c4267c4daf5: 已发送给 1 个客户端, seq=undefined
[Broadcast] 画布 canvas-2c4267c4daf5: 已发送给 1 个客户端, seq=undefined
[Broadcast] 画布 canvas-2c4267c4daf5: 已发送给 1 个客户端, seq=undefined
[消息] userId=test03, canvas=canvas-2c4267c4daf5, action=stroke, id=30a77141-34f0-44d6-a825-5933f85a5ddb, points=1
[Broadcast] 画布 canvas-2c4267c4daf5: 已发送给 1 个客户端, seq=26114
[Broadcast] 画布 canvas-2c4267c4daf5: 已发送给 1 个客户端, seq=undefined
[Broadcast] 画布 canvas-2c4267c4daf5: 已发送给 1 个客户端, seq=undefined
[Broadcast] 画布 canvas-2c4267c4daf5: 已发送给 1 个客户端, seq=undefined
[Broadcast] 画布 canvas-2c4267c4daf5: 已发送给 1 个客户端, seq=undefined
[Broadcast] 画布 canvas-2c4267c4daf5: 已发送给 1 个客户端, seq=undefined
[Kafka] 批量保存完成: count=1, excluded=0, reason=schedule
[Broadcast] 画布 canvas-2c4267c4daf5: 已发送给 1 个客户端, seq=undefined
[Broadcast] 画布 canvas-2c4267c4daf5: 已发送给 1 个客户端, seq=undefined
[Broadcast] 画布 canvas-2c4267c4daf5: 已发送给 1 个客户端, seq=undefined
[Broadcast] 画布 canvas-2c4267c4daf5: 已发送给 1 个客户端, seq=undefined
[Broadcast] 画布 canvas-2c4267c4daf5: 已发送给 1 个客户端, seq=undefined
[Broadcast] 画布 canvas-2c4267c4daf5: 已发送给 1 个客户端, seq=undefined
[Broadcast] 画布 canvas-2c4267c4daf5: 已发送给 1 个客户端, seq=undefined
[Broadcast] 画布 canvas-2c4267c4daf5: 已发送给 1 个客户端, seq=undefined
[消息] userId=test03, canvas=canvas-2c4267c4daf5, action=stroke, id=c8d784cd-341b-45e1-80dd-a1778e46ba65, points=3
[Broadcast] 画布 canvas-2c4267c4daf5: 已发送给 1 个客户端, seq=26115
[Broadcast] 画布 canvas-2c4267c4daf5: 已发送给 1 个客户端, seq=undefined
[Broadcast] 画布 canvas-2c4267c4daf5: 已发送给 1 个客户端, seq=undefined
[Broadcast] 画布 canvas-2c4267c4daf5: 已发送给 1 个客户端, seq=undefined
[Kafka] 批量保存完成: count=1, excluded=0, reason=schedule
[Broadcast] 画布 canvas-2c4267c4daf5: 已发送给 1 个客户端, seq=undefined
[Broadcast] 画布 canvas-2c4267c4daf5: 已发送给 1 个客户端, seq=undefined
[消息] userId=test03, canvas=canvas-2c4267c4daf5, action=presence, id=undefined, points=0
[Broadcast] 画布 canvas-2c4267c4daf5: 已发送给 1 个客户端, seq=26116
[Broadcast] 画布 canvas-2c4267c4daf5: 已发送给 1 个客户端, seq=undefined
[Broadcast] 画布 canvas-2c4267c4daf5: 已发送给 1 个客户端, seq=undefined
[消息] userId=test03, canvas=canvas-2c4267c4daf5, action=stroke, id=9d8ede06-938f-4439-8652-b0ee0aa11822, points=2
[Broadcast] 画布 canvas-2c4267c4daf5: 已发送给 1 个客户端, seq=26117
[Broadcast] 画布 canvas-2c4267c4daf5: 已发送给 1 个客户端, seq=undefined
[Broadcast] 画布 canvas-2c4267c4daf5: 已发送给 1 个客户端, seq=undefined
[Broadcast] 画布 canvas-2c4267c4daf5: 已发送给 1 个客户端, seq=undefined
[Broadcast] 画布 canvas-2c4267c4daf5: 已发送给 1 个客户端, seq=undefined
[Broadcast] 画布 canvas-2c4267c4daf5: 已发送给 1 个客户端, seq=undefined
[Broadcast] 画布 canvas-2c4267c4daf5: 已发送给 1 个客户端, seq=undefined
[Broadcast] 画布 canvas-2c4267c4daf5: 已发送给 1 个客户端, seq=undefined
[Kafka] 批量保存完成: count=2, excluded=0, reason=schedule
[Broadcast] 画布 canvas-2c4267c4daf5: 已发送给 1 个客户端, seq=undefined
[Broadcast] 画布 canvas-2c4267c4daf5: 已发送给 1 个客户端, seq=undefined
[Broadcast] 画布 canvas-2c4267c4daf5: 已发送给 1 个客户端, seq=undefined
[Broadcast] 画布 canvas-2c4267c4daf5: 已发送给 1 个客户端, seq=undefined
[Broadcast] 画布 canvas-2c4267c4daf5: 已发送给 1 个客户端, seq=undefined
[Broadcast] 画布 canvas-2c4267c4daf5: 已发送给 1 个客户端, seq=undefined
[Broadcast] 画布 canvas-2c4267c4daf5: 已发送给 1 个客户端, seq=undefined
[Broadcast] 画布 canvas-2c4267c4daf5: 已发送给 1 个客户端, seq=undefined
[Broadcast] 画布 canvas-2c4267c4daf5: 已发送给 1 个客户端, seq=undefined
[Broadcast] 画布 canvas-2c4267c4daf5: 已发送给 1 个客户端, seq=undefined
[Broadcast] 画布 canvas-2c4267c4daf5: 已发送给 1 个客户端, seq=undefined
[Broadcast] 画布 canvas-2c4267c4daf5: 已发送给 1 个客户端, seq=undefined
[Broadcast] 画布 canvas-2c4267c4daf5: 已发送给 1 个客户端, seq=undefined
[Broadcast] 画布 canvas-2c4267c4daf5: 已发送给 1 个客户端, seq=undefined
[Broadcast] 画布 canvas-2c4267c4daf5: 已发送给 1 个客户端, seq=undefined
[Broadcast] 画布 canvas-2c4267c4daf5: 已发送给 1 个客户端, seq=undefined
[Broadcast] 画布 canvas-2c4267c4daf5: 已发送给 1 个客户端, seq=undefined
[Broadcast] 画布 canvas-2c4267c4daf5: 已发送给 1 个客户端, seq=undefined
[Broadcast] 画布 canvas-2c4267c4daf5: 已发送给 1 个客户端, seq=undefined
[Broadcast] 画布 canvas-2c4267c4daf5: 已发送给 1 个客户端, seq=undefined
[Broadcast] 画布 canvas-2c4267c4daf5: 已发送给 1 个客户端, seq=undefined
[Broadcast] 画布 canvas-2c4267c4daf5: 已发送给 1 个客户端, seq=undefined
[Broadcast] 画布 canvas-2c4267c4daf5: 已发送给 1 个客户端, seq=undefined
[Broadcast] 画布 canvas-2c4267c4daf5: 已发送给 1 个客户端, seq=undefined
[Broadcast] 画布 canvas-2c4267c4daf5: 已发送给 1 个客户端, seq=undefined
[Broadcast] 画布 canvas-2c4267c4daf5: 已发送给 1 个客户端, seq=undefined
[Broadcast] 画布 canvas-2c4267c4daf5: 已发送给 1 个客户端, seq=undefined
[消息] userId=test03, canvas=canvas-2c4267c4daf5, action=stroke, id=421b759b-5696-4c50-9044-489ab8826acb, points=3
[Broadcast] 画布 canvas-2c4267c4daf5: 已发送给 1 个客户端, seq=26118
[Broadcast] 画布 canvas-2c4267c4daf5: 已发送给 1 个客户端, seq=undefined
[Broadcast] 画布 canvas-2c4267c4daf5: 已发送给 1 个客户端, seq=undefined
[Broadcast] 画布 canvas-2c4267c4daf5: 已发送给 1 个客户端, seq=undefined
[Kafka] 批量保存完成: count=1, excluded=0, reason=schedule
[Broadcast] 画布 canvas-2c4267c4daf5: 已发送给 1 个客户端, seq=undefined
[Broadcast] 画布 canvas-2c4267c4daf5: 已发送给 1 个客户端, seq=undefined
[Broadcast] 画布 canvas-2c4267c4daf5: 已发送给 1 个客户端, seq=undefined
[Broadcast] 画布 canvas-2c4267c4daf5: 已发送给 1 个客户端, seq=undefined
[Broadcast] 画布 canvas-2c4267c4daf5: 已发送给 1 个客户端, seq=undefined
[Broadcast] 画布 canvas-2c4267c4daf5: 已发送给 1 个客户端, seq=undefined
[Broadcast] 画布 canvas-2c4267c4daf5: 已发送给 1 个客户端, seq=undefined
[Broadcast] 画布 canvas-2c4267c4daf5: 已发送给 1 个客户端, seq=undefined
[Broadcast] 画布 canvas-2c4267c4daf5: 已发送给 1 个客户端, seq=undefined
[Broadcast] 画布 canvas-2c4267c4daf5: 已发送给 1 个客户端, seq=undefined
[Broadcast] 画布 canvas-2c4267c4daf5: 已发送给 1 个客户端, seq=undefined
[消息] userId=test03, canvas=canvas-2c4267c4daf5, action=stroke, id=fa696c16-4a84-47ac-b8a1-205ec676898c, points=2
[Broadcast] 画布 canvas-2c4267c4daf5: 已发送给 1 个客户端, seq=26119
[Broadcast] 画布 canvas-2c4267c4daf5: 已发送给 1 个客户端, seq=undefined
[Broadcast] 画布 canvas-2c4267c4daf5: 已发送给 1 个客户端, seq=undefined
[Broadcast] 画布 canvas-2c4267c4daf5: 已发送给 1 个客户端, seq=undefined
[Broadcast] 画布 canvas-2c4267c4daf5: 已发送给 1 个客户端, seq=undefined
[Broadcast] 画布 canvas-2c4267c4daf5: 已发送给 1 个客户端, seq=undefined
[Broadcast] 画布 canvas-2c4267c4daf5: 已发送给 1 个客户端, seq=undefined
[Broadcast] 画布 canvas-2c4267c4daf5: 已发送给 1 个客户端, seq=undefined
[消息] userId=test03, canvas=canvas-2c4267c4daf5, action=stroke, id=204cc406-6bb1-4dd0-85c9-d3489273647c, points=2
[Broadcast] 画布 canvas-2c4267c4daf5: 已发送给 1 个客户端, seq=26120
[Broadcast] 画布 canvas-2c4267c4daf5: 已发送给 1 个客户端, seq=undefined
[Broadcast] 画布 canvas-2c4267c4daf5: 已发送给 1 个客户端, seq=undefined
[Broadcast] 画布 canvas-2c4267c4daf5: 已发送给 1 个客户端, seq=undefined
[Broadcast] 画布 canvas-2c4267c4daf5: 已发送给 1 个客户端, seq=undefined
[Broadcast] 画布 canvas-2c4267c4daf5: 已发送给 1 个客户端, seq=undefined
[Kafka] 批量保存完成: count=2, excluded=0, reason=schedule
[Broadcast] 画布 canvas-2c4267c4daf5: 已发送给 1 个客户端, seq=undefined
[Broadcast] 画布 canvas-2c4267c4daf5: 已发送给 1 个客户端, seq=undefined
[消息] userId=test03, canvas=canvas-2c4267c4daf5, action=presence, id=undefined, points=0
[Broadcast] 画布 canvas-2c4267c4daf5: 已发送给 1 个客户端, seq=26121
[Broadcast] 画布 canvas-2c4267c4daf5: 已发送给 1 个客户端, seq=undefined
[Broadcast] 画布 canvas-2c4267c4daf5: 已发送给 1 个客户端, seq=undefined
[消息] userId=test03, canvas=canvas-2c4267c4daf5, action=stroke, id=7709e828-9232-4259-8276-5f175724596d, points=5
[Broadcast] 画布 canvas-2c4267c4daf5: 已发送给 1 个客户端, seq=undefined
[Broadcast] 画布 canvas-2c4267c4daf5: 已发送给 1 个客户端, seq=26122
[Broadcast] 画布 canvas-2c4267c4daf5: 已发送给 1 个客户端, seq=undefined
[Broadcast] 画布 canvas-2c4267c4daf5: 已发送给 1 个客户端, seq=undefined
[Broadcast] 画布 canvas-2c4267c4daf5: 已发送给 1 个客户端, seq=undefined
[Broadcast] 画布 canvas-2c4267c4daf5: 已发送给 1 个客户端, seq=undefined
[Broadcast] 画布 canvas-2c4267c4daf5: 已发送给 1 个客户端, seq=undefined
[Broadcast] 画布 canvas-2c4267c4daf5: 已发送给 1 个客户端, seq=undefined
[Broadcast] 画布 canvas-2c4267c4daf5: 已发送给 1 个客户端, seq=undefined
[Broadcast] 画布 canvas-2c4267c4daf5: 已发送给 1 个客户端, seq=undefined
[Broadcast] 画布 canvas-2c4267c4daf5: 已发送给 1 个客户端, seq=undefined
[Kafka] 批量保存完成: count=2, excluded=0, reason=schedule
[消息] userId=test03, canvas=canvas-2c4267c4daf5, action=stroke, id=d36068aa-c42d-4a11-b8af-d91a21a8bf76, points=2
[Broadcast] 画布 canvas-2c4267c4daf5: 已发送给 1 个客户端, seq=26123
[Broadcast] 画布 canvas-2c4267c4daf5: 已发送给 1 个客户端, seq=undefined
[Broadcast] 画布 canvas-2c4267c4daf5: 已发送给 1 个客户端, seq=undefined
[Broadcast] 画布 canvas-2c4267c4daf5: 已发送给 1 个客户端, seq=undefined
[Broadcast] 画布 canvas-2c4267c4daf5: 已发送给 1 个客户端, seq=undefined
[Broadcast] 画布 canvas-2c4267c4daf5: 已发送给 1 个客户端, seq=undefined
[Broadcast] 画布 canvas-2c4267c4daf5: 已发送给 1 个客户端, seq=undefined
[Broadcast] 画布 canvas-2c4267c4daf5: 已发送给 1 个客户端, seq=undefined
[Broadcast] 画布 canvas-2c4267c4daf5: 已发送给 1 个客户端, seq=undefined
[Broadcast] 画布 canvas-2c4267c4daf5: 已发送给 1 个客户端, seq=undefined
[消息] userId=test03, canvas=canvas-2c4267c4daf5, action=stroke, id=5d6a1453-36c6-42b1-a16f-e3f8a54f3eb9, points=1
[Broadcast] 画布 canvas-2c4267c4daf5: 已发送给 1 个客户端, seq=26124
[Broadcast] 画布 canvas-2c4267c4daf5: 已发送给 1 个客户端, seq=undefined
[Broadcast] 画布 canvas-2c4267c4daf5: 已发送给 1 个客户端, seq=undefined
[Kafka] 批量保存完成: count=2, excluded=0, reason=schedule
[Broadcast] 画布 canvas-2c4267c4daf5: 已发送给 1 个客户端, seq=undefined
[Broadcast] 画布 canvas-2c4267c4daf5: 已发送给 1 个客户端, seq=undefined
[Broadcast] 画布 canvas-2c4267c4daf5: 已发送给 1 个客户端, seq=undefined
[Broadcast] 画布 canvas-2c4267c4daf5: 已发送给 1 个客户端, seq=undefined
[Broadcast] 画布 canvas-2c4267c4daf5: 已发送给 1 个客户端, seq=undefined
[Broadcast] 画布 canvas-2c4267c4daf5: 已发送给 1 个客户端, seq=undefined
[Broadcast] 画布 canvas-2c4267c4daf5: 已发送给 1 个客户端, seq=undefined
[Broadcast] 画布 canvas-2c4267c4daf5: 已发送给 1 个客户端, seq=undefined
[Broadcast] 画布 canvas-2c4267c4daf5: 已发送给 1 个客户端, seq=undefined
[Broadcast] 画布 canvas-2c4267c4daf5: 已发送给 1 个客户端, seq=undefined
[Broadcast] 画布 canvas-2c4267c4daf5: 已发送给 1 个客户端, seq=undefined
[Broadcast] 画布 canvas-2c4267c4daf5: 已发送给 1 个客户端, seq=undefined
[Broadcast] 画布 canvas-2c4267c4daf5: 已发送给 1 个客户端, seq=undefined
[Broadcast] 画布 canvas-2c4267c4daf5: 已发送给 1 个客户端, seq=undefined
[Broadcast] 画布 canvas-2c4267c4daf5: 已发送给 1 个客户端, seq=undefined
[Broadcast] 画布 canvas-2c4267c4daf5: 已发送给 1 个客户端, seq=undefined
[Broadcast] 画布 canvas-2c4267c4daf5: 已发送给 1 个客户端, seq=undefined
[Broadcast] 画布 canvas-2c4267c4daf5: 已发送给 1 个客户端, seq=undefined
[Broadcast] 画布 canvas-2c4267c4daf5: 已发送给 1 个客户端, seq=undefined
[消息] userId=test03, canvas=canvas-2c4267c4daf5, action=stroke, id=74cb34ff-f42a-425d-a083-6a4e9104695a, points=6
[Broadcast] 画布 canvas-2c4267c4daf5: 已发送给 1 个客户端, seq=26125
[Snapshot] 画布 canvas-2c4267c4daf5 生成快照，sequence_id=26124，笔画数=135，SVG大小=40321字节
[Broadcast] 画布 canvas-2c4267c4daf5: 已发送给 1 个客户端, seq=undefined
[Broadcast] 画布 canvas-2c4267c4daf5: 已发送给 1 个客户端, seq=undefined
[Broadcast] 画布 canvas-2c4267c4daf5: 已发送给 1 个客户端, seq=undefined
[Broadcast] 画布 canvas-2c4267c4daf5: 已发送给 1 个客户端, seq=undefined
[Broadcast] 画布 canvas-2c4267c4daf5: 已发送给 1 个客户端, seq=undefined
[Broadcast] 画布 canvas-2c4267c4daf5: 已发送给 1 个客户端, seq=undefined
[Broadcast] 画布 canvas-2c4267c4daf5: 已发送给 1 个客户端, seq=undefined
[Kafka] 批量保存完成: count=1, excluded=0, reason=schedule
[Broadcast] 画布 canvas-2c4267c4daf5: 已发送给 1 个客户端, seq=undefined
[Broadcast] 画布 canvas-2c4267c4daf5: 已发送给 1 个客户端, seq=undefined
[Broadcast] 画布 canvas-2c4267c4daf5: 已发送给 1 个客户端, seq=undefined
[Broadcast] 画布 canvas-2c4267c4daf5: 已发送给 1 个客户端, seq=undefined
[消息] userId=test03, canvas=canvas-2c4267c4daf5, action=stroke, id=43788275-65ef-44df-9f94-d7b539fa2fc0, points=3
[Broadcast] 画布 canvas-2c4267c4daf5: 已发送给 1 个客户端, seq=26126
[Broadcast] 画布 canvas-2c4267c4daf5: 已发送给 1 个客户端, seq=undefined
[Broadcast] 画布 canvas-2c4267c4daf5: 已发送给 1 个客户端, seq=undefined
[Broadcast] 画布 canvas-2c4267c4daf5: 已发送给 1 个客户端, seq=undefined
[Broadcast] 画布 canvas-2c4267c4daf5: 已发送给 1 个客户端, seq=undefined
[Broadcast] 画布 canvas-2c4267c4daf5: 已发送给 1 个客户端, seq=undefined
[Broadcast] 画布 canvas-2c4267c4daf5: 已发送给 1 个客户端, seq=undefined
[Broadcast] 画布 canvas-2c4267c4daf5: 已发送给 1 个客户端, seq=undefined
[Broadcast] 画布 canvas-2c4267c4daf5: 已发送给 1 个客户端, seq=undefined
[Broadcast] 画布 canvas-2c4267c4daf5: 已发送给 1 个客户端, seq=undefined
[Broadcast] 画布 canvas-2c4267c4daf5: 已发送给 1 个客户端, seq=undefined
[Broadcast] 画布 canvas-2c4267c4daf5: 已发送给 1 个客户端, seq=undefined
[Kafka] 批量保存完成: count=1, excluded=0, reason=schedule
[Broadcast] 画布 canvas-2c4267c4daf5: 已发送给 1 个客户端, seq=undefined
[消息] userId=test03, canvas=canvas-2c4267c4daf5, action=presence, id=undefined, points=0
[Broadcast] 画布 canvas-2c4267c4daf5: 已发送给 1 个客户端, seq=26127
[Broadcast] 画布 canvas-2c4267c4daf5: 已发送给 1 个客户端, seq=undefined
[Broadcast] 画布 canvas-2c4267c4daf5: 已发送给 1 个客户端, seq=undefined
[Broadcast] 画布 canvas-2c4267c4daf5: 已发送给 1 个客户端, seq=undefined
[Broadcast] 画布 canvas-2c4267c4daf5: 已发送给 1 个客户端, seq=undefined
[Broadcast] 画布 canvas-2c4267c4daf5: 已发送给 1 个客户端, seq=undefined
[Broadcast] 画布 canvas-2c4267c4daf5: 已发送给 1 个客户端, seq=undefined
[Broadcast] 画布 canvas-2c4267c4daf5: 已发送给 1 个客户端, seq=undefined
[消息] userId=test03, canvas=canvas-2c4267c4daf5, action=stroke, id=69f56b9c-0960-4b41-a7c0-028604da8d4a, points=2
[Broadcast] 画布 canvas-2c4267c4daf5: 已发送给 1 个客户端, seq=26128
[Broadcast] 画布 canvas-2c4267c4daf5: 已发送给 1 个客户端, seq=undefined
[Broadcast] 画布 canvas-2c4267c4daf5: 已发送给 1 个客户端, seq=undefined
[Broadcast] 画布 canvas-2c4267c4daf5: 已发送给 1 个客户端, seq=undefined
[Broadcast] 画布 canvas-2c4267c4daf5: 已发送给 1 个客户端, seq=undefined
[Broadcast] 画布 canvas-2c4267c4daf5: 已发送给 1 个客户端, seq=undefined
[Broadcast] 画布 canvas-2c4267c4daf5: 已发送给 1 个客户端, seq=undefined
[Kafka] 批量保存完成: count=2, excluded=0, reason=schedule
[Broadcast] 画布 canvas-2c4267c4daf5: 已发送给 1 个客户端, seq=undefined
[Broadcast] 画布 canvas-2c4267c4daf5: 已发送给 1 个客户端, seq=undefined
[Broadcast] 画布 canvas-2c4267c4daf5: 已发送给 1 个客户端, seq=undefined
[Broadcast] 画布 canvas-2c4267c4daf5: 已发送给 1 个客户端, seq=undefined
[Broadcast] 画布 canvas-2c4267c4daf5: 已发送给 1 个客户端, seq=undefined
[Broadcast] 画布 canvas-2c4267c4daf5: 已发送给 1 个客户端, seq=undefined
[Broadcast] 画布 canvas-2c4267c4daf5: 已发送给 1 个客户端, seq=undefined
[Broadcast] 画布 canvas-2c4267c4daf5: 已发送给 1 个客户端, seq=undefined
[Broadcast] 画布 canvas-2c4267c4daf5: 已发送给 1 个客户端, seq=undefined
[消息] userId=test03, canvas=canvas-2c4267c4daf5, action=stroke, id=fef09077-099b-43d4-948a-f411cbd356ec, points=3
[Broadcast] 画布 canvas-2c4267c4daf5: 已发送给 1 个客户端, seq=26129
[Broadcast] 画布 canvas-2c4267c4daf5: 已发送给 1 个客户端, seq=undefined
[Broadcast] 画布 canvas-2c4267c4daf5: 已发送给 1 个客户端, seq=undefined
[Broadcast] 画布 canvas-2c4267c4daf5: 已发送给 1 个客户端, seq=undefined
[Broadcast] 画布 canvas-2c4267c4daf5: 已发送给 1 个客户端, seq=undefined
[Kafka] 批量保存完成: count=1, excluded=0, reason=schedule
[Broadcast] 画布 canvas-2c4267c4daf5: 已发送给 1 个客户端, seq=undefined
[Broadcast] 画布 canvas-2c4267c4daf5: 已发送给 1 个客户端, seq=undefined
[Broadcast] 画布 canvas-2c4267c4daf5: 已发送给 1 个客户端, seq=undefined
[Broadcast] 画布 canvas-2c4267c4daf5: 已发送给 1 个客户端, seq=undefined
[Broadcast] 画布 canvas-2c4267c4daf5: 已发送给 1 个客户端, seq=undefined
[Broadcast] 画布 canvas-2c4267c4daf5: 已发送给 1 个客户端, seq=undefined
[Broadcast] 画布 canvas-2c4267c4daf5: 已发送给 1 个客户端, seq=undefined
[Broadcast] 画布 canvas-2c4267c4daf5: 已发送给 1 个客户端, seq=undefined
[Broadcast] 画布 canvas-2c4267c4daf5: 已发送给 1 个客户端, seq=undefined
[Broadcast] 画布 canvas-2c4267c4daf5: 已发送给 1 个客户端, seq=undefined
[Broadcast] 画布 canvas-2c4267c4daf5: 已发送给 1 个客户端, seq=undefined
[消息] userId=test03, canvas=canvas-2c4267c4daf5, action=stroke, id=d49064a2-ed77-41fd-ae2b-5b68aa718c3e, points=2
[Broadcast] 画布 canvas-2c4267c4daf5: 已发送给 1 个客户端, seq=undefined
[Broadcast] 画布 canvas-2c4267c4daf5: 已发送给 1 个客户端, seq=26130
[Kafka] 批量保存完成: count=1, excluded=0, reason=schedule
[Broadcast] 画布 canvas-2c4267c4daf5: 已发送给 1 个客户端, seq=undefined
[Broadcast] 画布 canvas-2c4267c4daf5: 已发送给 1 个客户端, seq=undefined
[Broadcast] 画布 canvas-2c4267c4daf5: 已发送给 1 个客户端, seq=undefined
[Broadcast] 画布 canvas-2c4267c4daf5: 已发送给 1 个客户端, seq=undefined
[Broadcast] 画布 canvas-2c4267c4daf5: 已发送给 1 个客户端, seq=undefined
[Broadcast] 画布 canvas-2c4267c4daf5: 已发送给 1 个客户端, seq=undefined
[Broadcast] 画布 canvas-2c4267c4daf5: 已发送给 1 个客户端, seq=undefined
[Broadcast] 画布 canvas-2c4267c4daf5: 已发送给 1 个客户端, seq=undefined
[Broadcast] 画布 canvas-2c4267c4daf5: 已发送给 1 个客户端, seq=undefined
[Broadcast] 画布 canvas-2c4267c4daf5: 已发送给 1 个客户端, seq=undefined
[Broadcast] 画布 canvas-2c4267c4daf5: 已发送给 1 个客户端, seq=undefined
[Broadcast] 画布 canvas-2c4267c4daf5: 已发送给 1 个客户端, seq=undefined
[消息] userId=test03, canvas=canvas-2c4267c4daf5, action=stroke, id=8fe9b7aa-eb05-4b65-b006-17c0cf2e2526, points=5
[Broadcast] 画布 canvas-2c4267c4daf5: 已发送给 1 个客户端, seq=26131
[Kafka] 批量保存完成: count=1, excluded=0, reason=schedule
[Broadcast] 画布 canvas-2c4267c4daf5: 已发送给 1 个客户端, seq=undefined
[Broadcast] 画布 canvas-2c4267c4daf5: 已发送给 1 个客户端, seq=undefined
[Broadcast] 画布 canvas-2c4267c4daf5: 已发送给 1 个客户端, seq=undefined
[Broadcast] 画布 canvas-2c4267c4daf5: 已发送给 1 个客户端, seq=undefined
[Broadcast] 画布 canvas-2c4267c4daf5: 已发送给 1 个客户端, seq=undefined
[消息] userId=test03, canvas=canvas-2c4267c4daf5, action=stroke, id=af926a73-2764-4250-9638-724e3a492f77, points=2
[Broadcast] 画布 canvas-2c4267c4daf5: 已发送给 1 个客户端, seq=26132
[Broadcast] 画布 canvas-2c4267c4daf5: 已发送给 1 个客户端, seq=undefined
[Broadcast] 画布 canvas-2c4267c4daf5: 已发送给 1 个客户端, seq=undefined
[Broadcast] 画布 canvas-2c4267c4daf5: 已发送给 1 个客户端, seq=undefined
[Broadcast] 画布 canvas-2c4267c4daf5: 已发送给 1 个客户端, seq=undefined
[Broadcast] 画布 canvas-2c4267c4daf5: 已发送给 1 个客户端, seq=undefined
[Broadcast] 画布 canvas-2c4267c4daf5: 已发送给 1 个客户端, seq=undefined
[Broadcast] 画布 canvas-2c4267c4daf5: 已发送给 1 个客户端, seq=undefined
[Broadcast] 画布 canvas-2c4267c4daf5: 已发送给 1 个客户端, seq=undefined
[Broadcast] 画布 canvas-2c4267c4daf5: 已发送给 1 个客户端, seq=undefined
[Kafka] 批量保存完成: count=1, excluded=0, reason=schedule
[消息] userId=test03, canvas=canvas-2c4267c4daf5, action=presence, id=undefined, points=0
[Broadcast] 画布 canvas-2c4267c4daf5: 已发送给 1 个客户端, seq=26133
[Broadcast] 画布 canvas-2c4267c4daf5: 已发送给 1 个客户端, seq=undefined
[Broadcast] 画布 canvas-2c4267c4daf5: 已发送给 1 个客户端, seq=undefined
[Broadcast] 画布 canvas-2c4267c4daf5: 已发送给 1 个客户端, seq=undefined
[Kafka] 批量保存完成: count=1, excluded=0, reason=schedule
[Broadcast] 画布 canvas-2c4267c4daf5: 已发送给 1 个客户端, seq=undefined
[Broadcast] 画布 canvas-2c4267c4daf5: 已发送给 1 个客户端, seq=undefined
[Broadcast] 画布 canvas-2c4267c4daf5: 已发送给 1 个客户端, seq=undefined
[Broadcast] 画布 canvas-2c4267c4daf5: 已发送给 1 个客户端, seq=undefined
[Broadcast] 画布 canvas-2c4267c4daf5: 已发送给 1 个客户端, seq=undefined
[Broadcast] 画布 canvas-2c4267c4daf5: 已发送给 1 个客户端, seq=undefined
[Broadcast] 画布 canvas-2c4267c4daf5: 已发送给 1 个客户端, seq=undefined
[Broadcast] 画布 canvas-2c4267c4daf5: 已发送给 1 个客户端, seq=undefined
[Broadcast] 画布 canvas-2c4267c4daf5: 已发送给 1 个客户端, seq=undefined
[消息] userId=test03, canvas=canvas-2c4267c4daf5, action=stroke, id=3910a031-cad7-4137-ada8-8ccbcc03073d, points=3
[Broadcast] 画布 canvas-2c4267c4daf5: 已发送给 1 个客户端, seq=undefined
[Broadcast] 画布 canvas-2c4267c4daf5: 已发送给 1 个客户端, seq=26134
[Broadcast] 画布 canvas-2c4267c4daf5: 已发送给 1 个客户端, seq=undefined
[Broadcast] 画布 canvas-2c4267c4daf5: 已发送给 1 个客户端, seq=undefined
[Broadcast] 画布 canvas-2c4267c4daf5: 已发送给 1 个客户端, seq=undefined
[Broadcast] 画布 canvas-2c4267c4daf5: 已发送给 1 个客户端, seq=undefined
[Broadcast] 画布 canvas-2c4267c4daf5: 已发送给 1 个客户端, seq=undefined
[Broadcast] 画布 canvas-2c4267c4daf5: 已发送给 1 个客户端, seq=undefined
[Broadcast] 画布 canvas-2c4267c4daf5: 已发送给 1 个客户端, seq=undefined
[Broadcast] 画布 canvas-2c4267c4daf5: 已发送给 1 个客户端, seq=undefined
[Broadcast] 画布 canvas-2c4267c4daf5: 已发送给 1 个客户端, seq=undefined
[Broadcast] 画布 canvas-2c4267c4daf5: 已发送给 1 个客户端, seq=undefined
[Broadcast] 画布 canvas-2c4267c4daf5: 已发送给 1 个客户端, seq=undefined
[Broadcast] 画布 canvas-2c4267c4daf5: 已发送给 1 个客户端, seq=undefined
[Broadcast] 画布 canvas-2c4267c4daf5: 已发送给 1 个客户端, seq=undefined
[Broadcast] 画布 canvas-2c4267c4daf5: 已发送给 1 个客户端, seq=undefined
[Kafka] 批量保存完成: count=1, excluded=0, reason=schedule
[Broadcast] 画布 canvas-2c4267c4daf5: 已发送给 1 个客户端, seq=undefined
[Broadcast] 画布 canvas-2c4267c4daf5: 已发送给 1 个客户端, seq=undefined
[Broadcast] 画布 canvas-2c4267c4daf5: 已发送给 1 个客户端, seq=undefined
[Broadcast] 画布 canvas-2c4267c4daf5: 已发送给 1 个客户端, seq=undefined
[Broadcast] 画布 canvas-2c4267c4daf5: 已发送给 1 个客户端, seq=undefined
[消息] userId=test03, canvas=canvas-2c4267c4daf5, action=stroke, id=8f6acda2-66dd-447a-8420-3c07e66cb608, points=6
[Broadcast] 画布 canvas-2c4267c4daf5: 已发送给 1 个客户端, seq=26135
[Broadcast] 画布 canvas-2c4267c4daf5: 已发送给 1 个客户端, seq=undefined
[Broadcast] 画布 canvas-2c4267c4daf5: 已发送给 1 个客户端, seq=undefined
[Broadcast] 画布 canvas-2c4267c4daf5: 已发送给 1 个客户端, seq=undefined
[Broadcast] 画布 canvas-2c4267c4daf5: 已发送给 1 个客户端, seq=undefined
[消息] userId=test03, canvas=canvas-2c4267c4daf5, action=stroke, id=30be1a75-1e31-4a96-9f29-3658bf61b1fc, points=2
[Broadcast] 画布 canvas-2c4267c4daf5: 已发送给 1 个客户端, seq=26136
[Broadcast] 画布 canvas-2c4267c4daf5: 已发送给 1 个客户端, seq=undefined
[Broadcast] 画布 canvas-2c4267c4daf5: 已发送给 1 个客户端, seq=undefined
[Kafka] 批量保存完成: count=2, excluded=0, reason=schedule
[Broadcast] 画布 canvas-2c4267c4daf5: 已发送给 1 个客户端, seq=undefined
[Broadcast] 画布 canvas-2c4267c4daf5: 已发送给 1 个客户端, seq=undefined
[Broadcast] 画布 canvas-2c4267c4daf5: 已发送给 1 个客户端, seq=undefined
[Broadcast] 画布 canvas-2c4267c4daf5: 已发送给 1 个客户端, seq=undefined
[Broadcast] 画布 canvas-2c4267c4daf5: 已发送给 1 个客户端, seq=undefined
[Broadcast] 画布 canvas-2c4267c4daf5: 已发送给 1 个客户端, seq=undefined
[Broadcast] 画布 canvas-2c4267c4daf5: 已发送给 1 个客户端, seq=undefined
[Broadcast] 画布 canvas-2c4267c4daf5: 已发送给 1 个客户端, seq=undefined
[Broadcast] 画布 canvas-2c4267c4daf5: 已发送给 1 个客户端, seq=undefined
[Broadcast] 画布 canvas-2c4267c4daf5: 已发送给 1 个客户端, seq=undefined
[Broadcast] 画布 canvas-2c4267c4daf5: 已发送给 1 个客户端, seq=undefined
[Broadcast] 画布 canvas-2c4267c4daf5: 已发送给 1 个客户端, seq=undefined
[消息] userId=test03, canvas=canvas-2c4267c4daf5, action=presence, id=undefined, points=0
[Broadcast] 画布 canvas-2c4267c4daf5: 已发送给 1 个客户端, seq=26137
[消息] userId=test03, canvas=canvas-2c4267c4daf5, action=stroke, id=1da1b917-76da-4b8e-982f-c2b529992aeb, points=3
[Broadcast] 画布 canvas-2c4267c4daf5: 已发送给 1 个客户端, seq=26138
[Broadcast] 画布 canvas-2c4267c4daf5: 已发送给 1 个客户端, seq=undefined
[Broadcast] 画布 canvas-2c4267c4daf5: 已发送给 1 个客户端, seq=undefined
[Broadcast] 画布 canvas-2c4267c4daf5: 已发送给 1 个客户端, seq=undefined
[Broadcast] 画布 canvas-2c4267c4daf5: 已发送给 1 个客户端, seq=undefined
[Broadcast] 画布 canvas-2c4267c4daf5: 已发送给 1 个客户端, seq=undefined
[Broadcast] 画布 canvas-2c4267c4daf5: 已发送给 1 个客户端, seq=undefined
[Broadcast] 画布 canvas-2c4267c4daf5: 已发送给 1 个客户端, seq=undefined
[Broadcast] 画布 canvas-2c4267c4daf5: 已发送给 1 个客户端, seq=undefined
[Broadcast] 画布 canvas-2c4267c4daf5: 已发送给 1 个客户端, seq=undefined
[Broadcast] 画布 canvas-2c4267c4daf5: 已发送给 1 个客户端, seq=undefined
[Broadcast] 画布 canvas-2c4267c4daf5: 已发送给 1 个客户端, seq=undefined
[Broadcast] 画布 canvas-2c4267c4daf5: 已发送给 1 个客户端, seq=undefined
[Broadcast] 画布 canvas-2c4267c4daf5: 已发送给 1 个客户端, seq=undefined
[Broadcast] 画布 canvas-2c4267c4daf5: 已发送给 1 个客户端, seq=undefined
[Broadcast] 画布 canvas-2c4267c4daf5: 已发送给 1 个客户端, seq=undefined
[消息] userId=test03, canvas=canvas-2c4267c4daf5, action=stroke, id=68932c86-e6f0-481d-8d82-2bedcffc4702, points=5
[Broadcast] 画布 canvas-2c4267c4daf5: 已发送给 1 个客户端, seq=26139
[Broadcast] 画布 canvas-2c4267c4daf5: 已发送给 1 个客户端, seq=undefined
[Kafka] 批量保存完成: count=3, excluded=0, reason=schedule
[Broadcast] 画布 canvas-2c4267c4daf5: 已发送给 1 个客户端, seq=undefined
[Broadcast] 画布 canvas-2c4267c4daf5: 已发送给 1 个客户端, seq=undefined
[Broadcast] 画布 canvas-2c4267c4daf5: 已发送给 1 个客户端, seq=undefined
[Broadcast] 画布 canvas-2c4267c4daf5: 已发送给 1 个客户端, seq=undefined
[Broadcast] 画布 canvas-2c4267c4daf5: 已发送给 1 个客户端, seq=undefined
[Broadcast] 画布 canvas-2c4267c4daf5: 已发送给 1 个客户端, seq=undefined
[Broadcast] 画布 canvas-2c4267c4daf5: 已发送给 1 个客户端, seq=undefined
[Broadcast] 画布 canvas-2c4267c4daf5: 已发送给 1 个客户端, seq=undefined
[Broadcast] 画布 canvas-2c4267c4daf5: 已发送给 1 个客户端, seq=undefined
[Broadcast] 画布 canvas-2c4267c4daf5: 已发送给 1 个客户端, seq=undefined
[Broadcast] 画布 canvas-2c4267c4daf5: 已发送给 1 个客户端, seq=undefined
[Broadcast] 画布 canvas-2c4267c4daf5: 已发送给 1 个客户端, seq=undefined
[Broadcast] 画布 canvas-2c4267c4daf5: 已发送给 1 个客户端, seq=undefined
[Broadcast] 画布 canvas-2c4267c4daf5: 已发送给 1 个客户端, seq=undefined
[Broadcast] 画布 canvas-2c4267c4daf5: 已发送给 1 个客户端, seq=undefined
[Broadcast] 画布 canvas-2c4267c4daf5: 已发送给 1 个客户端, seq=undefined
[Broadcast] 画布 canvas-2c4267c4daf5: 已发送给 1 个客户端, seq=undefined
[消息] userId=test03, canvas=canvas-2c4267c4daf5, action=stroke, id=5614633c-be83-4d61-8860-6481167b9a4d, points=6
[Broadcast] 画布 canvas-2c4267c4daf5: 已发送给 1 个客户端, seq=undefined
[Broadcast] 画布 canvas-2c4267c4daf5: 已发送给 1 个客户端, seq=26140
[Broadcast] 画布 canvas-2c4267c4daf5: 已发送给 1 个客户端, seq=undefined
[Broadcast] 画布 canvas-2c4267c4daf5: 已发送给 1 个客户端, seq=undefined
[Broadcast] 画布 canvas-2c4267c4daf5: 已发送给 1 个客户端, seq=undefined
[Broadcast] 画布 canvas-2c4267c4daf5: 已发送给 1 个客户端, seq=undefined
[Kafka] 批量保存完成: count=1, excluded=0, reason=schedule
[Broadcast] 画布 canvas-2c4267c4daf5: 已发送给 1 个客户端, seq=undefined
[消息] userId=test03, canvas=canvas-2c4267c4daf5, action=stroke, id=1f155db3-3329-4f50-b452-ecb8619a3e48, points=2
[Broadcast] 画布 canvas-2c4267c4daf5: 已发送给 1 个客户端, seq=26141
[Broadcast] 画布 canvas-2c4267c4daf5: 已发送给 1 个客户端, seq=undefined
[Broadcast] 画布 canvas-2c4267c4daf5: 已发送给 1 个客户端, seq=undefined
[Broadcast] 画布 canvas-2c4267c4daf5: 已发送给 1 个客户端, seq=undefined
[Broadcast] 画布 canvas-2c4267c4daf5: 已发送给 1 个客户端, seq=undefined
[Broadcast] 画布 canvas-2c4267c4daf5: 已发送给 1 个客户端, seq=undefined
[消息] userId=test03, canvas=canvas-2c4267c4daf5, action=stroke, id=424687e0-760a-4657-b830-c96018f4684f, points=2
[Broadcast] 画布 canvas-2c4267c4daf5: 已发送给 1 个客户端, seq=undefined
[Broadcast] 画布 canvas-2c4267c4daf5: 已发送给 1 个客户端, seq=26142
[Broadcast] 画布 canvas-2c4267c4daf5: 已发送给 1 个客户端, seq=undefined
[Broadcast] 画布 canvas-2c4267c4daf5: 已发送给 1 个客户端, seq=undefined
[Broadcast] 画布 canvas-2c4267c4daf5: 已发送给 1 个客户端, seq=undefined
[Kafka] 批量保存完成: count=2, excluded=0, reason=schedule
[Broadcast] 画布 canvas-2c4267c4daf5: 已发送给 1 个客户端, seq=undefined
[Broadcast] 画布 canvas-2c4267c4daf5: 已发送给 1 个客户端, seq=undefined
[Broadcast] 画布 canvas-2c4267c4daf5: 已发送给 1 个客户端, seq=undefined
[Broadcast] 画布 canvas-2c4267c4daf5: 已发送给 1 个客户端, seq=undefined
[Broadcast] 画布 canvas-2c4267c4daf5: 已发送给 1 个客户端, seq=undefined
[Broadcast] 画布 canvas-2c4267c4daf5: 已发送给 1 个客户端, seq=undefined
[Broadcast] 画布 canvas-2c4267c4daf5: 已发送给 1 个客户端, seq=undefined
[Broadcast] 画布 canvas-2c4267c4daf5: 已发送给 1 个客户端, seq=undefined
[Broadcast] 画布 canvas-2c4267c4daf5: 已发送给 1 个客户端, seq=undefined
[消息] userId=test03, canvas=canvas-2c4267c4daf5, action=stroke, id=7c5b9040-b0eb-4d51-aff7-56b394041577, points=4
[Broadcast] 画布 canvas-2c4267c4daf5: 已发送给 1 个客户端, seq=26143
[Broadcast] 画布 canvas-2c4267c4daf5: 已发送给 1 个客户端, seq=undefined
[Broadcast] 画布 canvas-2c4267c4daf5: 已发送给 1 个客户端, seq=undefined
[消息] userId=test03, canvas=canvas-2c4267c4daf5, action=presence, id=undefined, points=0
[Broadcast] 画布 canvas-2c4267c4daf5: 已发送给 1 个客户端, seq=26144
[Broadcast] 画布 canvas-2c4267c4daf5: 已发送给 1 个客户端, seq=undefined
[Kafka] 批量保存完成: count=2, excluded=0, reason=schedule
[Broadcast] 画布 canvas-2c4267c4daf5: 已发送给 1 个客户端, seq=undefined
[Broadcast] 画布 canvas-2c4267c4daf5: 已发送给 1 个客户端, seq=undefined
[Broadcast] 画布 canvas-2c4267c4daf5: 已发送给 1 个客户端, seq=undefined
[Broadcast] 画布 canvas-2c4267c4daf5: 已发送给 1 个客户端, seq=undefined
[Broadcast] 画布 canvas-2c4267c4daf5: 已发送给 1 个客户端, seq=undefined
[Broadcast] 画布 canvas-2c4267c4daf5: 已发送给 1 个客户端, seq=undefined
[Broadcast] 画布 canvas-2c4267c4daf5: 已发送给 1 个客户端, seq=undefined
[消息] userId=test03, canvas=canvas-2c4267c4daf5, action=stroke, id=9bd8bb4b-bcb6-4601-9e5d-51efd7e7c6d1, points=2
[Broadcast] 画布 canvas-2c4267c4daf5: 已发送给 1 个客户端, seq=26145
[Broadcast] 画布 canvas-2c4267c4daf5: 已发送给 1 个客户端, seq=undefined
[Broadcast] 画布 canvas-2c4267c4daf5: 已发送给 1 个客户端, seq=undefined
[Broadcast] 画布 canvas-2c4267c4daf5: 已发送给 1 个客户端, seq=undefined
[Broadcast] 画布 canvas-2c4267c4daf5: 已发送给 1 个客户端, seq=undefined
[Kafka] 批量保存完成: count=1, excluded=0, reason=schedule
[Broadcast] 画布 canvas-2c4267c4daf5: 已发送给 1 个客户端, seq=undefined
[Broadcast] 画布 canvas-2c4267c4daf5: 已发送给 1 个客户端, seq=undefined
[Broadcast] 画布 canvas-2c4267c4daf5: 已发送给 1 个客户端, seq=undefined
[Broadcast] 画布 canvas-2c4267c4daf5: 已发送给 1 个客户端, seq=undefined
[Broadcast] 画布 canvas-2c4267c4daf5: 已发送给 1 个客户端, seq=undefined
[Broadcast] 画布 canvas-2c4267c4daf5: 已发送给 1 个客户端, seq=undefined
[Broadcast] 画布 canvas-2c4267c4daf5: 已发送给 1 个客户端, seq=undefined
[Broadcast] 画布 canvas-2c4267c4daf5: 已发送给 1 个客户端, seq=undefined
[Broadcast] 画布 canvas-2c4267c4daf5: 已发送给 1 个客户端, seq=undefined
[消息] userId=test03, canvas=canvas-2c4267c4daf5, action=stroke, id=abc1adf4-0296-4cf3-a447-33e5baf9f839, points=3
[Broadcast] 画布 canvas-2c4267c4daf5: 已发送给 1 个客户端, seq=26146
[Broadcast] 画布 canvas-2c4267c4daf5: 已发送给 1 个客户端, seq=undefined
[Broadcast] 画布 canvas-2c4267c4daf5: 已发送给 1 个客户端, seq=undefined
[Broadcast] 画布 canvas-2c4267c4daf5: 已发送给 1 个客户端, seq=undefined
[Broadcast] 画布 canvas-2c4267c4daf5: 已发送给 1 个客户端, seq=undefined
[Broadcast] 画布 canvas-2c4267c4daf5: 已发送给 1 个客户端, seq=undefined
[Broadcast] 画布 canvas-2c4267c4daf5: 已发送给 1 个客户端, seq=undefined
[Kafka] 批量保存完成: count=1, excluded=0, reason=schedule
[Broadcast] 画布 canvas-2c4267c4daf5: 已发送给 1 个客户端, seq=undefined
[Broadcast] 画布 canvas-2c4267c4daf5: 已发送给 1 个客户端, seq=undefined
[Broadcast] 画布 canvas-2c4267c4daf5: 已发送给 1 个客户端, seq=undefined
[Broadcast] 画布 canvas-2c4267c4daf5: 已发送给 1 个客户端, seq=undefined
[Broadcast] 画布 canvas-2c4267c4daf5: 已发送给 1 个客户端, seq=undefined
[Broadcast] 画布 canvas-2c4267c4daf5: 已发送给 1 个客户端, seq=undefined
[Broadcast] 画布 canvas-2c4267c4daf5: 已发送给 1 个客户端, seq=undefined
[Broadcast] 画布 canvas-2c4267c4daf5: 已发送给 1 个客户端, seq=undefined
[Broadcast] 画布 canvas-2c4267c4daf5: 已发送给 1 个客户端, seq=undefined
[Broadcast] 画布 canvas-2c4267c4daf5: 已发送给 1 个客户端, seq=undefined
[Broadcast] 画布 canvas-2c4267c4daf5: 已发送给 1 个客户端, seq=undefined
[Broadcast] 画布 canvas-2c4267c4daf5: 已发送给 1 个客户端, seq=undefined
[Broadcast] 画布 canvas-2c4267c4daf5: 已发送给 1 个客户端, seq=undefined
[消息] userId=test03, canvas=canvas-2c4267c4daf5, action=stroke, id=a9de68da-f15a-4f48-ace5-4a8f0a01412a, points=4
[Broadcast] 画布 canvas-2c4267c4daf5: 已发送给 1 个客户端, seq=undefined
[Broadcast] 画布 canvas-2c4267c4daf5: 已发送给 1 个客户端, seq=26147
[Kafka] 批量保存完成: count=1, excluded=0, reason=schedule
[Broadcast] 画布 canvas-2c4267c4daf5: 已发送给 1 个客户端, seq=undefined
[Broadcast] 画布 canvas-2c4267c4daf5: 已发送给 1 个客户端, seq=undefined
[Broadcast] 画布 canvas-2c4267c4daf5: 已发送给 1 个客户端, seq=undefined
[Broadcast] 画布 canvas-2c4267c4daf5: 已发送给 1 个客户端, seq=undefined
[Broadcast] 画布 canvas-2c4267c4daf5: 已发送给 1 个客户端, seq=undefined
[Broadcast] 画布 canvas-2c4267c4daf5: 已发送给 1 个客户端, seq=undefined
[Broadcast] 画布 canvas-2c4267c4daf5: 已发送给 1 个客户端, seq=undefined
[消息] userId=test03, canvas=canvas-2c4267c4daf5, action=stroke, id=fd0f8ad0-8cc8-4ce9-844d-8357fe7738ae, points=5
[Broadcast] 画布 canvas-2c4267c4daf5: 已发送给 1 个客户端, seq=undefined
[Broadcast] 画布 canvas-2c4267c4daf5: 已发送给 1 个客户端, seq=26148
[Broadcast] 画布 canvas-2c4267c4daf5: 已发送给 1 个客户端, seq=undefined
[Broadcast] 画布 canvas-2c4267c4daf5: 已发送给 1 个客户端, seq=undefined
[Broadcast] 画布 canvas-2c4267c4daf5: 已发送给 1 个客户端, seq=undefined
[Broadcast] 画布 canvas-2c4267c4daf5: 已发送给 1 个客户端, seq=undefined
[Broadcast] 画布 canvas-2c4267c4daf5: 已发送给 1 个客户端, seq=undefined
[Broadcast] 画布 canvas-2c4267c4daf5: 已发送给 1 个客户端, seq=undefined
[Broadcast] 画布 canvas-2c4267c4daf5: 已发送给 1 个客户端, seq=undefined
[Broadcast] 画布 canvas-2c4267c4daf5: 已发送给 1 个客户端, seq=undefined
[Broadcast] 画布 canvas-2c4267c4daf5: 已发送给 1 个客户端, seq=undefined
[Broadcast] 画布 canvas-2c4267c4daf5: 已发送给 1 个客户端, seq=undefined
[Broadcast] 画布 canvas-2c4267c4daf5: 已发送给 1 个客户端, seq=undefined
[Broadcast] 画布 canvas-2c4267c4daf5: 已发送给 1 个客户端, seq=undefined
[Broadcast] 画布 canvas-2c4267c4daf5: 已发送给 1 个客户端, seq=undefined
[Broadcast] 画布 canvas-2c4267c4daf5: 已发送给 1 个客户端, seq=undefined
[消息] userId=test03, canvas=canvas-2c4267c4daf5, action=presence, id=undefined, points=0
[Broadcast] 画布 canvas-2c4267c4daf5: 已发送给 1 个客户端, seq=26149
[Broadcast] 画布 canvas-2c4267c4daf5: 已发送给 1 个客户端, seq=undefined
[Kafka] 批量保存完成: count=2, excluded=0, reason=schedule
[Broadcast] 画布 canvas-2c4267c4daf5: 已发送给 1 个客户端, seq=undefined
[消息] userId=test03, canvas=canvas-2c4267c4daf5, action=stroke, id=fa82ad48-1f31-49b5-b3ea-43ff4c210e45, points=6
[Broadcast] 画布 canvas-2c4267c4daf5: 已发送给 1 个客户端, seq=26150
[Broadcast] 画布 canvas-2c4267c4daf5: 已发送给 1 个客户端, seq=undefined
[Broadcast] 画布 canvas-2c4267c4daf5: 已发送给 1 个客户端, seq=undefined
[Broadcast] 画布 canvas-2c4267c4daf5: 已发送给 1 个客户端, seq=undefined
[Broadcast] 画布 canvas-2c4267c4daf5: 已发送给 1 个客户端, seq=undefined
[Broadcast] 画布 canvas-2c4267c4daf5: 已发送给 1 个客户端, seq=undefined
[Broadcast] 画布 canvas-2c4267c4daf5: 已发送给 1 个客户端, seq=undefined
[Broadcast] 画布 canvas-2c4267c4daf5: 已发送给 1 个客户端, seq=undefined
[Broadcast] 画布 canvas-2c4267c4daf5: 已发送给 1 个客户端, seq=undefined
[Broadcast] 画布 canvas-2c4267c4daf5: 已发送给 1 个客户端, seq=undefined
[Broadcast] 画布 canvas-2c4267c4daf5: 已发送给 1 个客户端, seq=undefined
[Kafka] 批量保存完成: count=1, excluded=0, reason=schedule
[消息] userId=test03, canvas=canvas-2c4267c4daf5, action=stroke, id=a106dfa6-9929-4ec3-9be9-b7bff63009bd, points=2
[Broadcast] 画布 canvas-2c4267c4daf5: 已发送给 1 个客户端, seq=undefined
[Broadcast] 画布 canvas-2c4267c4daf5: 已发送给 1 个客户端, seq=26151
[Broadcast] 画布 canvas-2c4267c4daf5: 已发送给 1 个客户端, seq=undefined
[Broadcast] 画布 canvas-2c4267c4daf5: 已发送给 1 个客户端, seq=undefined
[Broadcast] 画布 canvas-2c4267c4daf5: 已发送给 1 个客户端, seq=undefined
[Broadcast] 画布 canvas-2c4267c4daf5: 已发送给 1 个客户端, seq=undefined
[Broadcast] 画布 canvas-2c4267c4daf5: 已发送给 1 个客户端, seq=undefined
[Broadcast] 画布 canvas-2c4267c4daf5: 已发送给 1 个客户端, seq=undefined
[Broadcast] 画布 canvas-2c4267c4daf5: 已发送给 1 个客户端, seq=undefined
[Broadcast] 画布 canvas-2c4267c4daf5: 已发送给 1 个客户端, seq=undefined
[Broadcast] 画布 canvas-2c4267c4daf5: 已发送给 1 个客户端, seq=undefined
[Broadcast] 画布 canvas-2c4267c4daf5: 已发送给 1 个客户端, seq=undefined
[Broadcast] 画布 canvas-2c4267c4daf5: 已发送给 1 个客户端, seq=undefined
[Broadcast] 画布 canvas-2c4267c4daf5: 已发送给 1 个客户端, seq=undefined
[Broadcast] 画布 canvas-2c4267c4daf5: 已发送给 1 个客户端, seq=undefined
[Kafka] 批量保存完成: count=1, excluded=0, reason=schedule
[Broadcast] 画布 canvas-2c4267c4daf5: 已发送给 1 个客户端, seq=undefined
[Broadcast] 画布 canvas-2c4267c4daf5: 已发送给 1 个客户端, seq=undefined
[Broadcast] 画布 canvas-2c4267c4daf5: 已发送给 1 个客户端, seq=undefined
[Broadcast] 画布 canvas-2c4267c4daf5: 已发送给 1 个客户端, seq=undefined
[Broadcast] 画布 canvas-2c4267c4daf5: 已发送给 1 个客户端, seq=undefined
[Broadcast] 画布 canvas-2c4267c4daf5: 已发送给 1 个客户端, seq=undefined
[Broadcast] 画布 canvas-2c4267c4daf5: 已发送给 1 个客户端, seq=undefined
[Broadcast] 画布 canvas-2c4267c4daf5: 已发送给 1 个客户端, seq=undefined
[Broadcast] 画布 canvas-2c4267c4daf5: 已发送给 1 个客户端, seq=undefined
[Broadcast] 画布 canvas-2c4267c4daf5: 已发送给 1 个客户端, seq=undefined
[Broadcast] 画布 canvas-2c4267c4daf5: 已发送给 1 个客户端, seq=undefined
[Broadcast] 画布 canvas-2c4267c4daf5: 已发送给 1 个客户端, seq=undefined
[Broadcast] 画布 canvas-2c4267c4daf5: 已发送给 1 个客户端, seq=undefined
[Broadcast] 画布 canvas-2c4267c4daf5: 已发送给 1 个客户端, seq=undefined
[Broadcast] 画布 canvas-2c4267c4daf5: 已发送给 1 个客户端, seq=undefined
[Broadcast] 画布 canvas-2c4267c4daf5: 已发送给 1 个客户端, seq=undefined
[Broadcast] 画布 canvas-2c4267c4daf5: 已发送给 1 个客户端, seq=undefined
[Broadcast] 画布 canvas-2c4267c4daf5: 已发送给 1 个客户端, seq=undefined
[Broadcast] 画布 canvas-2c4267c4daf5: 已发送给 1 个客户端, seq=undefined
[Broadcast] 画布 canvas-2c4267c4daf5: 已发送给 1 个客户端, seq=undefined
[Broadcast] 画布 canvas-2c4267c4daf5: 已发送给 1 个客户端, seq=undefined
[Broadcast] 画布 canvas-2c4267c4daf5: 已发送给 1 个客户端, seq=undefined
[Broadcast] 画布 canvas-2c4267c4daf5: 已发送给 1 个客户端, seq=undefined
[Broadcast] 画布 canvas-2c4267c4daf5: 已发送给 1 个客户端, seq=undefined
[Broadcast] 画布 canvas-2c4267c4daf5: 已发送给 1 个客户端, seq=undefined
[Broadcast] 画布 canvas-2c4267c4daf5: 已发送给 1 个客户端, seq=undefined
[Broadcast] 画布 canvas-2c4267c4daf5: 已发送给 1 个客户端, seq=undefined
[Broadcast] 画布 canvas-2c4267c4daf5: 已发送给 1 个客户端, seq=undefined
[Broadcast] 画布 canvas-2c4267c4daf5: 已发送给 1 个客户端, seq=undefined
[Broadcast] 画布 canvas-2c4267c4daf5: 已发送给 1 个客户端, seq=undefined
[Broadcast] 画布 canvas-2c4267c4daf5: 已发送给 1 个客户端, seq=undefined
[Broadcast] 画布 canvas-2c4267c4daf5: 已发送给 1 个客户端, seq=undefined
[消息] userId=test03, canvas=canvas-2c4267c4daf5, action=presence, id=undefined, points=0
[Broadcast] 画布 canvas-2c4267c4daf5: 已发送给 1 个客户端, seq=26152
[Kafka] 批量保存完成: count=1, excluded=0, reason=schedule
[Broadcast] 画布 canvas-2c4267c4daf5: 已发送给 1 个客户端, seq=undefined
[Broadcast] 画布 canvas-2c4267c4daf5: 已发送给 1 个客户端, seq=undefined
[Broadcast] 画布 canvas-2c4267c4daf5: 已发送给 1 个客户端, seq=undefined
[Broadcast] 画布 canvas-2c4267c4daf5: 已发送给 1 个客户端, seq=undefined
[Broadcast] 画布 canvas-2c4267c4daf5: 已发送给 1 个客户端, seq=undefined
[Broadcast] 画布 canvas-2c4267c4daf5: 已发送给 1 个客户端, seq=undefined
[Broadcast] 画布 canvas-2c4267c4daf5: 已发送给 1 个客户端, seq=undefined
[Broadcast] 画布 canvas-2c4267c4daf5: 已发送给 1 个客户端, seq=undefined
[Broadcast] 画布 canvas-2c4267c4daf5: 已发送给 1 个客户端, seq=undefined
[Broadcast] 画布 canvas-2c4267c4daf5: 已发送给 1 个客户端, seq=undefined
[Broadcast] 画布 canvas-2c4267c4daf5: 已发送给 1 个客户端, seq=undefined
[Broadcast] 画布 canvas-2c4267c4daf5: 已发送给 1 个客户端, seq=undefined
[Broadcast] 画布 canvas-2c4267c4daf5: 已发送给 1 个客户端, seq=undefined
[Broadcast] 画布 canvas-2c4267c4daf5: 已发送给 1 个客户端, seq=undefined
[Broadcast] 画布 canvas-2c4267c4daf5: 已发送给 1 个客户端, seq=undefined
[Broadcast] 画布 canvas-2c4267c4daf5: 已发送给 1 个客户端, seq=undefined
[Broadcast] 画布 canvas-2c4267c4daf5: 已发送给 1 个客户端, seq=undefined
[Broadcast] 画布 canvas-2c4267c4daf5: 已发送给 1 个客户端, seq=undefined
[Broadcast] 画布 canvas-2c4267c4daf5: 已发送给 1 个客户端, seq=undefined
[Broadcast] 画布 canvas-2c4267c4daf5: 已发送给 1 个客户端, seq=undefined
[Broadcast] 画布 canvas-2c4267c4daf5: 已发送给 1 个客户端, seq=undefined
[Broadcast] 画布 canvas-2c4267c4daf5: 已发送给 1 个客户端, seq=undefined
[Broadcast] 画布 canvas-2c4267c4daf5: 已发送给 1 个客户端, seq=undefined
[Broadcast] 画布 canvas-2c4267c4daf5: 已发送给 1 个客户端, seq=undefined
[消息] userId=test03, canvas=canvas-2c4267c4daf5, action=stroke, id=6a52c85f-e59c-4c06-ae3c-21e632789313, points=6
[Broadcast] 画布 canvas-2c4267c4daf5: 已发送给 1 个客户端, seq=26153
[Broadcast] 画布 canvas-2c4267c4daf5: 已发送给 1 个客户端, seq=undefined
[Broadcast] 画布 canvas-2c4267c4daf5: 已发送给 1 个客户端, seq=undefined
[Broadcast] 画布 canvas-2c4267c4daf5: 已发送给 1 个客户端, seq=undefined
[Broadcast] 画布 canvas-2c4267c4daf5: 已发送给 1 个客户端, seq=undefined
[Broadcast] 画布 canvas-2c4267c4daf5: 已发送给 1 个客户端, seq=undefined
[Kafka] 批量保存完成: count=1, excluded=0, reason=schedule
[Broadcast] 画布 canvas-2c4267c4daf5: 已发送给 1 个客户端, seq=undefined
[Broadcast] 画布 canvas-2c4267c4daf5: 已发送给 1 个客户端, seq=undefined
[Broadcast] 画布 canvas-2c4267c4daf5: 已发送给 1 个客户端, seq=undefined
[Broadcast] 画布 canvas-2c4267c4daf5: 已发送给 1 个客户端, seq=undefined
[Broadcast] 画布 canvas-2c4267c4daf5: 已发送给 1 个客户端, seq=undefined
[消息] userId=test03, canvas=canvas-2c4267c4daf5, action=stroke, id=71ef3d60-f529-4414-9ba3-32f6a3a4412f, points=3
[Broadcast] 画布 canvas-2c4267c4daf5: 已发送给 1 个客户端, seq=26154
[Broadcast] 画布 canvas-2c4267c4daf5: 已发送给 1 个客户端, seq=undefined
[Broadcast] 画布 canvas-2c4267c4daf5: 已发送给 1 个客户端, seq=undefined
[Broadcast] 画布 canvas-2c4267c4daf5: 已发送给 1 个客户端, seq=undefined
[Broadcast] 画布 canvas-2c4267c4daf5: 已发送给 1 个客户端, seq=undefined
[Broadcast] 画布 canvas-2c4267c4daf5: 已发送给 1 个客户端, seq=undefined
[Broadcast] 画布 canvas-2c4267c4daf5: 已发送给 1 个客户端, seq=undefined
[Broadcast] 画布 canvas-2c4267c4daf5: 已发送给 1 个客户端, seq=undefined
[消息] userId=test03, canvas=canvas-2c4267c4daf5, action=stroke, id=ee92caf4-5b2a-4162-9300-d2a90643c433, points=4
[Broadcast] 画布 canvas-2c4267c4daf5: 已发送给 1 个客户端, seq=26155
[Broadcast] 画布 canvas-2c4267c4daf5: 已发送给 1 个客户端, seq=undefined
[Broadcast] 画布 canvas-2c4267c4daf5: 已发送给 1 个客户端, seq=undefined
[Broadcast] 画布 canvas-2c4267c4daf5: 已发送给 1 个客户端, seq=undefined
[Kafka] 批量保存完成: count=2, excluded=0, reason=schedule
[Broadcast] 画布 canvas-2c4267c4daf5: 已发送给 1 个客户端, seq=undefined
[Broadcast] 画布 canvas-2c4267c4daf5: 已发送给 1 个客户端, seq=undefined
[Broadcast] 画布 canvas-2c4267c4daf5: 已发送给 1 个客户端, seq=undefined
[消息] userId=test03, canvas=canvas-2c4267c4daf5, action=stroke, id=734182cb-3d07-44ac-a256-e13edde90b64, points=3
[Broadcast] 画布 canvas-2c4267c4daf5: 已发送给 1 个客户端, seq=26156
[Broadcast] 画布 canvas-2c4267c4daf5: 已发送给 1 个客户端, seq=undefined
[Snapshot] 画布 canvas-2c4267c4daf5 生成快照，sequence_id=26155，笔画数=160，SVG大小=49980字节
[Broadcast] 画布 canvas-2c4267c4daf5: 已发送给 1 个客户端, seq=undefined
[Broadcast] 画布 canvas-2c4267c4daf5: 已发送给 1 个客户端, seq=undefined
[Broadcast] 画布 canvas-2c4267c4daf5: 已发送给 1 个客户端, seq=undefined
[Broadcast] 画布 canvas-2c4267c4daf5: 已发送给 1 个客户端, seq=undefined
[消息] userId=test03, canvas=canvas-2c4267c4daf5, action=stroke, id=7a5a611f-ce68-4b93-9c02-960c9b151e84, points=2
[Broadcast] 画布 canvas-2c4267c4daf5: 已发送给 1 个客户端, seq=26157
[Broadcast] 画布 canvas-2c4267c4daf5: 已发送给 1 个客户端, seq=undefined
[Broadcast] 画布 canvas-2c4267c4daf5: 已发送给 1 个客户端, seq=undefined
[Broadcast] 画布 canvas-2c4267c4daf5: 已发送给 1 个客户端, seq=undefined
[Broadcast] 画布 canvas-2c4267c4daf5: 已发送给 1 个客户端, seq=undefined
[Broadcast] 画布 canvas-2c4267c4daf5: 已发送给 1 个客户端, seq=undefined
[消息] userId=test03, canvas=canvas-2c4267c4daf5, action=stroke, id=dd78b273-d30c-4fa5-9493-a0e32a40ab3c, points=3
[Broadcast] 画布 canvas-2c4267c4daf5: 已发送给 1 个客户端, seq=26158
[Broadcast] 画布 canvas-2c4267c4daf5: 已发送给 1 个客户端, seq=undefined
[Broadcast] 画布 canvas-2c4267c4daf5: 已发送给 1 个客户端, seq=undefined
[Broadcast] 画布 canvas-2c4267c4daf5: 已发送给 1 个客户端, seq=undefined
[Broadcast] 画布 canvas-2c4267c4daf5: 已发送给 1 个客户端, seq=undefined
[Kafka] 批量保存完成: count=3, excluded=0, reason=schedule
[Broadcast] 画布 canvas-2c4267c4daf5: 已发送给 1 个客户端, seq=undefined
[Broadcast] 画布 canvas-2c4267c4daf5: 已发送给 1 个客户端, seq=undefined
[Broadcast] 画布 canvas-2c4267c4daf5: 已发送给 1 个客户端, seq=undefined
[Broadcast] 画布 canvas-2c4267c4daf5: 已发送给 1 个客户端, seq=undefined
[Broadcast] 画布 canvas-2c4267c4daf5: 已发送给 1 个客户端, seq=undefined
[消息] userId=test03, canvas=canvas-2c4267c4daf5, action=stroke, id=956836ba-1727-4efd-8843-866d99261d8c, points=3
[Broadcast] 画布 canvas-2c4267c4daf5: 已发送给 1 个客户端, seq=26159
[Broadcast] 画布 canvas-2c4267c4daf5: 已发送给 1 个客户端, seq=undefined
[Broadcast] 画布 canvas-2c4267c4daf5: 已发送给 1 个客户端, seq=undefined
[Broadcast] 画布 canvas-2c4267c4daf5: 已发送给 1 个客户端, seq=undefined
[Broadcast] 画布 canvas-2c4267c4daf5: 已发送给 1 个客户端, seq=undefined
[Broadcast] 画布 canvas-2c4267c4daf5: 已发送给 1 个客户端, seq=undefined
[消息] userId=test03, canvas=canvas-2c4267c4daf5, action=stroke, id=8159cf4f-d7a6-4d85-bb83-f26658b674a1, points=3
[Broadcast] 画布 canvas-2c4267c4daf5: 已发送给 1 个客户端, seq=26160
[Broadcast] 画布 canvas-2c4267c4daf5: 已发送给 1 个客户端, seq=undefined
[Broadcast] 画布 canvas-2c4267c4daf5: 已发送给 1 个客户端, seq=undefined
[Broadcast] 画布 canvas-2c4267c4daf5: 已发送给 1 个客户端, seq=undefined
[Broadcast] 画布 canvas-2c4267c4daf5: 已发送给 1 个客户端, seq=undefined
[消息] userId=test03, canvas=canvas-2c4267c4daf5, action=stroke, id=0d84314b-f6ae-4439-8391-c1e7eeb6516d, points=2
[Broadcast] 画布 canvas-2c4267c4daf5: 已发送给 1 个客户端, seq=26161
[Broadcast] 画布 canvas-2c4267c4daf5: 已发送给 1 个客户端, seq=undefined
[消息] userId=test03, canvas=canvas-2c4267c4daf5, action=presence, id=undefined, points=0
[Broadcast] 画布 canvas-2c4267c4daf5: 已发送给 1 个客户端, seq=26162
[Broadcast] 画布 canvas-2c4267c4daf5: 已发送给 1 个客户端, seq=undefined
[Kafka] 批量保存完成: count=4, excluded=0, reason=schedule
[Broadcast] 画布 canvas-2c4267c4daf5: 已发送给 1 个客户端, seq=undefined
[Broadcast] 画布 canvas-2c4267c4daf5: 已发送给 1 个客户端, seq=undefined
[Broadcast] 画布 canvas-2c4267c4daf5: 已发送给 1 个客户端, seq=undefined
[消息] userId=test03, canvas=canvas-2c4267c4daf5, action=stroke, id=6c131762-59cc-4d27-b9d5-1490198056a9, points=4
[Broadcast] 画布 canvas-2c4267c4daf5: 已发送给 1 个客户端, seq=26163
[Broadcast] 画布 canvas-2c4267c4daf5: 已发送给 1 个客户端, seq=undefined
[Broadcast] 画布 canvas-2c4267c4daf5: 已发送给 1 个客户端, seq=undefined
[Broadcast] 画布 canvas-2c4267c4daf5: 已发送给 1 个客户端, seq=undefined
[Broadcast] 画布 canvas-2c4267c4daf5: 已发送给 1 个客户端, seq=undefined
[Broadcast] 画布 canvas-2c4267c4daf5: 已发送给 1 个客户端, seq=undefined
[Broadcast] 画布 canvas-2c4267c4daf5: 已发送给 1 个客户端, seq=undefined
[Broadcast] 画布 canvas-2c4267c4daf5: 已发送给 1 个客户端, seq=undefined
[消息] userId=test03, canvas=canvas-2c4267c4daf5, action=stroke, id=010c1867-014e-407c-b5db-fb071f807bfa, points=5
[Broadcast] 画布 canvas-2c4267c4daf5: 已发送给 1 个客户端, seq=26164
[Broadcast] 画布 canvas-2c4267c4daf5: 已发送给 1 个客户端, seq=undefined
[Broadcast] 画布 canvas-2c4267c4daf5: 已发送给 1 个客户端, seq=undefined
[Broadcast] 画布 canvas-2c4267c4daf5: 已发送给 1 个客户端, seq=undefined
[Broadcast] 画布 canvas-2c4267c4daf5: 已发送给 1 个客户端, seq=undefined
[Kafka] 批量保存完成: count=2, excluded=0, reason=schedule
[Broadcast] 画布 canvas-2c4267c4daf5: 已发送给 1 个客户端, seq=undefined
[Broadcast] 画布 canvas-2c4267c4daf5: 已发送给 1 个客户端, seq=undefined
[Broadcast] 画布 canvas-2c4267c4daf5: 已发送给 1 个客户端, seq=undefined
[消息] userId=test03, canvas=canvas-2c4267c4daf5, action=stroke, id=ccba24bb-3b01-4c6a-819d-daa820f9977d, points=5
[Broadcast] 画布 canvas-2c4267c4daf5: 已发送给 1 个客户端, seq=26165
[Broadcast] 画布 canvas-2c4267c4daf5: 已发送给 1 个客户端, seq=undefined
[Broadcast] 画布 canvas-2c4267c4daf5: 已发送给 1 个客户端, seq=undefined
[Broadcast] 画布 canvas-2c4267c4daf5: 已发送给 1 个客户端, seq=undefined
[Broadcast] 画布 canvas-2c4267c4daf5: 已发送给 1 个客户端, seq=undefined
[Broadcast] 画布 canvas-2c4267c4daf5: 已发送给 1 个客户端, seq=undefined
[Broadcast] 画布 canvas-2c4267c4daf5: 已发送给 1 个客户端, seq=undefined
[Broadcast] 画布 canvas-2c4267c4daf5: 已发送给 1 个客户端, seq=undefined
[Broadcast] 画布 canvas-2c4267c4daf5: 已发送给 1 个客户端, seq=undefined
[Broadcast] 画布 canvas-2c4267c4daf5: 已发送给 1 个客户端, seq=undefined
[消息] userId=test03, canvas=canvas-2c4267c4daf5, action=stroke, id=b13acdaa-d0c6-4060-a254-148d1f554a9c, points=6
[Broadcast] 画布 canvas-2c4267c4daf5: 已发送给 1 个客户端, seq=26166
[Broadcast] 画布 canvas-2c4267c4daf5: 已发送给 1 个客户端, seq=undefined
[Broadcast] 画布 canvas-2c4267c4daf5: 已发送给 1 个客户端, seq=undefined
[Kafka] 批量保存完成: count=2, excluded=0, reason=schedule
[Broadcast] 画布 canvas-2c4267c4daf5: 已发送给 1 个客户端, seq=undefined
[Broadcast] 画布 canvas-2c4267c4daf5: 已发送给 1 个客户端, seq=undefined
[Broadcast] 画布 canvas-2c4267c4daf5: 已发送给 1 个客户端, seq=undefined
[Broadcast] 画布 canvas-2c4267c4daf5: 已发送给 1 个客户端, seq=undefined
[Broadcast] 画布 canvas-2c4267c4daf5: 已发送给 1 个客户端, seq=undefined
[消息] userId=test03, canvas=canvas-2c4267c4daf5, action=stroke, id=cc1eca39-7ab0-4998-9da6-adee222ef131, points=3
[Broadcast] 画布 canvas-2c4267c4daf5: 已发送给 1 个客户端, seq=undefined
[Broadcast] 画布 canvas-2c4267c4daf5: 已发送给 1 个客户端, seq=26167
[Broadcast] 画布 canvas-2c4267c4daf5: 已发送给 1 个客户端, seq=undefined
[Broadcast] 画布 canvas-2c4267c4daf5: 已发送给 1 个客户端, seq=undefined
[Broadcast] 画布 canvas-2c4267c4daf5: 已发送给 1 个客户端, seq=undefined
[Broadcast] 画布 canvas-2c4267c4daf5: 已发送给 1 个客户端, seq=undefined
[Broadcast] 画布 canvas-2c4267c4daf5: 已发送给 1 个客户端, seq=undefined
[Broadcast] 画布 canvas-2c4267c4daf5: 已发送给 1 个客户端, seq=undefined
[Broadcast] 画布 canvas-2c4267c4daf5: 已发送给 1 个客户端, seq=undefined
[Broadcast] 画布 canvas-2c4267c4daf5: 已发送给 1 个客户端, seq=undefined
[Broadcast] 画布 canvas-2c4267c4daf5: 已发送给 1 个客户端, seq=undefined
[Kafka] 批量保存完成: count=1, excluded=0, reason=schedule
[Broadcast] 画布 canvas-2c4267c4daf5: 已发送给 1 个客户端, seq=undefined
[消息] userId=test03, canvas=canvas-2c4267c4daf5, action=stroke, id=ee262b92-b451-4820-a01a-5689ce42ad38, points=4
[Broadcast] 画布 canvas-2c4267c4daf5: 已发送给 1 个客户端, seq=26168
[Broadcast] 画布 canvas-2c4267c4daf5: 已发送给 1 个客户端, seq=undefined
[Broadcast] 画布 canvas-2c4267c4daf5: 已发送给 1 个客户端, seq=undefined
[Broadcast] 画布 canvas-2c4267c4daf5: 已发送给 1 个客户端, seq=undefined
[Broadcast] 画布 canvas-2c4267c4daf5: 已发送给 1 个客户端, seq=undefined
[Broadcast] 画布 canvas-2c4267c4daf5: 已发送给 1 个客户端, seq=undefined
[Broadcast] 画布 canvas-2c4267c4daf5: 已发送给 1 个客户端, seq=undefined
[Broadcast] 画布 canvas-2c4267c4daf5: 已发送给 1 个客户端, seq=undefined
[Broadcast] 画布 canvas-2c4267c4daf5: 已发送给 1 个客户端, seq=undefined
[Broadcast] 画布 canvas-2c4267c4daf5: 已发送给 1 个客户端, seq=undefined
[消息] userId=test03, canvas=canvas-2c4267c4daf5, action=stroke, id=baafc93a-b783-4a00-afa4-5d84ecb45b8d, points=3
[Broadcast] 画布 canvas-2c4267c4daf5: 已发送给 1 个客户端, seq=26169
[Broadcast] 画布 canvas-2c4267c4daf5: 已发送给 1 个客户端, seq=undefined
[Broadcast] 画布 canvas-2c4267c4daf5: 已发送给 1 个客户端, seq=undefined
[Broadcast] 画布 canvas-2c4267c4daf5: 已发送给 1 个客户端, seq=undefined
[Broadcast] 画布 canvas-2c4267c4daf5: 已发送给 1 个客户端, seq=undefined
[Broadcast] 画布 canvas-2c4267c4daf5: 已发送给 1 个客户端, seq=undefined
[Broadcast] 画布 canvas-2c4267c4daf5: 已发送给 1 个客户端, seq=undefined
[Kafka] 批量保存完成: count=2, excluded=0, reason=schedule
[消息] userId=test03, canvas=canvas-2c4267c4daf5, action=stroke, id=162e0a1a-afbb-40f1-9021-21414a170711, points=3
[Broadcast] 画布 canvas-2c4267c4daf5: 已发送给 1 个客户端, seq=undefined
[Broadcast] 画布 canvas-2c4267c4daf5: 已发送给 1 个客户端, seq=26170
[Broadcast] 画布 canvas-2c4267c4daf5: 已发送给 1 个客户端, seq=undefined
[Broadcast] 画布 canvas-2c4267c4daf5: 已发送给 1 个客户端, seq=undefined
[Broadcast] 画布 canvas-2c4267c4daf5: 已发送给 1 个客户端, seq=undefined
[Broadcast] 画布 canvas-2c4267c4daf5: 已发送给 1 个客户端, seq=undefined
[Broadcast] 画布 canvas-2c4267c4daf5: 已发送给 1 个客户端, seq=undefined
[Broadcast] 画布 canvas-2c4267c4daf5: 已发送给 1 个客户端, seq=undefined
[消息] userId=test03, canvas=canvas-2c4267c4daf5, action=stroke, id=9ce1f9d3-4ce9-4e6f-adb9-2dfd4734ce8c, points=4
[Broadcast] 画布 canvas-2c4267c4daf5: 已发送给 1 个客户端, seq=26171
[Broadcast] 画布 canvas-2c4267c4daf5: 已发送给 1 个客户端, seq=undefined
[Broadcast] 画布 canvas-2c4267c4daf5: 已发送给 1 个客户端, seq=undefined
[Broadcast] 画布 canvas-2c4267c4daf5: 已发送给 1 个客户端, seq=undefined
[Broadcast] 画布 canvas-2c4267c4daf5: 已发送给 1 个客户端, seq=undefined
[消息] userId=test03, canvas=canvas-2c4267c4daf5, action=stroke, id=57c0d07e-bb85-4cf1-be55-19ef15f339b5, points=3
[Broadcast] 画布 canvas-2c4267c4daf5: 已发送给 1 个客户端, seq=26172
[Broadcast] 画布 canvas-2c4267c4daf5: 已发送给 1 个客户端, seq=undefined
[消息] userId=test03, canvas=canvas-2c4267c4daf5, action=presence, id=undefined, points=0
[Broadcast] 画布 canvas-2c4267c4daf5: 已发送给 1 个客户端, seq=26173
[Broadcast] 画布 canvas-2c4267c4daf5: 已发送给 1 个客户端, seq=undefined
[Broadcast] 画布 canvas-2c4267c4daf5: 已发送给 1 个客户端, seq=undefined
[Kafka] 批量保存完成: count=4, excluded=0, reason=schedule
[Broadcast] 画布 canvas-2c4267c4daf5: 已发送给 1 个客户端, seq=undefined
[Broadcast] 画布 canvas-2c4267c4daf5: 已发送给 1 个客户端, seq=undefined
[Broadcast] 画布 canvas-2c4267c4daf5: 已发送给 1 个客户端, seq=undefined
[消息] userId=test03, canvas=canvas-2c4267c4daf5, action=stroke, id=f00a4935-a771-46d5-af58-c71828a0014c, points=2
[Broadcast] 画布 canvas-2c4267c4daf5: 已发送给 1 个客户端, seq=26174
[Broadcast] 画布 canvas-2c4267c4daf5: 已发送给 1 个客户端, seq=undefined
[Broadcast] 画布 canvas-2c4267c4daf5: 已发送给 1 个客户端, seq=undefined
[Broadcast] 画布 canvas-2c4267c4daf5: 已发送给 1 个客户端, seq=undefined
[Broadcast] 画布 canvas-2c4267c4daf5: 已发送给 1 个客户端, seq=undefined
[Broadcast] 画布 canvas-2c4267c4daf5: 已发送给 1 个客户端, seq=undefined
[Broadcast] 画布 canvas-2c4267c4daf5: 已发送给 1 个客户端, seq=undefined
[Broadcast] 画布 canvas-2c4267c4daf5: 已发送给 1 个客户端, seq=undefined
[Broadcast] 画布 canvas-2c4267c4daf5: 已发送给 1 个客户端, seq=undefined
[Broadcast] 画布 canvas-2c4267c4daf5: 已发送给 1 个客户端, seq=undefined
[消息] userId=test03, canvas=canvas-2c4267c4daf5, action=stroke, id=25169ebb-91a5-4331-acd0-467ddbf4f34c, points=5
[Broadcast] 画布 canvas-2c4267c4daf5: 已发送给 1 个客户端, seq=26175
[Broadcast] 画布 canvas-2c4267c4daf5: 已发送给 1 个客户端, seq=undefined
[Broadcast] 画布 canvas-2c4267c4daf5: 已发送给 1 个客户端, seq=undefined
[Kafka] 批量保存完成: count=2, excluded=0, reason=schedule
[Broadcast] 画布 canvas-2c4267c4daf5: 已发送给 1 个客户端, seq=undefined
[Broadcast] 画布 canvas-2c4267c4daf5: 已发送给 1 个客户端, seq=undefined
[Broadcast] 画布 canvas-2c4267c4daf5: 已发送给 1 个客户端, seq=undefined
[Broadcast] 画布 canvas-2c4267c4daf5: 已发送给 1 个客户端, seq=undefined
[Broadcast] 画布 canvas-2c4267c4daf5: 已发送给 1 个客户端, seq=undefined
[消息] userId=test03, canvas=canvas-2c4267c4daf5, action=stroke, id=58dc6d0d-b14a-41f2-873b-32c2b1ee9e40, points=3
[Broadcast] 画布 canvas-2c4267c4daf5: 已发送给 1 个客户端, seq=26176
[Broadcast] 画布 canvas-2c4267c4daf5: 已发送给 1 个客户端, seq=undefined
[Broadcast] 画布 canvas-2c4267c4daf5: 已发送给 1 个客户端, seq=undefined
[Broadcast] 画布 canvas-2c4267c4daf5: 已发送给 1 个客户端, seq=undefined
[Broadcast] 画布 canvas-2c4267c4daf5: 已发送给 1 个客户端, seq=undefined
[Broadcast] 画布 canvas-2c4267c4daf5: 已发送给 1 个客户端, seq=undefined
[Broadcast] 画布 canvas-2c4267c4daf5: 已发送给 1 个客户端, seq=undefined
[Broadcast] 画布 canvas-2c4267c4daf5: 已发送给 1 个客户端, seq=undefined
[Broadcast] 画布 canvas-2c4267c4daf5: 已发送给 1 个客户端, seq=undefined
[Broadcast] 画布 canvas-2c4267c4daf5: 已发送给 1 个客户端, seq=undefined
[Broadcast] 画布 canvas-2c4267c4daf5: 已发送给 1 个客户端, seq=undefined
[Kafka] 批量保存完成: count=1, excluded=0, reason=schedule
[Broadcast] 画布 canvas-2c4267c4daf5: 已发送给 1 个客户端, seq=undefined
[Broadcast] 画布 canvas-2c4267c4daf5: 已发送给 1 个客户端, seq=undefined
[Broadcast] 画布 canvas-2c4267c4daf5: 已发送给 1 个客户端, seq=undefined
[Broadcast] 画布 canvas-2c4267c4daf5: 已发送给 1 个客户端, seq=undefined
[消息] userId=test03, canvas=canvas-2c4267c4daf5, action=stroke, id=112c98be-3c2e-4f2d-b5dd-341dd4f311c7, points=3
[Broadcast] 画布 canvas-2c4267c4daf5: 已发送给 1 个客户端, seq=26177
[Broadcast] 画布 canvas-2c4267c4daf5: 已发送给 1 个客户端, seq=undefined
[Broadcast] 画布 canvas-2c4267c4daf5: 已发送给 1 个客户端, seq=undefined
[Broadcast] 画布 canvas-2c4267c4daf5: 已发送给 1 个客户端, seq=undefined
[Broadcast] 画布 canvas-2c4267c4daf5: 已发送给 1 个客户端, seq=undefined
[Broadcast] 画布 canvas-2c4267c4daf5: 已发送给 1 个客户端, seq=undefined
[Broadcast] 画布 canvas-2c4267c4daf5: 已发送给 1 个客户端, seq=undefined
[Broadcast] 画布 canvas-2c4267c4daf5: 已发送给 1 个客户端, seq=undefined
[Broadcast] 画布 canvas-2c4267c4daf5: 已发送给 1 个客户端, seq=undefined
[Broadcast] 画布 canvas-2c4267c4daf5: 已发送给 1 个客户端, seq=undefined
[Kafka] 批量保存完成: count=1, excluded=0, reason=schedule
[Broadcast] 画布 canvas-2c4267c4daf5: 已发送给 1 个客户端, seq=undefined
[Broadcast] 画布 canvas-2c4267c4daf5: 已发送给 1 个客户端, seq=undefined
[Broadcast] 画布 canvas-2c4267c4daf5: 已发送给 1 个客户端, seq=undefined
[Broadcast] 画布 canvas-2c4267c4daf5: 已发送给 1 个客户端, seq=undefined
[Broadcast] 画布 canvas-2c4267c4daf5: 已发送给 1 个客户端, seq=undefined
[Broadcast] 画布 canvas-2c4267c4daf5: 已发送给 1 个客户端, seq=undefined
[Broadcast] 画布 canvas-2c4267c4daf5: 已发送给 1 个客户端, seq=undefined
[Broadcast] 画布 canvas-2c4267c4daf5: 已发送给 1 个客户端, seq=undefined
[Broadcast] 画布 canvas-2c4267c4daf5: 已发送给 1 个客户端, seq=undefined
[消息] userId=test03, canvas=canvas-2c4267c4daf5, action=stroke, id=4c8fa274-e865-400e-adaa-d074299ed2d9, points=11
[Broadcast] 画布 canvas-2c4267c4daf5: 已发送给 1 个客户端, seq=26178
[Broadcast] 画布 canvas-2c4267c4daf5: 已发送给 1 个客户端, seq=undefined
[Broadcast] 画布 canvas-2c4267c4daf5: 已发送给 1 个客户端, seq=undefined
[Broadcast] 画布 canvas-2c4267c4daf5: 已发送给 1 个客户端, seq=undefined
[Broadcast] 画布 canvas-2c4267c4daf5: 已发送给 1 个客户端, seq=undefined
[Broadcast] 画布 canvas-2c4267c4daf5: 已发送给 1 个客户端, seq=undefined
[Kafka] 批量保存完成: count=1, excluded=0, reason=schedule
[Broadcast] 画布 canvas-2c4267c4daf5: 已发送给 1 个客户端, seq=undefined
[Broadcast] 画布 canvas-2c4267c4daf5: 已发送给 1 个客户端, seq=undefined
[Broadcast] 画布 canvas-2c4267c4daf5: 已发送给 1 个客户端, seq=undefined
[Broadcast] 画布 canvas-2c4267c4daf5: 已发送给 1 个客户端, seq=undefined
[Broadcast] 画布 canvas-2c4267c4daf5: 已发送给 1 个客户端, seq=undefined
[Broadcast] 画布 canvas-2c4267c4daf5: 已发送给 1 个客户端, seq=undefined
[Broadcast] 画布 canvas-2c4267c4daf5: 已发送给 1 个客户端, seq=undefined
[消息] userId=test03, canvas=canvas-2c4267c4daf5, action=stroke, id=a7a279a0-5e5b-41c8-b614-76cf1d3ec1bb, points=8
[Broadcast] 画布 canvas-2c4267c4daf5: 已发送给 1 个客户端, seq=26179
[Broadcast] 画布 canvas-2c4267c4daf5: 已发送给 1 个客户端, seq=undefined
[Broadcast] 画布 canvas-2c4267c4daf5: 已发送给 1 个客户端, seq=undefined
[Broadcast] 画布 canvas-2c4267c4daf5: 已发送给 1 个客户端, seq=undefined
[Broadcast] 画布 canvas-2c4267c4daf5: 已发送给 1 个客户端, seq=undefined
[Broadcast] 画布 canvas-2c4267c4daf5: 已发送给 1 个客户端, seq=undefined
[消息] userId=test03, canvas=canvas-2c4267c4daf5, action=presence, id=undefined, points=0
[Broadcast] 画布 canvas-2c4267c4daf5: 已发送给 1 个客户端, seq=26180
[Broadcast] 画布 canvas-2c4267c4daf5: 已发送给 1 个客户端, seq=undefined
[Broadcast] 画布 canvas-2c4267c4daf5: 已发送给 1 个客户端, seq=undefined
[Kafka] 批量保存完成: count=2, excluded=0, reason=schedule
[Broadcast] 画布 canvas-2c4267c4daf5: 已发送给 1 个客户端, seq=undefined
[Broadcast] 画布 canvas-2c4267c4daf5: 已发送给 1 个客户端, seq=undefined
[Broadcast] 画布 canvas-2c4267c4daf5: 已发送给 1 个客户端, seq=undefined
[Broadcast] 画布 canvas-2c4267c4daf5: 已发送给 1 个客户端, seq=undefined
[Broadcast] 画布 canvas-2c4267c4daf5: 已发送给 1 个客户端, seq=undefined
[Broadcast] 画布 canvas-2c4267c4daf5: 已发送给 1 个客户端, seq=undefined
[Broadcast] 画布 canvas-2c4267c4daf5: 已发送给 1 个客户端, seq=undefined
[Broadcast] 画布 canvas-2c4267c4daf5: 已发送给 1 个客户端, seq=undefined
[Broadcast] 画布 canvas-2c4267c4daf5: 已发送给 1 个客户端, seq=undefined
[消息] userId=test03, canvas=canvas-2c4267c4daf5, action=stroke, id=fe6c4bc9-aa16-42e5-b09f-fc8e0f11ba48, points=4
[Broadcast] 画布 canvas-2c4267c4daf5: 已发送给 1 个客户端, seq=undefined
[Broadcast] 画布 canvas-2c4267c4daf5: 已发送给 1 个客户端, seq=26181
[Broadcast] 画布 canvas-2c4267c4daf5: 已发送给 1 个客户端, seq=undefined
[Broadcast] 画布 canvas-2c4267c4daf5: 已发送给 1 个客户端, seq=undefined
[Broadcast] 画布 canvas-2c4267c4daf5: 已发送给 1 个客户端, seq=undefined
[Broadcast] 画布 canvas-2c4267c4daf5: 已发送给 1 个客户端, seq=undefined
[Broadcast] 画布 canvas-2c4267c4daf5: 已发送给 1 个客户端, seq=undefined
[Broadcast] 画布 canvas-2c4267c4daf5: 已发送给 1 个客户端, seq=undefined
[Kafka] 批量保存完成: count=1, excluded=0, reason=schedule
[Broadcast] 画布 canvas-2c4267c4daf5: 已发送给 1 个客户端, seq=undefined
[Broadcast] 画布 canvas-2c4267c4daf5: 已发送给 1 个客户端, seq=undefined
[Broadcast] 画布 canvas-2c4267c4daf5: 已发送给 1 个客户端, seq=undefined
[Broadcast] 画布 canvas-2c4267c4daf5: 已发送给 1 个客户端, seq=undefined
[Broadcast] 画布 canvas-2c4267c4daf5: 已发送给 1 个客户端, seq=undefined
[Broadcast] 画布 canvas-2c4267c4daf5: 已发送给 1 个客户端, seq=undefined
[Broadcast] 画布 canvas-2c4267c4daf5: 已发送给 1 个客户端, seq=undefined
[消息] userId=test03, canvas=canvas-2c4267c4daf5, action=presence, id=undefined, points=0
[Broadcast] 画布 canvas-2c4267c4daf5: 已发送给 1 个客户端, seq=26182
[Kafka] 批量保存完成: count=1, excluded=0, reason=schedule
[Broadcast] 画布 canvas-2c4267c4daf5: 已发送给 1 个客户端, seq=undefined
[Broadcast] 画布 canvas-2c4267c4daf5: 已发送给 1 个客户端, seq=undefined
[Broadcast] 画布 canvas-2c4267c4daf5: 已发送给 1 个客户端, seq=undefined
[Broadcast] 画布 canvas-2c4267c4daf5: 已发送给 1 个客户端, seq=undefined
[Broadcast] 画布 canvas-2c4267c4daf5: 已发送给 1 个客户端, seq=undefined
[Broadcast] 画布 canvas-2c4267c4daf5: 已发送给 1 个客户端, seq=undefined
[Broadcast] 画布 canvas-2c4267c4daf5: 已发送给 1 个客户端, seq=undefined
[Broadcast] 画布 canvas-2c4267c4daf5: 已发送给 1 个客户端, seq=undefined
[Broadcast] 画布 canvas-2c4267c4daf5: 已发送给 1 个客户端, seq=undefined
[Broadcast] 画布 canvas-2c4267c4daf5: 已发送给 1 个客户端, seq=undefined
[Broadcast] 画布 canvas-2c4267c4daf5: 已发送给 1 个客户端, seq=undefined
[Broadcast] 画布 canvas-2c4267c4daf5: 已发送给 1 个客户端, seq=undefined
[Broadcast] 画布 canvas-2c4267c4daf5: 已发送给 1 个客户端, seq=undefined
[Broadcast] 画布 canvas-2c4267c4daf5: 已发送给 1 个客户端, seq=undefined
[Broadcast] 画布 canvas-2c4267c4daf5: 已发送给 1 个客户端, seq=undefined
[Broadcast] 画布 canvas-2c4267c4daf5: 已发送给 1 个客户端, seq=undefined
[Broadcast] 画布 canvas-2c4267c4daf5: 已发送给 1 个客户端, seq=undefined
[Broadcast] 画布 canvas-2c4267c4daf5: 已发送给 1 个客户端, seq=undefined
[Broadcast] 画布 canvas-2c4267c4daf5: 已发送给 1 个客户端, seq=undefined
[Broadcast] 画布 canvas-2c4267c4daf5: 已发送给 1 个客户端, seq=undefined
[Broadcast] 画布 canvas-2c4267c4daf5: 已发送给 1 个客户端, seq=undefined
[Broadcast] 画布 canvas-2c4267c4daf5: 已发送给 1 个客户端, seq=undefined
[Broadcast] 画布 canvas-2c4267c4daf5: 已发送给 1 个客户端, seq=undefined
[Broadcast] 画布 canvas-2c4267c4daf5: 已发送给 1 个客户端, seq=undefined
[Broadcast] 画布 canvas-2c4267c4daf5: 已发送给 1 个客户端, seq=undefined
[Broadcast] 画布 canvas-2c4267c4daf5: 已发送给 1 个客户端, seq=undefined
[Broadcast] 画布 canvas-2c4267c4daf5: 已发送给 1 个客户端, seq=undefined
[Broadcast] 画布 canvas-2c4267c4daf5: 已发送给 1 个客户端, seq=undefined
[Broadcast] 画布 canvas-2c4267c4daf5: 已发送给 1 个客户端, seq=undefined
[Broadcast] 画布 canvas-2c4267c4daf5: 已发送给 1 个客户端, seq=undefined
[Broadcast] 画布 canvas-2c4267c4daf5: 已发送给 1 个客户端, seq=undefined
[消息] userId=test03, canvas=canvas-2c4267c4daf5, action=stroke, id=b4ec6ee0-83ce-431b-95ff-59b5d6f37a8e, points=3
[Broadcast] 画布 canvas-2c4267c4daf5: 已发送给 1 个客户端, seq=undefined
[Broadcast] 画布 canvas-2c4267c4daf5: 已发送给 1 个客户端, seq=26183
[Broadcast] 画布 canvas-2c4267c4daf5: 已发送给 1 个客户端, seq=undefined
[Broadcast] 画布 canvas-2c4267c4daf5: 已发送给 1 个客户端, seq=undefined
[Broadcast] 画布 canvas-2c4267c4daf5: 已发送给 1 个客户端, seq=undefined
[Broadcast] 画布 canvas-2c4267c4daf5: 已发送给 1 个客户端, seq=undefined
[消息] userId=test03, canvas=canvas-2c4267c4daf5, action=presence, id=undefined, points=0
[Broadcast] 画布 canvas-2c4267c4daf5: 已发送给 1 个客户端, seq=26184
[Broadcast] 画布 canvas-2c4267c4daf5: 已发送给 1 个客户端, seq=undefined
[Broadcast] 画布 canvas-2c4267c4daf5: 已发送给 1 个客户端, seq=undefined
[Broadcast] 画布 canvas-2c4267c4daf5: 已发送给 1 个客户端, seq=undefined
[Broadcast] 画布 canvas-2c4267c4daf5: 已发送给 1 个客户端, seq=undefined
[Kafka] 批量保存完成: count=2, excluded=0, reason=schedule
[Broadcast] 画布 canvas-2c4267c4daf5: 已发送给 1 个客户端, seq=undefined
[Broadcast] 画布 canvas-2c4267c4daf5: 已发送给 1 个客户端, seq=undefined
[Broadcast] 画布 canvas-2c4267c4daf5: 已发送给 1 个客户端, seq=undefined
[消息] userId=test03, canvas=canvas-2c4267c4daf5, action=stroke, id=d147c855-3a67-43d2-990c-efb888d75ff5, points=5
[Broadcast] 画布 canvas-2c4267c4daf5: 已发送给 1 个客户端, seq=26185
[Broadcast] 画布 canvas-2c4267c4daf5: 已发送给 1 个客户端, seq=undefined
[Broadcast] 画布 canvas-2c4267c4daf5: 已发送给 1 个客户端, seq=undefined
[Broadcast] 画布 canvas-2c4267c4daf5: 已发送给 1 个客户端, seq=undefined
[Broadcast] 画布 canvas-2c4267c4daf5: 已发送给 1 个客户端, seq=undefined
[Broadcast] 画布 canvas-2c4267c4daf5: 已发送给 1 个客户端, seq=undefined
[Broadcast] 画布 canvas-2c4267c4daf5: 已发送给 1 个客户端, seq=undefined
[Broadcast] 画布 canvas-2c4267c4daf5: 已发送给 1 个客户端, seq=undefined
[Broadcast] 画布 canvas-2c4267c4daf5: 已发送给 1 个客户端, seq=undefined
[Broadcast] 画布 canvas-2c4267c4daf5: 已发送给 1 个客户端, seq=undefined
[Kafka] 批量保存完成: count=1, excluded=0, reason=schedule
[消息] userId=test03, canvas=canvas-2c4267c4daf5, action=stroke, id=4336c173-b569-466f-8173-43923ec610d1, points=2
[Broadcast] 画布 canvas-2c4267c4daf5: 已发送给 1 个客户端, seq=26186
[Broadcast] 画布 canvas-2c4267c4daf5: 已发送给 1 个客户端, seq=undefined
[Broadcast] 画布 canvas-2c4267c4daf5: 已发送给 1 个客户端, seq=undefined
[Broadcast] 画布 canvas-2c4267c4daf5: 已发送给 1 个客户端, seq=undefined
[Broadcast] 画布 canvas-2c4267c4daf5: 已发送给 1 个客户端, seq=undefined
[Broadcast] 画布 canvas-2c4267c4daf5: 已发送给 1 个客户端, seq=undefined
[Broadcast] 画布 canvas-2c4267c4daf5: 已发送给 1 个客户端, seq=undefined
[Broadcast] 画布 canvas-2c4267c4daf5: 已发送给 1 个客户端, seq=undefined
[Broadcast] 画布 canvas-2c4267c4daf5: 已发送给 1 个客户端, seq=undefined
[Broadcast] 画布 canvas-2c4267c4daf5: 已发送给 1 个客户端, seq=undefined
[消息] userId=test03, canvas=canvas-2c4267c4daf5, action=stroke, id=79eb4771-fafd-48ac-b0ba-7f5c5bcf07e1, points=4
[Broadcast] 画布 canvas-2c4267c4daf5: 已发送给 1 个客户端, seq=undefined
[Broadcast] 画布 canvas-2c4267c4daf5: 已发送给 1 个客户端, seq=26187
[Broadcast] 画布 canvas-2c4267c4daf5: 已发送给 1 个客户端, seq=undefined
[Broadcast] 画布 canvas-2c4267c4daf5: 已发送给 1 个客户端, seq=undefined
[Broadcast] 画布 canvas-2c4267c4daf5: 已发送给 1 个客户端, seq=undefined
[Broadcast] 画布 canvas-2c4267c4daf5: 已发送给 1 个客户端, seq=undefined
[Kafka] 批量保存完成: count=2, excluded=0, reason=schedule
[Broadcast] 画布 canvas-2c4267c4daf5: 已发送给 1 个客户端, seq=undefined
[Broadcast] 画布 canvas-2c4267c4daf5: 已发送给 1 个客户端, seq=undefined
[Broadcast] 画布 canvas-2c4267c4daf5: 已发送给 1 个客户端, seq=undefined
[Broadcast] 画布 canvas-2c4267c4daf5: 已发送给 1 个客户端, seq=undefined
[消息] userId=test03, canvas=canvas-2c4267c4daf5, action=stroke, id=58cbf420-4928-4fbd-80db-1bef6619be88, points=4
[Broadcast] 画布 canvas-2c4267c4daf5: 已发送给 1 个客户端, seq=26188
[Broadcast] 画布 canvas-2c4267c4daf5: 已发送给 1 个客户端, seq=undefined
[Broadcast] 画布 canvas-2c4267c4daf5: 已发送给 1 个客户端, seq=undefined
[Broadcast] 画布 canvas-2c4267c4daf5: 已发送给 1 个客户端, seq=undefined
[Broadcast] 画布 canvas-2c4267c4daf5: 已发送给 1 个客户端, seq=undefined
[Broadcast] 画布 canvas-2c4267c4daf5: 已发送给 1 个客户端, seq=undefined
[Broadcast] 画布 canvas-2c4267c4daf5: 已发送给 1 个客户端, seq=undefined
[Broadcast] 画布 canvas-2c4267c4daf5: 已发送给 1 个客户端, seq=undefined
[Broadcast] 画布 canvas-2c4267c4daf5: 已发送给 1 个客户端, seq=undefined
[Broadcast] 画布 canvas-2c4267c4daf5: 已发送给 1 个客户端, seq=undefined
[Broadcast] 画布 canvas-2c4267c4daf5: 已发送给 1 个客户端, seq=undefined
[Kafka] 批量保存完成: count=1, excluded=0, reason=schedule
[消息] userId=test03, canvas=canvas-2c4267c4daf5, action=stroke, id=58fb9daf-57d7-4280-a4a0-ed51f248034b, points=2
[Broadcast] 画布 canvas-2c4267c4daf5: 已发送给 1 个客户端, seq=undefined
[Broadcast] 画布 canvas-2c4267c4daf5: 已发送给 1 个客户端, seq=26189
[Broadcast] 画布 canvas-2c4267c4daf5: 已发送给 1 个客户端, seq=undefined
[Broadcast] 画布 canvas-2c4267c4daf5: 已发送给 1 个客户端, seq=undefined
[Broadcast] 画布 canvas-2c4267c4daf5: 已发送给 1 个客户端, seq=undefined
[Broadcast] 画布 canvas-2c4267c4daf5: 已发送给 1 个客户端, seq=undefined
[Broadcast] 画布 canvas-2c4267c4daf5: 已发送给 1 个客户端, seq=undefined
[Broadcast] 画布 canvas-2c4267c4daf5: 已发送给 1 个客户端, seq=undefined
[Broadcast] 画布 canvas-2c4267c4daf5: 已发送给 1 个客户端, seq=undefined
[Broadcast] 画布 canvas-2c4267c4daf5: 已发送给 1 个客户端, seq=undefined
[Broadcast] 画布 canvas-2c4267c4daf5: 已发送给 1 个客户端, seq=undefined
[Broadcast] 画布 canvas-2c4267c4daf5: 已发送给 1 个客户端, seq=undefined
[Broadcast] 画布 canvas-2c4267c4daf5: 已发送给 1 个客户端, seq=undefined
[Broadcast] 画布 canvas-2c4267c4daf5: 已发送给 1 个客户端, seq=undefined
[Broadcast] 画布 canvas-2c4267c4daf5: 已发送给 1 个客户端, seq=undefined
[Broadcast] 画布 canvas-2c4267c4daf5: 已发送给 1 个客户端, seq=undefined
[Broadcast] 画布 canvas-2c4267c4daf5: 已发送给 1 个客户端, seq=undefined
[Kafka] 批量保存完成: count=1, excluded=0, reason=schedule
[Broadcast] 画布 canvas-2c4267c4daf5: 已发送给 1 个客户端, seq=undefined
[Broadcast] 画布 canvas-2c4267c4daf5: 已发送给 1 个客户端, seq=undefined
[Broadcast] 画布 canvas-2c4267c4daf5: 已发送给 1 个客户端, seq=undefined
[Broadcast] 画布 canvas-2c4267c4daf5: 已发送给 1 个客户端, seq=undefined
[Broadcast] 画布 canvas-2c4267c4daf5: 已发送给 1 个客户端, seq=undefined
[Broadcast] 画布 canvas-2c4267c4daf5: 已发送给 1 个客户端, seq=undefined
[Broadcast] 画布 canvas-2c4267c4daf5: 已发送给 1 个客户端, seq=undefined
[消息] userId=test03, canvas=canvas-2c4267c4daf5, action=stroke, id=470e33e0-4cce-4409-acbe-ea8f966f3915, points=5
[Broadcast] 画布 canvas-2c4267c4daf5: 已发送给 1 个客户端, seq=26190
[Broadcast] 画布 canvas-2c4267c4daf5: 已发送给 1 个客户端, seq=undefined
[Broadcast] 画布 canvas-2c4267c4daf5: 已发送给 1 个客户端, seq=undefined
[消息] userId=test03, canvas=canvas-2c4267c4daf5, action=presence, id=undefined, points=0
[Broadcast] 画布 canvas-2c4267c4daf5: 已发送给 1 个客户端, seq=26191
[Broadcast] 画布 canvas-2c4267c4daf5: 已发送给 1 个客户端, seq=undefined
[Broadcast] 画布 canvas-2c4267c4daf5: 已发送给 1 个客户端, seq=undefined
[Broadcast] 画布 canvas-2c4267c4daf5: 已发送给 1 个客户端, seq=undefined
[Broadcast] 画布 canvas-2c4267c4daf5: 已发送给 1 个客户端, seq=undefined
[Broadcast] 画布 canvas-2c4267c4daf5: 已发送给 1 个客户端, seq=undefined
[Kafka] 批量保存完成: count=2, excluded=0, reason=schedule
[Broadcast] 画布 canvas-2c4267c4daf5: 已发送给 1 个客户端, seq=undefined
[Broadcast] 画布 canvas-2c4267c4daf5: 已发送给 1 个客户端, seq=undefined
[Broadcast] 画布 canvas-2c4267c4daf5: 已发送给 1 个客户端, seq=undefined
[Broadcast] 画布 canvas-2c4267c4daf5: 已发送给 1 个客户端, seq=undefined
[Broadcast] 画布 canvas-2c4267c4daf5: 已发送给 1 个客户端, seq=undefined
[Broadcast] 画布 canvas-2c4267c4daf5: 已发送给 1 个客户端, seq=undefined
[消息] userId=test03, canvas=canvas-2c4267c4daf5, action=stroke, id=2a36b51b-2ce0-4390-8221-d66f4ecb7b23, points=4
[Broadcast] 画布 canvas-2c4267c4daf5: 已发送给 1 个客户端, seq=undefined
[Broadcast] 画布 canvas-2c4267c4daf5: 已发送给 1 个客户端, seq=26192
[Broadcast] 画布 canvas-2c4267c4daf5: 已发送给 1 个客户端, seq=undefined
[Broadcast] 画布 canvas-2c4267c4daf5: 已发送给 1 个客户端, seq=undefined
[Broadcast] 画布 canvas-2c4267c4daf5: 已发送给 1 个客户端, seq=undefined
[Broadcast] 画布 canvas-2c4267c4daf5: 已发送给 1 个客户端, seq=undefined
[Broadcast] 画布 canvas-2c4267c4daf5: 已发送给 1 个客户端, seq=undefined
[Broadcast] 画布 canvas-2c4267c4daf5: 已发送给 1 个客户端, seq=undefined
[Broadcast] 画布 canvas-2c4267c4daf5: 已发送给 1 个客户端, seq=undefined
[Broadcast] 画布 canvas-2c4267c4daf5: 已发送给 1 个客户端, seq=undefined
[Kafka] 批量保存完成: count=1, excluded=0, reason=schedule
[消息] userId=test03, canvas=canvas-2c4267c4daf5, action=stroke, id=0c4d958c-23cd-4a8d-a6f1-123a0500bead, points=3
[Broadcast] 画布 canvas-2c4267c4daf5: 已发送给 1 个客户端, seq=26193
[Broadcast] 画布 canvas-2c4267c4daf5: 已发送给 1 个客户端, seq=undefined
[Broadcast] 画布 canvas-2c4267c4daf5: 已发送给 1 个客户端, seq=undefined
[Broadcast] 画布 canvas-2c4267c4daf5: 已发送给 1 个客户端, seq=undefined
[Broadcast] 画布 canvas-2c4267c4daf5: 已发送给 1 个客户端, seq=undefined
[Broadcast] 画布 canvas-2c4267c4daf5: 已发送给 1 个客户端, seq=undefined
[Broadcast] 画布 canvas-2c4267c4daf5: 已发送给 1 个客户端, seq=undefined
[消息] userId=test03, canvas=canvas-2c4267c4daf5, action=stroke, id=0bcb47a6-bdd1-4791-840d-e7ec57cf6374, points=3
[Broadcast] 画布 canvas-2c4267c4daf5: 已发送给 1 个客户端, seq=undefined
[Broadcast] 画布 canvas-2c4267c4daf5: 已发送给 1 个客户端, seq=26194
[Broadcast] 画布 canvas-2c4267c4daf5: 已发送给 1 个客户端, seq=undefined
[Broadcast] 画布 canvas-2c4267c4daf5: 已发送给 1 个客户端, seq=undefined
[Broadcast] 画布 canvas-2c4267c4daf5: 已发送给 1 个客户端, seq=undefined
[Broadcast] 画布 canvas-2c4267c4daf5: 已发送给 1 个客户端, seq=undefined
[消息] userId=test03, canvas=canvas-2c4267c4daf5, action=stroke, id=e2cad479-1d47-4f9b-9c33-9984688e83c2, points=2
[Broadcast] 画布 canvas-2c4267c4daf5: 已发送给 1 个客户端, seq=26195
[Broadcast] 画布 canvas-2c4267c4daf5: 已发送给 1 个客户端, seq=undefined
[Broadcast] 画布 canvas-2c4267c4daf5: 已发送给 1 个客户端, seq=undefined
[Kafka] 批量保存完成: count=3, excluded=0, reason=schedule
[Broadcast] 画布 canvas-2c4267c4daf5: 已发送给 1 个客户端, seq=undefined
[Broadcast] 画布 canvas-2c4267c4daf5: 已发送给 1 个客户端, seq=undefined
[Broadcast] 画布 canvas-2c4267c4daf5: 已发送给 1 个客户端, seq=undefined
[Broadcast] 画布 canvas-2c4267c4daf5: 已发送给 1 个客户端, seq=undefined
[Broadcast] 画布 canvas-2c4267c4daf5: 已发送给 1 个客户端, seq=undefined
[消息] userId=test03, canvas=canvas-2c4267c4daf5, action=stroke, id=9b313e15-6a98-4679-8bc3-7e4e21bea863, points=2
[Broadcast] 画布 canvas-2c4267c4daf5: 已发送给 1 个客户端, seq=26196
[Broadcast] 画布 canvas-2c4267c4daf5: 已发送给 1 个客户端, seq=undefined
[Broadcast] 画布 canvas-2c4267c4daf5: 已发送给 1 个客户端, seq=undefined
[Broadcast] 画布 canvas-2c4267c4daf5: 已发送给 1 个客户端, seq=undefined
[Broadcast] 画布 canvas-2c4267c4daf5: 已发送给 1 个客户端, seq=undefined
[Broadcast] 画布 canvas-2c4267c4daf5: 已发送给 1 个客户端, seq=undefined
[消息] userId=test03, canvas=canvas-2c4267c4daf5, action=stroke, id=e0adc32a-734e-4b63-9a71-06684ad4f6a8, points=2
[Broadcast] 画布 canvas-2c4267c4daf5: 已发送给 1 个客户端, seq=undefined
[Broadcast] 画布 canvas-2c4267c4daf5: 已发送给 1 个客户端, seq=26197
[Kafka] 批量保存完成: count=2, excluded=0, reason=schedule
[Broadcast] 画布 canvas-2c4267c4daf5: 已发送给 1 个客户端, seq=undefined
[Broadcast] 画布 canvas-2c4267c4daf5: 已发送给 1 个客户端, seq=undefined
[Broadcast] 画布 canvas-2c4267c4daf5: 已发送给 1 个客户端, seq=undefined
[Broadcast] 画布 canvas-2c4267c4daf5: 已发送给 1 个客户端, seq=undefined
[Broadcast] 画布 canvas-2c4267c4daf5: 已发送给 1 个客户端, seq=undefined
[Broadcast] 画布 canvas-2c4267c4daf5: 已发送给 1 个客户端, seq=undefined
[消息] userId=test03, canvas=canvas-2c4267c4daf5, action=stroke, id=1a39f1a0-f4b0-4d3a-bb12-671d30bbf6e9, points=3
[Broadcast] 画布 canvas-2c4267c4daf5: 已发送给 1 个客户端, seq=undefined
[Broadcast] 画布 canvas-2c4267c4daf5: 已发送给 1 个客户端, seq=26198
[Snapshot] 画布 canvas-2c4267c4daf5 生成快照，sequence_id=26197，笔画数=196，SVG大小=63840字节
[Broadcast] 画布 canvas-2c4267c4daf5: 已发送给 1 个客户端, seq=undefined
[Broadcast] 画布 canvas-2c4267c4daf5: 已发送给 1 个客户端, seq=undefined
[Broadcast] 画布 canvas-2c4267c4daf5: 已发送给 1 个客户端, seq=undefined
[Broadcast] 画布 canvas-2c4267c4daf5: 已发送给 1 个客户端, seq=undefined
[Broadcast] 画布 canvas-2c4267c4daf5: 已发送给 1 个客户端, seq=undefined
[Broadcast] 画布 canvas-2c4267c4daf5: 已发送给 1 个客户端, seq=undefined
[Broadcast] 画布 canvas-2c4267c4daf5: 已发送给 1 个客户端, seq=undefined
[Broadcast] 画布 canvas-2c4267c4daf5: 已发送给 1 个客户端, seq=undefined
[消息] userId=test03, canvas=canvas-2c4267c4daf5, action=stroke, id=7b0b3683-6601-4d2b-a60e-aa96fc1d5582, points=2
[Broadcast] 画布 canvas-2c4267c4daf5: 已发送给 1 个客户端, seq=undefined
[Broadcast] 画布 canvas-2c4267c4daf5: 已发送给 1 个客户端, seq=26199
[Kafka] 批量保存完成: count=2, excluded=0, reason=schedule
[Broadcast] 画布 canvas-2c4267c4daf5: 已发送给 1 个客户端, seq=undefined
[Broadcast] 画布 canvas-2c4267c4daf5: 已发送给 1 个客户端, seq=undefined
[Broadcast] 画布 canvas-2c4267c4daf5: 已发送给 1 个客户端, seq=undefined
[Broadcast] 画布 canvas-2c4267c4daf5: 已发送给 1 个客户端, seq=undefined
[Broadcast] 画布 canvas-2c4267c4daf5: 已发送给 1 个客户端, seq=undefined
[Broadcast] 画布 canvas-2c4267c4daf5: 已发送给 1 个客户端, seq=undefined
[Broadcast] 画布 canvas-2c4267c4daf5: 已发送给 1 个客户端, seq=undefined
[Broadcast] 画布 canvas-2c4267c4daf5: 已发送给 1 个客户端, seq=undefined
[Broadcast] 画布 canvas-2c4267c4daf5: 已发送给 1 个客户端, seq=undefined
[Broadcast] 画布 canvas-2c4267c4daf5: 已发送给 1 个客户端, seq=undefined
[Broadcast] 画布 canvas-2c4267c4daf5: 已发送给 1 个客户端, seq=undefined
[Broadcast] 画布 canvas-2c4267c4daf5: 已发送给 1 个客户端, seq=undefined
[消息] userId=test03, canvas=canvas-2c4267c4daf5, action=presence, id=undefined, points=0
[Broadcast] 画布 canvas-2c4267c4daf5: 已发送给 1 个客户端, seq=26200
[Broadcast] 画布 canvas-2c4267c4daf5: 已发送给 1 个客户端, seq=undefined
[Broadcast] 画布 canvas-2c4267c4daf5: 已发送给 1 个客户端, seq=undefined
[Broadcast] 画布 canvas-2c4267c4daf5: 已发送给 1 个客户端, seq=undefined
[Broadcast] 画布 canvas-2c4267c4daf5: 已发送给 1 个客户端, seq=undefined
[Broadcast] 画布 canvas-2c4267c4daf5: 已发送给 1 个客户端, seq=undefined
[Kafka] 批量保存完成: count=1, excluded=0, reason=schedule
[Broadcast] 画布 canvas-2c4267c4daf5: 已发送给 1 个客户端, seq=undefined
[Broadcast] 画布 canvas-2c4267c4daf5: 已发送给 1 个客户端, seq=undefined
[Broadcast] 画布 canvas-2c4267c4daf5: 已发送给 1 个客户端, seq=undefined
[Broadcast] 画布 canvas-2c4267c4daf5: 已发送给 1 个客户端, seq=undefined
[Broadcast] 画布 canvas-2c4267c4daf5: 已发送给 1 个客户端, seq=undefined
[消息] userId=test03, canvas=canvas-2c4267c4daf5, action=clear, id=undefined, points=0
[Clear] 用户 test03 清空了画布 canvas-2c4267c4daf5
[Broadcast] 画布 canvas-2c4267c4daf5: 已发送给 1 个客户端, seq=26201
[Broadcast] 画布 canvas-2c4267c4daf5: 已发送给 1 个客户端, seq=undefined
[Broadcast] 画布 canvas-2c4267c4daf5: 已发送给 1 个客户端, seq=undefined
[消息] userId=test03, canvas=canvas-2c4267c4daf5, action=presence, id=undefined, points=0
[Broadcast] 画布 canvas-2c4267c4daf5: 已发送给 1 个客户端, seq=26202
[Broadcast] 画布 canvas-2c4267c4daf5: 已发送给 1 个客户端, seq=undefined
[Broadcast] 画布 canvas-2c4267c4daf5: 已发送给 1 个客户端, seq=undefined
[Broadcast] 画布 canvas-2c4267c4daf5: 已发送给 1 个客户端, seq=undefined
[Broadcast] 画布 canvas-2c4267c4daf5: 已发送给 1 个客户端, seq=undefined
[Broadcast] 画布 canvas-2c4267c4daf5: 已发送给 1 个客户端, seq=undefined
[Kafka] 批量保存完成: count=1, excluded=0, reason=schedule
[消息] userId=test03, canvas=canvas-2c4267c4daf5, action=presence, id=undefined, points=0
[Broadcast] 画布 canvas-2c4267c4daf5: 已发送给 1 个客户端, seq=26203
[Kafka] 批量保存完成: count=1, excluded=0, reason=schedule
[消息] userId=test03, canvas=canvas-2c4267c4daf5, action=presence, id=undefined, points=0
[Broadcast] 画布 canvas-2c4267c4daf5: 已发送给 1 个客户端, seq=26204
[Kafka] 批量保存完成: count=1, excluded=0, reason=schedule
[消息] userId=test03, canvas=canvas-2c4267c4daf5, action=presence, id=undefined, points=0
[Broadcast] 画布 canvas-2c4267c4daf5: 已发送给 1 个客户端, seq=26205
[Kafka] 批量保存完成: count=1, excluded=0, reason=schedule
[消息] userId=test03, canvas=canvas-2c4267c4daf5, action=presence, id=undefined, points=0
[Broadcast] 画布 canvas-2c4267c4daf5: 已发送给 1 个客户端, seq=26206
[Kafka] 批量保存完成: count=1, excluded=0, reason=schedule
[消息] userId=test03, canvas=canvas-2c4267c4daf5, action=presence, id=undefined, points=0
[Broadcast] 画布 canvas-2c4267c4daf5: 已发送给 1 个客户端, seq=26207
[Kafka] 批量保存完成: count=1, excluded=0, reason=schedule
[消息] userId=test03, canvas=canvas-2c4267c4daf5, action=presence, id=undefined, points=0
[Broadcast] 画布 canvas-2c4267c4daf5: 已发送给 1 个客户端, seq=26208
[Kafka] 批量保存完成: count=1, excluded=0, reason=schedule
[消息] userId=test03, canvas=canvas-2c4267c4daf5, action=presence, id=undefined, points=0
[Broadcast] 画布 canvas-2c4267c4daf5: 已发送给 1 个客户端, seq=26209
[Kafka] 批量保存完成: count=1, excluded=0, reason=schedule
[消息] userId=test03, canvas=canvas-2c4267c4daf5, action=presence, id=undefined, points=0
[Broadcast] 画布 canvas-2c4267c4daf5: 已发送给 1 个客户端, seq=26210
[Kafka] 批量保存完成: count=1, excluded=0, reason=schedule
[消息] userId=test03, canvas=canvas-2c4267c4daf5, action=presence, id=undefined, points=0
[Broadcast] 画布 canvas-2c4267c4daf5: 已发送给 1 个客户端, seq=26211
[Kafka] 批量保存完成: count=1, excluded=0, reason=schedule
[Broadcast] 画布 canvas-2c4267c4daf5: 已发送给 1 个客户端, seq=undefined
[Broadcast] 画布 canvas-2c4267c4daf5: 已发送给 1 个客户端, seq=undefined
[Broadcast] 画布 canvas-2c4267c4daf5: 已发送给 1 个客户端, seq=undefined
[Broadcast] 画布 canvas-2c4267c4daf5: 已发送给 1 个客户端, seq=undefined
[消息] userId=test03, canvas=canvas-2c4267c4daf5, action=presence, id=undefined, points=0
[Broadcast] 画布 canvas-2c4267c4daf5: 已发送给 1 个客户端, seq=26212
[Kafka] 批量保存完成: count=1, excluded=0, reason=schedule
[消息] userId=test03, canvas=canvas-2c4267c4daf5, action=presence, id=undefined, points=0
[Broadcast] 画布 canvas-2c4267c4daf5: 已发送给 1 个客户端, seq=26213
[Kafka] 批量保存完成: count=1, excluded=0, reason=schedule
[消息] userId=test03, canvas=canvas-2c4267c4daf5, action=presence, id=undefined, points=0
[Broadcast] 画布 canvas-2c4267c4daf5: 已发送给 1 个客户端, seq=26214
[Kafka] 批量保存完成: count=1, excluded=0, reason=schedule
[消息] userId=test03, canvas=canvas-2c4267c4daf5, action=presence, id=undefined, points=0
[Broadcast] 画布 canvas-2c4267c4daf5: 已发送给 1 个客户端, seq=26215
[Kafka] 批量保存完成: count=1, excluded=0, reason=schedule
[消息] userId=test03, canvas=canvas-2c4267c4daf5, action=presence, id=undefined, points=0
[Broadcast] 画布 canvas-2c4267c4daf5: 已发送给 1 个客户端, seq=26216
[Kafka] 批量保存完成: count=1, excluded=0, reason=schedule
[消息] userId=test03, canvas=canvas-2c4267c4daf5, action=presence, id=undefined, points=0
[Broadcast] 画布 canvas-2c4267c4daf5: 已发送给 1 个客户端, seq=26217
[Kafka] 批量保存完成: count=1, excluded=0, reason=schedule
[消息] userId=test03, canvas=canvas-2c4267c4daf5, action=presence, id=undefined, points=0
[Broadcast] 画布 canvas-2c4267c4daf5: 已发送给 1 个客户端, seq=26218
[Kafka] 批量保存完成: count=1, excluded=0, reason=schedule
[消息] userId=test03, canvas=canvas-2c4267c4daf5, action=presence, id=undefined, points=0
[Broadcast] 画布 canvas-2c4267c4daf5: 已发送给 1 个客户端, seq=26219
[Kafka] 批量保存完成: count=1, excluded=0, reason=schedule
[消息] userId=test03, canvas=canvas-2c4267c4daf5, action=presence, id=undefined, points=0
[Broadcast] 画布 canvas-2c4267c4daf5: 已发送给 1 个客户端, seq=26220
[Kafka] 批量保存完成: count=1, excluded=0, reason=schedule
[消息] userId=test03, canvas=canvas-2c4267c4daf5, action=presence, id=undefined, points=0
[Broadcast] 画布 canvas-2c4267c4daf5: 已发送给 1 个客户端, seq=26221
[Kafka] 批量保存完成: count=1, excluded=0, reason=schedule
[消息] userId=test03, canvas=canvas-2c4267c4daf5, action=presence, id=undefined, points=0
[Broadcast] 画布 canvas-2c4267c4daf5: 已发送给 1 个客户端, seq=26222
[Kafka] 批量保存完成: count=1, excluded=0, reason=schedule
[消息] userId=test03, canvas=canvas-2c4267c4daf5, action=presence, id=undefined, points=0
[Broadcast] 画布 canvas-2c4267c4daf5: 已发送给 1 个客户端, seq=26223
[Kafka] 批量保存完成: count=1, excluded=0, reason=schedule
[消息] userId=test03, canvas=canvas-2c4267c4daf5, action=presence, id=undefined, points=0
[Broadcast] 画布 canvas-2c4267c4daf5: 已发送给 1 个客户端, seq=26224
[Kafka] 批量保存完成: count=1, excluded=0, reason=schedule
[消息] userId=test03, canvas=canvas-2c4267c4daf5, action=presence, id=undefined, points=0
[Broadcast] 画布 canvas-2c4267c4daf5: 已发送给 1 个客户端, seq=26225
[Kafka] 批量保存完成: count=1, excluded=0, reason=schedule
[消息] userId=test03, canvas=canvas-2c4267c4daf5, action=presence, id=undefined, points=0
[Broadcast] 画布 canvas-2c4267c4daf5: 已发送给 1 个客户端, seq=26226
[Kafka] 批量保存完成: count=1, excluded=0, reason=schedule
[消息] userId=test03, canvas=canvas-2c4267c4daf5, action=presence, id=undefined, points=0
[Broadcast] 画布 canvas-2c4267c4daf5: 已发送给 1 个客户端, seq=26227
[Kafka] 批量保存完成: count=1, excluded=0, reason=schedule
[消息] userId=test03, canvas=canvas-2c4267c4daf5, action=presence, id=undefined, points=0
[Broadcast] 画布 canvas-2c4267c4daf5: 已发送给 1 个客户端, seq=26228
[Kafka] 批量保存完成: count=1, excluded=0, reason=schedule
[消息] userId=test03, canvas=canvas-2c4267c4daf5, action=presence, id=undefined, points=0
[Broadcast] 画布 canvas-2c4267c4daf5: 已发送给 1 个客户端, seq=26229
[Kafka] 批量保存完成: count=1, excluded=0, reason=schedule
[消息] userId=test03, canvas=canvas-2c4267c4daf5, action=presence, id=undefined, points=0
[Broadcast] 画布 canvas-2c4267c4daf5: 已发送给 1 个客户端, seq=26230
[Kafka] 批量保存完成: count=1, excluded=0, reason=schedule
[消息] userId=test03, canvas=canvas-2c4267c4daf5, action=presence, id=undefined, points=0
[Broadcast] 画布 canvas-2c4267c4daf5: 已发送给 1 个客户端, seq=26231
[Kafka] 批量保存完成: count=1, excluded=0, reason=schedule
[消息] userId=test03, canvas=canvas-2c4267c4daf5, action=presence, id=undefined, points=0
[Broadcast] 画布 canvas-2c4267c4daf5: 已发送给 1 个客户端, seq=26232
[Kafka] 批量保存完成: count=1, excluded=0, reason=schedule
[消息] userId=test03, canvas=canvas-2c4267c4daf5, action=presence, id=undefined, points=0
[Broadcast] 画布 canvas-2c4267c4daf5: 已发送给 1 个客户端, seq=26233
[Kafka] 批量保存完成: count=1, excluded=0, reason=schedule
[消息] userId=test03, canvas=canvas-2c4267c4daf5, action=presence, id=undefined, points=0
[Broadcast] 画布 canvas-2c4267c4daf5: 已发送给 1 个客户端, seq=26234
[Kafka] 批量保存完成: count=1, excluded=0, reason=schedule
[消息] userId=test03, canvas=canvas-2c4267c4daf5, action=presence, id=undefined, points=0
[Broadcast] 画布 canvas-2c4267c4daf5: 已发送给 1 个客户端, seq=26235
[Kafka] 批量保存完成: count=1, excluded=0, reason=schedule
[消息] userId=test03, canvas=canvas-2c4267c4daf5, action=presence, id=undefined, points=0
[Broadcast] 画布 canvas-2c4267c4daf5: 已发送给 1 个客户端, seq=26236
[Kafka] 批量保存完成: count=1, excluded=0, reason=schedule
[消息] userId=test03, canvas=canvas-2c4267c4daf5, action=presence, id=undefined, points=0
[Broadcast] 画布 canvas-2c4267c4daf5: 已发送给 1 个客户端, seq=26237
[Kafka] 批量保存完成: count=1, excluded=0, reason=schedule
[消息] userId=test03, canvas=canvas-2c4267c4daf5, action=presence, id=undefined, points=0
[Broadcast] 画布 canvas-2c4267c4daf5: 已发送给 1 个客户端, seq=26238
[Kafka] 批量保存完成: count=1, excluded=0, reason=schedule
[消息] userId=test03, canvas=canvas-2c4267c4daf5, action=presence, id=undefined, points=0
[Broadcast] 画布 canvas-2c4267c4daf5: 已发送给 1 个客户端, seq=26239
[Kafka] 批量保存完成: count=1, excluded=0, reason=schedule
[消息] userId=test03, canvas=canvas-2c4267c4daf5, action=presence, id=undefined, points=0
[Broadcast] 画布 canvas-2c4267c4daf5: 已发送给 1 个客户端, seq=26240
[Kafka] 批量保存完成: count=1, excluded=0, reason=schedule
[消息] userId=test03, canvas=canvas-2c4267c4daf5, action=presence, id=undefined, points=0
[Broadcast] 画布 canvas-2c4267c4daf5: 已发送给 1 个客户端, seq=26241
[Kafka] 批量保存完成: count=1, excluded=0, reason=schedule
[消息] userId=test03, canvas=canvas-2c4267c4daf5, action=presence, id=undefined, points=0
[Broadcast] 画布 canvas-2c4267c4daf5: 已发送给 1 个客户端, seq=26242
[Kafka] 批量保存完成: count=1, excluded=0, reason=schedule
[消息] userId=test03, canvas=canvas-2c4267c4daf5, action=presence, id=undefined, points=0
[Broadcast] 画布 canvas-2c4267c4daf5: 已发送给 1 个客户端, seq=26243
[Kafka] 批量保存完成: count=1, excluded=0, reason=schedule
[消息] userId=test03, canvas=canvas-2c4267c4daf5, action=presence, id=undefined, points=0
[Broadcast] 画布 canvas-2c4267c4daf5: 已发送给 1 个客户端, seq=26244
[Kafka] 批量保存完成: count=1, excluded=0, reason=schedule
[消息] userId=test03, canvas=canvas-2c4267c4daf5, action=presence, id=undefined, points=0
[Broadcast] 画布 canvas-2c4267c4daf5: 已发送给 1 个客户端, seq=26245
[Kafka] 批量保存完成: count=1, excluded=0, reason=schedule
[消息] userId=test03, canvas=canvas-2c4267c4daf5, action=presence, id=undefined, points=0
[Broadcast] 画布 canvas-2c4267c4daf5: 已发送给 1 个客户端, seq=26246
[Kafka] 批量保存完成: count=1, excluded=0, reason=schedule
[消息] userId=test03, canvas=canvas-2c4267c4daf5, action=presence, id=undefined, points=0
[Broadcast] 画布 canvas-2c4267c4daf5: 已发送给 1 个客户端, seq=26247
[Kafka] 批量保存完成: count=1, excluded=0, reason=schedule
[Redis] 已取消订阅频道: canvas:canvas-2c4267c4daf5
[Redis] 已取消订阅画布频道: canvas:canvas-2c4267c4daf5
[Room] test03 离开画布 canvas-2c4267c4daf5 (房间人数: 0)
[-] 用户断开: test03, canvas=canvas-2c4267c4daf5, 当前在线: 0
[Redis] Client 已连接: localhost:6379
[Redis] Subscriber 已连接: localhost:6379
[Redis] Subscriber 已连接: localhost:6379
[Redis] Client 已连接: localhost:6379
[Redis] Client 已连接: localhost:6379
[Redis] Subscriber 已连接: localhost:6379
[Redis] Subscriber 已连接: localhost:6379
[Redis] Client 已连接: localhost:6379
[Redis] Subscriber 已连接: localhost:6379
[Redis] Client 已连接: localhost:6379
[Redis] Subscriber 已连接: localhost:6379
[Redis] Client 已连接: localhost:6379
[Redis] Subscriber 已连接: localhost:6379
[Redis] Client 已连接: localhost:6379
[Redis] Subscriber 已连接: localhost:6379
[Redis] Client 已连接: localhost:6379
{"level":"INFO","timestamp":"2026-06-02T13:33:37.549Z","logger":"kafkajs","message":"[Consumer] Stopped","groupId":"persistence-service"}
{"level":"INFO","timestamp":"2026-06-02T13:33:37.865Z","logger":"kafkajs","message":"[Consumer] Starting","groupId":"persistence-service"}
{"level":"INFO","timestamp":"2026-06-02T13:33:45.388Z","logger":"kafkajs","message":"[Consumer] Stopped","groupId":"persistence-service"}
{"level":"INFO","timestamp":"2026-06-02T13:33:53.222Z","logger":"kafkajs","message":"[Consumer] Starting","groupId":"persistence-service"}
{"level":"INFO","timestamp":"2026-06-02T13:34:00.328Z","logger":"kafkajs","message":"[Consumer] Stopped","groupId":"persistence-service"}
{"level":"INFO","timestamp":"2026-06-02T13:34:08.206Z","logger":"kafkajs","message":"[Consumer] Starting","groupId":"persistence-service"}
{"level":"INFO","timestamp":"2026-06-02T13:34:20.295Z","logger":"kafkajs","message":"[Consumer] Stopped","groupId":"persistence-service"}
{"level":"INFO","timestamp":"2026-06-02T13:34:32.200Z","logger":"kafkajs","message":"[Consumer] Starting","groupId":"persistence-service"}
{"level":"INFO","timestamp":"2026-06-02T13:34:43.719Z","logger":"kafkajs","message":"[Consumer] Stopped","groupId":"persistence-service"}
{"level":"INFO","timestamp":"2026-06-02T13:34:56.242Z","logger":"kafkajs","message":"[Consumer] Starting","groupId":"persistence-service"}
{"level":"INFO","timestamp":"2026-06-02T13:35:04.345Z","logger":"kafkajs","message":"[Consumer] Stopped","groupId":"persistence-service"}
{"level":"INFO","timestamp":"2026-06-02T13:35:12.895Z","logger":"kafkajs","message":"[Consumer] Starting","groupId":"persistence-service"}
{"level":"INFO","timestamp":"2026-06-02T13:35:23.119Z","logger":"kafkajs","message":"[Consumer] Stopped","groupId":"persistence-service"}
{"level":"INFO","timestamp":"2026-06-02T13:35:31.979Z","logger":"kafkajs","message":"[Consumer] Starting","groupId":"persistence-service"}
{"level":"INFO","timestamp":"2026-06-02T13:35:42.943Z","logger":"kafkajs","message":"[Consumer] Stopped","groupId":"persistence-service"}
{"level":"INFO","timestamp":"2026-06-02T13:35:53.951Z","logger":"kafkajs","message":"[Consumer] Starting","groupId":"persistence-service"}
{"level":"INFO","timestamp":"2026-06-02T13:36:02.635Z","logger":"kafkajs","message":"[Consumer] Stopped","groupId":"persistence-service"}
{"level":"INFO","timestamp":"2026-06-02T13:36:11.666Z","logger":"kafkajs","message":"[Consumer] Starting","groupId":"persistence-service"}
{"level":"INFO","timestamp":"2026-06-02T13:36:20.643Z","logger":"kafkajs","message":"[Consumer] Stopped","groupId":"persistence-service"}
{"level":"INFO","timestamp":"2026-06-02T13:36:29.896Z","logger":"kafkajs","message":"[Consumer] Starting","groupId":"persistence-service"}
{"level":"INFO","timestamp":"2026-06-02T13:36:38.528Z","logger":"kafkajs","message":"[Consumer] Stopped","groupId":"persistence-service"}
{"level":"INFO","timestamp":"2026-06-02T13:36:48.226Z","logger":"kafkajs","message":"[Consumer] Starting","groupId":"persistence-service"}
{"level":"INFO","timestamp":"2026-06-02T13:36:58.482Z","logger":"kafkajs","message":"[Consumer] Stopped","groupId":"persistence-service"}
{"level":"INFO","timestamp":"2026-06-02T13:37:08.272Z","logger":"kafkajs","message":"[Consumer] Starting","groupId":"persistence-service"}
{"level":"INFO","timestamp":"2026-06-02T13:37:17.633Z","logger":"kafkajs","message":"[Consumer] Stopped","groupId":"persistence-service"}
{"level":"INFO","timestamp":"2026-06-02T13:37:26.683Z","logger":"kafkajs","message":"[Consumer] Starting","groupId":"persistence-service"}
{"level":"INFO","timestamp":"2026-06-02T13:37:33.755Z","logger":"kafkajs","message":"[Consumer] Stopped","groupId":"persistence-service"}
{"level":"INFO","timestamp":"2026-06-02T13:37:39.600Z","logger":"kafkajs","message":"[Consumer] Starting","groupId":"persistence-service"}
{"level":"INFO","timestamp":"2026-06-02T13:37:47.643Z","logger":"kafkajs","message":"[Consumer] Stopped","groupId":"persistence-service"}
{"level":"INFO","timestamp":"2026-06-02T13:37:57.648Z","logger":"kafkajs","message":"[Consumer] Starting","groupId":"persistence-service"}
{"level":"INFO","timestamp":"2026-06-02T13:38:06.749Z","logger":"kafkajs","message":"[Consumer] Stopped","groupId":"persistence-service"}
{"level":"INFO","timestamp":"2026-06-02T13:38:18.058Z","logger":"kafkajs","message":"[Consumer] Starting","groupId":"persistence-service"}
{"level":"INFO","timestamp":"2026-06-02T13:38:28.867Z","logger":"kafkajs","message":"[Consumer] Stopped","groupId":"persistence-service"}
{"level":"INFO","timestamp":"2026-06-02T13:38:38.127Z","logger":"kafkajs","message":"[Consumer] Starting","groupId":"persistence-service"}
{"level":"INFO","timestamp":"2026-06-02T13:38:44.952Z","logger":"kafkajs","message":"[Consumer] Stopped","groupId":"persistence-service"}
{"level":"INFO","timestamp":"2026-06-02T13:38:53.136Z","logger":"kafkajs","message":"[Consumer] Starting","groupId":"persistence-service"}
{"level":"INFO","timestamp":"2026-06-02T13:39:02.296Z","logger":"kafkajs","message":"[Consumer] Stopped","groupId":"persistence-service"}
{"level":"INFO","timestamp":"2026-06-02T13:39:11.800Z","logger":"kafkajs","message":"[Consumer] Starting","groupId":"persistence-service"}
{"level":"INFO","timestamp":"2026-06-02T13:39:19.706Z","logger":"kafkajs","message":"[Consumer] Stopped","groupId":"persistence-service"}
{"level":"INFO","timestamp":"2026-06-02T13:39:28.483Z","logger":"kafkajs","message":"[Consumer] Starting","groupId":"persistence-service"}
{"level":"INFO","timestamp":"2026-06-02T13:39:33.711Z","logger":"kafkajs","message":"[Consumer] Stopped","groupId":"persistence-service"}
{"level":"INFO","timestamp":"2026-06-02T13:39:39.082Z","logger":"kafkajs","message":"[Consumer] Starting","groupId":"persistence-service"}
{"level":"INFO","timestamp":"2026-06-02T13:39:47.285Z","logger":"kafkajs","message":"[Consumer] Stopped","groupId":"persistence-service"}
{"level":"INFO","timestamp":"2026-06-02T13:39:57.663Z","logger":"kafkajs","message":"[Consumer] Starting","groupId":"persistence-service"}
{"level":"INFO","timestamp":"2026-06-02T13:40:08.961Z","logger":"kafkajs","message":"[Consumer] Stopped","groupId":"persistence-service"}
{"level":"INFO","timestamp":"2026-06-02T13:40:20.161Z","logger":"kafkajs","message":"[Consumer] Starting","groupId":"persistence-service"}
{"level":"INFO","timestamp":"2026-06-02T13:40:28.407Z","logger":"kafkajs","message":"[Consumer] Stopped","groupId":"persistence-service"}
{"level":"INFO","timestamp":"2026-06-02T13:40:35.780Z","logger":"kafkajs","message":"[Consumer] Starting","groupId":"persistence-service"}
{"level":"INFO","timestamp":"2026-06-02T13:40:42.711Z","logger":"kafkajs","message":"[Consumer] Stopped","groupId":"persistence-service"}
{"level":"INFO","timestamp":"2026-06-02T13:40:48.871Z","logger":"kafkajs","message":"[Consumer] Starting","groupId":"persistence-service"}
{"level":"INFO","timestamp":"2026-06-02T13:41:02.133Z","logger":"kafkajs","message":"[Consumer] Stopped","groupId":"persistence-service"}
{"level":"INFO","timestamp":"2026-06-02T13:41:15.910Z","logger":"kafkajs","message":"[Consumer] Starting","groupId":"persistence-service"}
{"level":"INFO","timestamp":"2026-06-02T13:41:29.387Z","logger":"kafkajs","message":"[Consumer] Stopped","groupId":"persistence-service"}
{"level":"INFO","timestamp":"2026-06-02T13:41:45.038Z","logger":"kafkajs","message":"[Consumer] Starting","groupId":"persistence-service"}
{"level":"INFO","timestamp":"2026-06-02T13:41:52.081Z","logger":"kafkajs","message":"[Consumer] Stopped","groupId":"persistence-service"}
{"level":"INFO","timestamp":"2026-06-02T13:41:58.190Z","logger":"kafkajs","message":"[Consumer] Starting","groupId":"persistence-service"}
{"level":"INFO","timestamp":"2026-06-02T13:42:05.865Z","logger":"kafkajs","message":"[Consumer] Stopped","groupId":"persistence-service"}
{"level":"INFO","timestamp":"2026-06-02T13:42:14.764Z","logger":"kafkajs","message":"[Consumer] Starting","groupId":"persistence-service"}
{"level":"INFO","timestamp":"2026-06-02T13:42:23.086Z","logger":"kafkajs","message":"[Consumer] Stopped","groupId":"persistence-service"}
{"level":"INFO","timestamp":"2026-06-02T13:42:31.519Z","logger":"kafkajs","message":"[Consumer] Starting","groupId":"persistence-service"}
{"level":"INFO","timestamp":"2026-06-02T13:42:37.774Z","logger":"kafkajs","message":"[Consumer] Stopped","groupId":"persistence-service"}
{"level":"INFO","timestamp":"2026-06-02T13:42:43.742Z","logger":"kafkajs","message":"[Consumer] Starting","groupId":"persistence-service"}
{"level":"INFO","timestamp":"2026-06-02T13:42:51.040Z","logger":"kafkajs","message":"[Consumer] Stopped","groupId":"persistence-service"}
{"level":"INFO","timestamp":"2026-06-02T13:42:57.632Z","logger":"kafkajs","message":"[Consumer] Starting","groupId":"persistence-service"}
{"level":"INFO","timestamp":"2026-06-02T13:43:10.889Z","logger":"kafkajs","message":"[Consumer] Stopped","groupId":"persistence-service"}
{"level":"INFO","timestamp":"2026-06-02T13:43:29.057Z","logger":"kafkajs","message":"[Consumer] Starting","groupId":"persistence-service"}
{"level":"INFO","timestamp":"2026-06-02T13:43:41.295Z","logger":"kafkajs","message":"[Consumer] Stopped","groupId":"persistence-service"}
{"level":"INFO","timestamp":"2026-06-02T13:43:55.717Z","logger":"kafkajs","message":"[Consumer] Starting","groupId":"persistence-service"}
{"level":"INFO","timestamp":"2026-06-02T13:44:04.401Z","logger":"kafkajs","message":"[Consumer] Stopped","groupId":"persistence-service"}
{"level":"INFO","timestamp":"2026-06-02T13:44:15.283Z","logger":"kafkajs","message":"[Consumer] Starting","groupId":"persistence-service"}
{"level":"INFO","timestamp":"2026-06-02T13:44:26.208Z","logger":"kafkajs","message":"[Consumer] Stopped","groupId":"persistence-service"}
{"level":"INFO","timestamp":"2026-06-02T13:44:35.743Z","logger":"kafkajs","message":"[Consumer] Starting","groupId":"persistence-service"}
{"level":"INFO","timestamp":"2026-06-02T13:44:44.313Z","logger":"kafkajs","message":"[Consumer] Stopped","groupId":"persistence-service"}
{"level":"INFO","timestamp":"2026-06-02T13:44:52.620Z","logger":"kafkajs","message":"[Consumer] Starting","groupId":"persistence-service"}
{"level":"INFO","timestamp":"2026-06-02T13:45:02.764Z","logger":"kafkajs","message":"[Consumer] Stopped","groupId":"persistence-service"}
{"level":"INFO","timestamp":"2026-06-02T13:45:13.581Z","logger":"kafkajs","message":"[Consumer] Starting","groupId":"persistence-service"}
{"level":"INFO","timestamp":"2026-06-02T13:45:26.189Z","logger":"kafkajs","message":"[Consumer] Stopped","groupId":"persistence-service"}
{"level":"INFO","timestamp":"2026-06-02T13:45:38.304Z","logger":"kafkajs","message":"[Consumer] Starting","groupId":"persistence-service"}
{"level":"INFO","timestamp":"2026-06-02T13:45:43.850Z","logger":"kafkajs","message":"[Consumer] Stopped","groupId":"persistence-service"}
{"level":"INFO","timestamp":"2026-06-02T13:45:49.724Z","logger":"kafkajs","message":"[Consumer] Starting","groupId":"persistence-service"}
{"level":"INFO","timestamp":"2026-06-02T13:46:01.221Z","logger":"kafkajs","message":"[Consumer] Stopped","groupId":"persistence-service"}
{"level":"INFO","timestamp":"2026-06-02T13:46:14.182Z","logger":"kafkajs","message":"[Consumer] Starting","groupId":"persistence-service"}
{"level":"INFO","timestamp":"2026-06-02T13:46:28.433Z","logger":"kafkajs","message":"[Consumer] Stopped","groupId":"persistence-service"}
{"level":"INFO","timestamp":"2026-06-02T13:46:44.293Z","logger":"kafkajs","message":"[Consumer] Starting","groupId":"persistence-service"}
{"level":"INFO","timestamp":"2026-06-02T13:46:53.117Z","logger":"kafkajs","message":"[Consumer] Stopped","groupId":"persistence-service"}
{"level":"INFO","timestamp":"2026-06-02T13:47:01.733Z","logger":"kafkajs","message":"[Consumer] Starting","groupId":"persistence-service"}
{"level":"INFO","timestamp":"2026-06-02T13:47:10.117Z","logger":"kafkajs","message":"[Consumer] Stopped","groupId":"persistence-service"}
{"level":"INFO","timestamp":"2026-06-02T13:47:19.136Z","logger":"kafkajs","message":"[Consumer] Starting","groupId":"persistence-service"}
{"level":"INFO","timestamp":"2026-06-02T13:47:29.611Z","logger":"kafkajs","message":"[Consumer] Stopped","groupId":"persistence-service"}
{"level":"INFO","timestamp":"2026-06-02T13:47:41.187Z","logger":"kafkajs","message":"[Consumer] Starting","groupId":"persistence-service"}
{"level":"INFO","timestamp":"2026-06-02T13:47:51.682Z","logger":"kafkajs","message":"[Consumer] Stopped","groupId":"persistence-service"}
{"level":"INFO","timestamp":"2026-06-02T13:48:01.625Z","logger":"kafkajs","message":"[Consumer] Starting","groupId":"persistence-service"}
{"level":"INFO","timestamp":"2026-06-02T13:48:11.346Z","logger":"kafkajs","message":"[Consumer] Stopped","groupId":"persistence-service"}
{"level":"INFO","timestamp":"2026-06-02T13:48:19.108Z","logger":"kafkajs","message":"[Consumer] Starting","groupId":"persistence-service"}
{"level":"INFO","timestamp":"2026-06-02T13:48:25.832Z","logger":"kafkajs","message":"[Consumer] Stopped","groupId":"persistence-service"}
{"level":"INFO","timestamp":"2026-06-02T13:48:32.623Z","logger":"kafkajs","message":"[Consumer] Starting","groupId":"persistence-service"}
{"level":"INFO","timestamp":"2026-06-02T13:48:42.766Z","logger":"kafkajs","message":"[Consumer] Stopped","groupId":"persistence-service"}
{"level":"INFO","timestamp":"2026-06-02T13:48:53.215Z","logger":"kafkajs","message":"[Consumer] Starting","groupId":"persistence-service"}
{"level":"INFO","timestamp":"2026-06-02T13:49:03.158Z","logger":"kafkajs","message":"[Consumer] Stopped","groupId":"persistence-service"}
{"level":"INFO","timestamp":"2026-06-02T13:49:11.682Z","logger":"kafkajs","message":"[Consumer] Starting","groupId":"persistence-service"}
{"level":"INFO","timestamp":"2026-06-02T13:49:20.033Z","logger":"kafkajs","message":"[Consumer] Stopped","groupId":"persistence-service"}
{"level":"INFO","timestamp":"2026-06-02T13:49:29.504Z","logger":"kafkajs","message":"[Consumer] Starting","groupId":"persistence-service"}
{"level":"INFO","timestamp":"2026-06-02T13:49:39.069Z","logger":"kafkajs","message":"[Consumer] Stopped","groupId":"persistence-service"}
{"level":"INFO","timestamp":"2026-06-02T13:49:47.256Z","logger":"kafkajs","message":"[Consumer] Starting","groupId":"persistence-service"}
{"level":"INFO","timestamp":"2026-06-02T13:49:57.292Z","logger":"kafkajs","message":"[Consumer] Stopped","groupId":"persistence-service"}
{"level":"INFO","timestamp":"2026-06-02T13:50:06.358Z","logger":"kafkajs","message":"[Consumer] Starting","groupId":"persistence-service"}
{"level":"INFO","timestamp":"2026-06-02T13:50:15.711Z","logger":"kafkajs","message":"[Consumer] Stopped","groupId":"persistence-service"}
{"level":"INFO","timestamp":"2026-06-02T13:50:25.017Z","logger":"kafkajs","message":"[Consumer] Starting","groupId":"persistence-service"}
{"level":"INFO","timestamp":"2026-06-02T13:50:34.285Z","logger":"kafkajs","message":"[Consumer] Stopped","groupId":"persistence-service"}
{"level":"INFO","timestamp":"2026-06-02T13:50:43.440Z","logger":"kafkajs","message":"[Consumer] Starting","groupId":"persistence-service"}
{"level":"INFO","timestamp":"2026-06-02T13:50:51.375Z","logger":"kafkajs","message":"[Consumer] Stopped","groupId":"persistence-service"}
{"level":"INFO","timestamp":"2026-06-02T13:50:58.802Z","logger":"kafkajs","message":"[Consumer] Starting","groupId":"persistence-service"}
{"level":"INFO","timestamp":"2026-06-02T13:51:08.270Z","logger":"kafkajs","message":"[Consumer] Stopped","groupId":"persistence-service"}
{"level":"INFO","timestamp":"2026-06-02T13:51:15.721Z","logger":"kafkajs","message":"[Consumer] Starting","groupId":"persistence-service"}
{"level":"INFO","timestamp":"2026-06-02T13:51:27.938Z","logger":"kafkajs","message":"[Consumer] Stopped","groupId":"persistence-service"}
{"level":"INFO","timestamp":"2026-06-02T13:51:39.420Z","logger":"kafkajs","message":"[Consumer] Starting","groupId":"persistence-service"}
{"level":"INFO","timestamp":"2026-06-02T13:51:55.458Z","logger":"kafkajs","message":"[Consumer] Stopped","groupId":"persistence-service"}
{"level":"INFO","timestamp":"2026-06-02T13:52:11.923Z","logger":"kafkajs","message":"[Consumer] Starting","groupId":"persistence-service"}
{"level":"INFO","timestamp":"2026-06-02T13:52:20.963Z","logger":"kafkajs","message":"[Consumer] Stopped","groupId":"persistence-service"}
{"level":"INFO","timestamp":"2026-06-02T13:52:30.790Z","logger":"kafkajs","message":"[Consumer] Starting","groupId":"persistence-service"}
{"level":"INFO","timestamp":"2026-06-02T13:52:37.020Z","logger":"kafkajs","message":"[Consumer] Stopped","groupId":"persistence-service"}
{"level":"INFO","timestamp":"2026-06-02T13:52:42.812Z","logger":"kafkajs","message":"[Consumer] Starting","groupId":"persistence-service"}
{"level":"INFO","timestamp":"2026-06-02T13:52:52.956Z","logger":"kafkajs","message":"[Consumer] Stopped","groupId":"persistence-service"}
{"level":"INFO","timestamp":"2026-06-02T13:53:05.242Z","logger":"kafkajs","message":"[Consumer] Starting","groupId":"persistence-service"}
{"level":"INFO","timestamp":"2026-06-02T13:53:15.139Z","logger":"kafkajs","message":"[Consumer] Stopped","groupId":"persistence-service"}
{"level":"INFO","timestamp":"2026-06-02T13:53:24.830Z","logger":"kafkajs","message":"[Consumer] Starting","groupId":"persistence-service"}
{"level":"INFO","timestamp":"2026-06-02T13:53:36.040Z","logger":"kafkajs","message":"[Consumer] Stopped","groupId":"persistence-service"}
{"level":"INFO","timestamp":"2026-06-02T13:53:45.826Z","logger":"kafkajs","message":"[Consumer] Starting","groupId":"persistence-service"}
{"level":"INFO","timestamp":"2026-06-02T13:53:53.951Z","logger":"kafkajs","message":"[Consumer] Stopped","groupId":"persistence-service"}
{"level":"INFO","timestamp":"2026-06-02T13:54:01.325Z","logger":"kafkajs","message":"[Consumer] Starting","groupId":"persistence-service"}
{"level":"INFO","timestamp":"2026-06-02T13:54:11.906Z","logger":"kafkajs","message":"[Consumer] Stopped","groupId":"persistence-service"}
{"level":"INFO","timestamp":"2026-06-02T13:54:24.927Z","logger":"kafkajs","message":"[Consumer] Starting","groupId":"persistence-service"}
{"level":"INFO","timestamp":"2026-06-02T13:54:31.466Z","logger":"kafkajs","message":"[Consumer] Stopped","groupId":"persistence-service"}
{"level":"INFO","timestamp":"2026-06-02T13:54:38.571Z","logger":"kafkajs","message":"[Consumer] Starting","groupId":"persistence-service"}
{"level":"INFO","timestamp":"2026-06-02T13:54:48.506Z","logger":"kafkajs","message":"[Consumer] Stopped","groupId":"persistence-service"}
{"level":"INFO","timestamp":"2026-06-02T13:54:57.942Z","logger":"kafkajs","message":"[Consumer] Starting","groupId":"persistence-service"}
{"level":"INFO","timestamp":"2026-06-02T13:55:03.758Z","logger":"kafkajs","message":"[Consumer] Stopped","groupId":"persistence-service"}
{"level":"INFO","timestamp":"2026-06-02T13:55:09.869Z","logger":"kafkajs","message":"[Consumer] Starting","groupId":"persistence-service"}
{"level":"INFO","timestamp":"2026-06-02T13:55:19.718Z","logger":"kafkajs","message":"[Consumer] Stopped","groupId":"persistence-service"}
{"level":"INFO","timestamp":"2026-06-02T13:55:27.597Z","logger":"kafkajs","message":"[Consumer] Starting","groupId":"persistence-service"}
{"level":"INFO","timestamp":"2026-06-02T13:55:36.097Z","logger":"kafkajs","message":"[Consumer] Stopped","groupId":"persistence-service"}
{"level":"INFO","timestamp":"2026-06-02T13:55:44.591Z","logger":"kafkajs","message":"[Consumer] Starting","groupId":"persistence-service"}
{"level":"INFO","timestamp":"2026-06-02T13:55:50.906Z","logger":"kafkajs","message":"[Consumer] Stopped","groupId":"persistence-service"}
{"level":"INFO","timestamp":"2026-06-02T13:55:56.683Z","logger":"kafkajs","message":"[Consumer] Starting","groupId":"persistence-service"}
{"level":"INFO","timestamp":"2026-06-02T13:56:08.095Z","logger":"kafkajs","message":"[Consumer] Stopped","groupId":"persistence-service"}
{"level":"INFO","timestamp":"2026-06-02T13:56:19.067Z","logger":"kafkajs","message":"[Consumer] Starting","groupId":"persistence-service"}
{"level":"INFO","timestamp":"2026-06-02T13:56:27.982Z","logger":"kafkajs","message":"[Consumer] Stopped","groupId":"persistence-service"}
{"level":"INFO","timestamp":"2026-06-02T13:56:36.361Z","logger":"kafkajs","message":"[Consumer] Starting","groupId":"persistence-service"}
{"level":"INFO","timestamp":"2026-06-02T13:56:48.099Z","logger":"kafkajs","message":"[Consumer] Stopped","groupId":"persistence-service"}
{"level":"INFO","timestamp":"2026-06-02T13:56:58.853Z","logger":"kafkajs","message":"[Consumer] Starting","groupId":"persistence-service"}
{"level":"INFO","timestamp":"2026-06-02T13:57:09.801Z","logger":"kafkajs","message":"[Consumer] Stopped","groupId":"persistence-service"}
{"level":"INFO","timestamp":"2026-06-02T13:57:18.997Z","logger":"kafkajs","message":"[Consumer] Starting","groupId":"persistence-service"}
{"level":"INFO","timestamp":"2026-06-02T13:57:25.911Z","logger":"kafkajs","message":"[Consumer] Stopped","groupId":"persistence-service"}
{"level":"INFO","timestamp":"2026-06-02T13:57:32.465Z","logger":"kafkajs","message":"[Consumer] Starting","groupId":"persistence-service"}
{"level":"INFO","timestamp":"2026-06-02T13:57:41.234Z","logger":"kafkajs","message":"[Consumer] Stopped","groupId":"persistence-service"}
{"level":"INFO","timestamp":"2026-06-02T13:57:51.040Z","logger":"kafkajs","message":"[Consumer] Starting","groupId":"persistence-service"}
{"level":"INFO","timestamp":"2026-06-02T13:58:00.379Z","logger":"kafkajs","message":"[Consumer] Stopped","groupId":"persistence-service"}
{"level":"INFO","timestamp":"2026-06-02T13:58:10.390Z","logger":"kafkajs","message":"[Consumer] Starting","groupId":"persistence-service"}
{"level":"INFO","timestamp":"2026-06-02T13:58:20.151Z","logger":"kafkajs","message":"[Consumer] Stopped","groupId":"persistence-service"}
{"level":"INFO","timestamp":"2026-06-02T13:58:32.878Z","logger":"kafkajs","message":"[Consumer] Starting","groupId":"persistence-service"}
{"level":"INFO","timestamp":"2026-06-02T13:58:39.916Z","logger":"kafkajs","message":"[Consumer] Stopped","groupId":"persistence-service"}
{"level":"INFO","timestamp":"2026-06-02T13:58:46.934Z","logger":"kafkajs","message":"[Consumer] Starting","groupId":"persistence-service"}
{"level":"INFO","timestamp":"2026-06-02T13:58:56.024Z","logger":"kafkajs","message":"[Consumer] Stopped","groupId":"persistence-service"}
{"level":"INFO","timestamp":"2026-06-02T13:59:04.081Z","logger":"kafkajs","message":"[Consumer] Starting","groupId":"persistence-service"}
{"level":"INFO","timestamp":"2026-06-02T13:59:12.505Z","logger":"kafkajs","message":"[Consumer] Stopped","groupId":"persistence-service"}
{"level":"INFO","timestamp":"2026-06-02T13:59:20.401Z","logger":"kafkajs","message":"[Consumer] Starting","groupId":"persistence-service"}
{"level":"INFO","timestamp":"2026-06-02T13:59:28.974Z","logger":"kafkajs","message":"[Consumer] Stopped","groupId":"persistence-service"}
{"level":"INFO","timestamp":"2026-06-02T13:59:38.288Z","logger":"kafkajs","message":"[Consumer] Starting","groupId":"persistence-service"}
{"level":"INFO","timestamp":"2026-06-02T13:59:45.452Z","logger":"kafkajs","message":"[Consumer] Stopped","groupId":"persistence-service"}
{"level":"INFO","timestamp":"2026-06-02T13:59:52.734Z","logger":"kafkajs","message":"[Consumer] Starting","groupId":"persistence-service"}
{"level":"INFO","timestamp":"2026-06-02T14:00:01.570Z","logger":"kafkajs","message":"[Consumer] Stopped","groupId":"persistence-service"}
{"level":"INFO","timestamp":"2026-06-02T14:00:09.721Z","logger":"kafkajs","message":"[Consumer] Starting","groupId":"persistence-service"}
{"level":"INFO","timestamp":"2026-06-02T14:00:18.792Z","logger":"kafkajs","message":"[Consumer] Stopped","groupId":"persistence-service"}
{"level":"INFO","timestamp":"2026-06-02T14:00:25.947Z","logger":"kafkajs","message":"[Consumer] Starting","groupId":"persistence-service"}
{"level":"INFO","timestamp":"2026-06-02T14:00:33.234Z","logger":"kafkajs","message":"[Consumer] Stopped","groupId":"persistence-service"}
{"level":"INFO","timestamp":"2026-06-02T14:00:40.794Z","logger":"kafkajs","message":"[Consumer] Starting","groupId":"persistence-service"}
{"level":"INFO","timestamp":"2026-06-02T14:00:48.529Z","logger":"kafkajs","message":"[Consumer] Stopped","groupId":"persistence-service"}
{"level":"INFO","timestamp":"2026-06-02T14:00:56.561Z","logger":"kafkajs","message":"[Consumer] Starting","groupId":"persistence-service"}
{"level":"INFO","timestamp":"2026-06-02T14:01:09.952Z","logger":"kafkajs","message":"[Consumer] Stopped","groupId":"persistence-service"}
{"level":"INFO","timestamp":"2026-06-02T14:01:22.203Z","logger":"kafkajs","message":"[Consumer] Starting","groupId":"persistence-service"}
{"level":"INFO","timestamp":"2026-06-02T14:01:34.291Z","logger":"kafkajs","message":"[Consumer] Stopped","groupId":"persistence-service"}
{"level":"INFO","timestamp":"2026-06-02T14:01:46.328Z","logger":"kafkajs","message":"[Consumer] Starting","groupId":"persistence-service"}
{"level":"INFO","timestamp":"2026-06-02T14:01:54.292Z","logger":"kafkajs","message":"[Consumer] Stopped","groupId":"persistence-service"}
{"level":"INFO","timestamp":"2026-06-02T14:02:02.110Z","logger":"kafkajs","message":"[Consumer] Starting","groupId":"persistence-service"}
{"level":"INFO","timestamp":"2026-06-02T14:02:13.318Z","logger":"kafkajs","message":"[Consumer] Stopped","groupId":"persistence-service"}
{"level":"INFO","timestamp":"2026-06-02T14:02:25.571Z","logger":"kafkajs","message":"[Consumer] Starting","groupId":"persistence-service"}
{"level":"INFO","timestamp":"2026-06-02T14:02:37.828Z","logger":"kafkajs","message":"[Consumer] Stopped","groupId":"persistence-service"}
{"level":"INFO","timestamp":"2026-06-02T14:02:51.183Z","logger":"kafkajs","message":"[Consumer] Starting","groupId":"persistence-service"}
{"level":"INFO","timestamp":"2026-06-02T14:03:00.128Z","logger":"kafkajs","message":"[Consumer] Stopped","groupId":"persistence-service"}
{"level":"INFO","timestamp":"2026-06-02T14:03:09.207Z","logger":"kafkajs","message":"[Consumer] Starting","groupId":"persistence-service"}
{"level":"INFO","timestamp":"2026-06-02T14:03:19.652Z","logger":"kafkajs","message":"[Consumer] Stopped","groupId":"persistence-service"}
{"level":"INFO","timestamp":"2026-06-02T14:03:30.164Z","logger":"kafkajs","message":"[Consumer] Starting","groupId":"persistence-service"}
{"level":"INFO","timestamp":"2026-06-02T14:03:38.552Z","logger":"kafkajs","message":"[Consumer] Stopped","groupId":"persistence-service"}
{"level":"INFO","timestamp":"2026-06-02T14:03:46.924Z","logger":"kafkajs","message":"[Consumer] Starting","groupId":"persistence-service"}
{"level":"INFO","timestamp":"2026-06-02T14:03:55.088Z","logger":"kafkajs","message":"[Consumer] Stopped","groupId":"persistence-service"}
{"level":"INFO","timestamp":"2026-06-02T14:04:01.546Z","logger":"kafkajs","message":"[Consumer] Starting","groupId":"persistence-service"}
{"level":"INFO","timestamp":"2026-06-02T14:04:14.045Z","logger":"kafkajs","message":"[Consumer] Stopped","groupId":"persistence-service"}
{"level":"INFO","timestamp":"2026-06-02T14:04:27.160Z","logger":"kafkajs","message":"[Consumer] Starting","groupId":"persistence-service"}
{"level":"INFO","timestamp":"2026-06-02T14:04:36.917Z","logger":"kafkajs","message":"[Consumer] Stopped","groupId":"persistence-service"}
{"level":"INFO","timestamp":"2026-06-02T14:04:45.943Z","logger":"kafkajs","message":"[Consumer] Starting","groupId":"persistence-service"}
{"level":"INFO","timestamp":"2026-06-02T14:04:54.725Z","logger":"kafkajs","message":"[Consumer] Stopped","groupId":"persistence-service"}
{"level":"INFO","timestamp":"2026-06-02T14:05:05.980Z","logger":"kafkajs","message":"[Consumer] Starting","groupId":"persistence-service"}
{"level":"INFO","timestamp":"2026-06-02T14:05:14.034Z","logger":"kafkajs","message":"[Consumer] Stopped","groupId":"persistence-service"}
{"level":"INFO","timestamp":"2026-06-02T14:05:20.824Z","logger":"kafkajs","message":"[Consumer] Starting","groupId":"persistence-service"}
{"level":"INFO","timestamp":"2026-06-02T14:05:28.960Z","logger":"kafkajs","message":"[Consumer] Stopped","groupId":"persistence-service"}
{"level":"INFO","timestamp":"2026-06-02T14:05:36.031Z","logger":"kafkajs","message":"[Consumer] Starting","groupId":"persistence-service"}
{"level":"INFO","timestamp":"2026-06-02T14:05:47.934Z","logger":"kafkajs","message":"[Consumer] Stopped","groupId":"persistence-service"}
{"level":"INFO","timestamp":"2026-06-02T14:06:01.010Z","logger":"kafkajs","message":"[Consumer] Starting","groupId":"persistence-service"}
{"level":"INFO","timestamp":"2026-06-02T14:06:11.745Z","logger":"kafkajs","message":"[Consumer] Stopped","groupId":"persistence-service"}
{"level":"INFO","timestamp":"2026-06-02T14:06:25.164Z","logger":"kafkajs","message":"[Consumer] Starting","groupId":"persistence-service"}
{"level":"INFO","timestamp":"2026-06-02T14:06:34.775Z","logger":"kafkajs","message":"[Consumer] Stopped","groupId":"persistence-service"}
{"level":"INFO","timestamp":"2026-06-02T14:06:43.996Z","logger":"kafkajs","message":"[Consumer] Starting","groupId":"persistence-service"}
{"level":"INFO","timestamp":"2026-06-02T14:06:53.304Z","logger":"kafkajs","message":"[Consumer] Stopped","groupId":"persistence-service"}
{"level":"INFO","timestamp":"2026-06-02T14:07:03.196Z","logger":"kafkajs","message":"[Consumer] Starting","groupId":"persistence-service"}
{"level":"INFO","timestamp":"2026-06-02T14:07:13.038Z","logger":"kafkajs","message":"[Consumer] Stopped","groupId":"persistence-service"}
{"level":"INFO","timestamp":"2026-06-02T14:07:22.843Z","logger":"kafkajs","message":"[Consumer] Starting","groupId":"persistence-service"}
{"level":"INFO","timestamp":"2026-06-02T14:07:32.298Z","logger":"kafkajs","message":"[Consumer] Stopped","groupId":"persistence-service"}
{"level":"INFO","timestamp":"2026-06-02T14:07:43.035Z","logger":"kafkajs","message":"[Consumer] Starting","groupId":"persistence-service"}
{"level":"INFO","timestamp":"2026-06-02T14:07:51.709Z","logger":"kafkajs","message":"[Consumer] Stopped","groupId":"persistence-service"}
{"level":"INFO","timestamp":"2026-06-02T14:08:02.105Z","logger":"kafkajs","message":"[Consumer] Starting","groupId":"persistence-service"}
{"level":"INFO","timestamp":"2026-06-02T14:08:13.025Z","logger":"kafkajs","message":"[Consumer] Stopped","groupId":"persistence-service"}
{"level":"INFO","timestamp":"2026-06-02T14:08:24.162Z","logger":"kafkajs","message":"[Consumer] Starting","groupId":"persistence-service"}
{"level":"INFO","timestamp":"2026-06-02T14:08:34.076Z","logger":"kafkajs","message":"[Consumer] Stopped","groupId":"persistence-service"}
{"level":"INFO","timestamp":"2026-06-02T14:08:45.265Z","logger":"kafkajs","message":"[Consumer] Starting","groupId":"persistence-service"}
{"level":"INFO","timestamp":"2026-06-02T14:08:57.992Z","logger":"kafkajs","message":"[Consumer] Stopped","groupId":"persistence-service"}
{"level":"INFO","timestamp":"2026-06-02T14:09:12.872Z","logger":"kafkajs","message":"[Consumer] Starting","groupId":"persistence-service"}
{"level":"INFO","timestamp":"2026-06-02T14:09:20.770Z","logger":"kafkajs","message":"[Consumer] Stopped","groupId":"persistence-service"}
{"level":"INFO","timestamp":"2026-06-02T14:09:28.321Z","logger":"kafkajs","message":"[Consumer] Starting","groupId":"persistence-service"}
{"level":"INFO","timestamp":"2026-06-02T14:09:37.326Z","logger":"kafkajs","message":"[Consumer] Stopped","groupId":"persistence-service"}
{"level":"INFO","timestamp":"2026-06-02T14:09:46.747Z","logger":"kafkajs","message":"[Consumer] Starting","groupId":"persistence-service"}
{"level":"INFO","timestamp":"2026-06-02T14:09:53.475Z","logger":"kafkajs","message":"[Consumer] Stopped","groupId":"persistence-service"}
{"level":"INFO","timestamp":"2026-06-02T14:10:01.056Z","logger":"kafkajs","message":"[Consumer] Starting","groupId":"persistence-service"}
{"level":"INFO","timestamp":"2026-06-02T14:10:07.213Z","logger":"kafkajs","message":"[Consumer] Stopped","groupId":"persistence-service"}
{"level":"INFO","timestamp":"2026-06-02T14:10:12.707Z","logger":"kafkajs","message":"[Consumer] Starting","groupId":"persistence-service"}
{"level":"INFO","timestamp":"2026-06-02T14:10:19.654Z","logger":"kafkajs","message":"[Consumer] Stopped","groupId":"persistence-service"}
{"level":"INFO","timestamp":"2026-06-02T14:10:27.282Z","logger":"kafkajs","message":"[Consumer] Starting","groupId":"persistence-service"}
{"level":"INFO","timestamp":"2026-06-02T14:10:32.887Z","logger":"kafkajs","message":"[Consumer] Stopped","groupId":"persistence-service"}
{"level":"INFO","timestamp":"2026-06-02T14:10:38.792Z","logger":"kafkajs","message":"[Consumer] Starting","groupId":"persistence-service"}
{"level":"INFO","timestamp":"2026-06-02T14:10:48.588Z","logger":"kafkajs","message":"[Consumer] Stopped","groupId":"persistence-service"}
{"level":"INFO","timestamp":"2026-06-02T14:10:57.204Z","logger":"kafkajs","message":"[Consumer] Starting","groupId":"persistence-service"}
{"level":"INFO","timestamp":"2026-06-02T14:11:03.373Z","logger":"kafkajs","message":"[Consumer] Stopped","groupId":"persistence-service"}
{"level":"INFO","timestamp":"2026-06-02T14:11:09.173Z","logger":"kafkajs","message":"[Consumer] Starting","groupId":"persistence-service"}
{"level":"INFO","timestamp":"2026-06-02T14:11:18.281Z","logger":"kafkajs","message":"[Consumer] Stopped","groupId":"persistence-service"}
{"level":"INFO","timestamp":"2026-06-02T14:11:26.899Z","logger":"kafkajs","message":"[Consumer] Starting","groupId":"persistence-service"}
{"level":"INFO","timestamp":"2026-06-02T14:11:35.774Z","logger":"kafkajs","message":"[Consumer] Stopped","groupId":"persistence-service"}
{"level":"INFO","timestamp":"2026-06-02T14:11:45.796Z","logger":"kafkajs","message":"[Consumer] Starting","groupId":"persistence-service"}
{"level":"INFO","timestamp":"2026-06-02T14:11:55.988Z","logger":"kafkajs","message":"[Consumer] Stopped","groupId":"persistence-service"}
{"level":"INFO","timestamp":"2026-06-02T14:12:05.467Z","logger":"kafkajs","message":"[Consumer] Starting","groupId":"persistence-service"}
{"level":"INFO","timestamp":"2026-06-02T14:12:16.530Z","logger":"kafkajs","message":"[Consumer] Stopped","groupId":"persistence-service"}
{"level":"INFO","timestamp":"2026-06-02T14:12:28.179Z","logger":"kafkajs","message":"[Consumer] Starting","groupId":"persistence-service"}
{"level":"INFO","timestamp":"2026-06-02T14:12:34.919Z","logger":"kafkajs","message":"[Consumer] Stopped","groupId":"persistence-service"}
{"level":"INFO","timestamp":"2026-06-02T14:12:40.708Z","logger":"kafkajs","message":"[Consumer] Starting","groupId":"persistence-service"}
{"level":"INFO","timestamp":"2026-06-02T14:12:48.270Z","logger":"kafkajs","message":"[Consumer] Stopped","groupId":"persistence-service"}
{"level":"INFO","timestamp":"2026-06-02T14:12:54.074Z","logger":"kafkajs","message":"[Consumer] Starting","groupId":"persistence-service"}
{"level":"INFO","timestamp":"2026-06-02T14:13:05.808Z","logger":"kafkajs","message":"[Consumer] Stopped","groupId":"persistence-service"}
{"level":"INFO","timestamp":"2026-06-02T14:13:20.129Z","logger":"kafkajs","message":"[Consumer] Starting","groupId":"persistence-service"}
{"level":"INFO","timestamp":"2026-06-02T14:13:29.892Z","logger":"kafkajs","message":"[Consumer] Stopped","groupId":"persistence-service"}
{"level":"INFO","timestamp":"2026-06-02T14:13:38.825Z","logger":"kafkajs","message":"[Consumer] Starting","groupId":"persistence-service"}
{"level":"INFO","timestamp":"2026-06-02T14:13:46.068Z","logger":"kafkajs","message":"[Consumer] Stopped","groupId":"persistence-service"}
{"level":"INFO","timestamp":"2026-06-02T14:13:52.342Z","logger":"kafkajs","message":"[Consumer] Starting","groupId":"persistence-service"}
{"level":"INFO","timestamp":"2026-06-02T14:13:58.248Z","logger":"kafkajs","message":"[Consumer] Stopped","groupId":"persistence-service"}
{"level":"INFO","timestamp":"2026-06-02T14:14:02.693Z","logger":"kafkajs","message":"[Consumer] Starting","groupId":"persistence-service"}
{"level":"INFO","timestamp":"2026-06-02T14:14:10.167Z","logger":"kafkajs","message":"[Consumer] Stopped","groupId":"persistence-service"}
{"level":"INFO","timestamp":"2026-06-02T14:14:18.064Z","logger":"kafkajs","message":"[Consumer] Starting","groupId":"persistence-service"}
{"level":"INFO","timestamp":"2026-06-02T14:14:27.482Z","logger":"kafkajs","message":"[Consumer] Stopped","groupId":"persistence-service"}
{"level":"INFO","timestamp":"2026-06-02T14:14:36.063Z","logger":"kafkajs","message":"[Consumer] Starting","groupId":"persistence-service"}
{"level":"INFO","timestamp":"2026-06-02T14:14:45.889Z","logger":"kafkajs","message":"[Consumer] Stopped","groupId":"persistence-service"}
{"level":"INFO","timestamp":"2026-06-02T14:14:54.625Z","logger":"kafkajs","message":"[Consumer] Starting","groupId":"persistence-service"}
{"level":"INFO","timestamp":"2026-06-02T14:15:07.001Z","logger":"kafkajs","message":"[Consumer] Stopped","groupId":"persistence-service"}
{"level":"INFO","timestamp":"2026-06-02T14:15:18.776Z","logger":"kafkajs","message":"[Consumer] Starting","groupId":"persistence-service"}
{"level":"INFO","timestamp":"2026-06-02T14:15:27.991Z","logger":"kafkajs","message":"[Consumer] Stopped","groupId":"persistence-service"}
{"level":"INFO","timestamp":"2026-06-02T14:15:39.325Z","logger":"kafkajs","message":"[Consumer] Starting","groupId":"persistence-service"}
{"level":"INFO","timestamp":"2026-06-02T14:15:46.408Z","logger":"kafkajs","message":"[Consumer] Stopped","groupId":"persistence-service"}
{"level":"INFO","timestamp":"2026-06-02T14:15:52.385Z","logger":"kafkajs","message":"[Consumer] Starting","groupId":"persistence-service"}
{"level":"INFO","timestamp":"2026-06-02T14:16:07.107Z","logger":"kafkajs","message":"[Consumer] Stopped","groupId":"persistence-service"}
{"level":"INFO","timestamp":"2026-06-02T14:16:23.764Z","logger":"kafkajs","message":"[Consumer] Starting","groupId":"persistence-service"}
{"level":"INFO","timestamp":"2026-06-02T14:16:34.476Z","logger":"kafkajs","message":"[Consumer] Stopped","groupId":"persistence-service"}
{"level":"INFO","timestamp":"2026-06-02T14:16:44.040Z","logger":"kafkajs","message":"[Consumer] Starting","groupId":"persistence-service"}
{"level":"INFO","timestamp":"2026-06-02T14:16:55.863Z","logger":"kafkajs","message":"[Consumer] Stopped","groupId":"persistence-service"}
{"level":"INFO","timestamp":"2026-06-02T14:17:08.548Z","logger":"kafkajs","message":"[Consumer] Starting","groupId":"persistence-service"}
{"level":"INFO","timestamp":"2026-06-02T14:17:19.786Z","logger":"kafkajs","message":"[Consumer] Stopped","groupId":"persistence-service"}
{"level":"INFO","timestamp":"2026-06-02T14:17:28.712Z","logger":"kafkajs","message":"[Consumer] Starting","groupId":"persistence-service"}
{"level":"INFO","timestamp":"2026-06-02T14:17:35.249Z","logger":"kafkajs","message":"[Consumer] Stopped","groupId":"persistence-service"}
{"level":"INFO","timestamp":"2026-06-02T14:17:42.540Z","logger":"kafkajs","message":"[Consumer] Starting","groupId":"persistence-service"}
{"level":"INFO","timestamp":"2026-06-02T14:17:52.441Z","logger":"kafkajs","message":"[Consumer] Stopped","groupId":"persistence-service"}
{"level":"INFO","timestamp":"2026-06-02T14:18:02.653Z","logger":"kafkajs","message":"[Consumer] Starting","groupId":"persistence-service"}
{"level":"INFO","timestamp":"2026-06-02T14:18:12.390Z","logger":"kafkajs","message":"[Consumer] Stopped","groupId":"persistence-service"}
{"level":"INFO","timestamp":"2026-06-02T14:18:21.938Z","logger":"kafkajs","message":"[Consumer] Starting","groupId":"persistence-service"}
{"level":"INFO","timestamp":"2026-06-02T14:18:32.278Z","logger":"kafkajs","message":"[Consumer] Stopped","groupId":"persistence-service"}
{"level":"INFO","timestamp":"2026-06-02T14:18:41.148Z","logger":"kafkajs","message":"[Consumer] Starting","groupId":"persistence-service"}
{"level":"INFO","timestamp":"2026-06-02T14:18:51.287Z","logger":"kafkajs","message":"[Consumer] Stopped","groupId":"persistence-service"}
{"level":"INFO","timestamp":"2026-06-02T14:19:00.505Z","logger":"kafkajs","message":"[Consumer] Starting","groupId":"persistence-service"}
{"level":"INFO","timestamp":"2026-06-02T14:19:09.942Z","logger":"kafkajs","message":"[Consumer] Stopped","groupId":"persistence-service"}
{"level":"INFO","timestamp":"2026-06-02T14:19:18.904Z","logger":"kafkajs","message":"[Consumer] Starting","groupId":"persistence-service"}
{"level":"INFO","timestamp":"2026-06-02T14:19:27.295Z","logger":"kafkajs","message":"[Consumer] Stopped","groupId":"persistence-service"}
{"level":"INFO","timestamp":"2026-06-02T14:19:37.280Z","logger":"kafkajs","message":"[Consumer] Starting","groupId":"persistence-service"}
{"level":"INFO","timestamp":"2026-06-02T14:19:52.653Z","logger":"kafkajs","message":"[Consumer] Stopped","groupId":"persistence-service"}
{"level":"INFO","timestamp":"2026-06-02T14:20:07.839Z","logger":"kafkajs","message":"[Consumer] Starting","groupId":"persistence-service"}
{"level":"INFO","timestamp":"2026-06-02T14:20:17.647Z","logger":"kafkajs","message":"[Consumer] Stopped","groupId":"persistence-service"}
{"level":"INFO","timestamp":"2026-06-02T14:20:27.618Z","logger":"kafkajs","message":"[Consumer] Starting","groupId":"persistence-service"}
{"level":"INFO","timestamp":"2026-06-02T14:20:39.388Z","logger":"kafkajs","message":"[Consumer] Stopped","groupId":"persistence-service"}
{"level":"INFO","timestamp":"2026-06-02T14:20:49.995Z","logger":"kafkajs","message":"[Consumer] Starting","groupId":"persistence-service"}
{"level":"INFO","timestamp":"2026-06-02T14:21:00.043Z","logger":"kafkajs","message":"[Consumer] Stopped","groupId":"persistence-service"}
{"level":"INFO","timestamp":"2026-06-02T14:21:11.882Z","logger":"kafkajs","message":"[Consumer] Starting","groupId":"persistence-service"}
{"level":"INFO","timestamp":"2026-06-02T14:21:25.655Z","logger":"kafkajs","message":"[Consumer] Stopped","groupId":"persistence-service"}
{"level":"INFO","timestamp":"2026-06-02T14:21:38.273Z","logger":"kafkajs","message":"[Consumer] Starting","groupId":"persistence-service"}
{"level":"INFO","timestamp":"2026-06-02T14:21:49.938Z","logger":"kafkajs","message":"[Consumer] Stopped","groupId":"persistence-service"}
{"level":"INFO","timestamp":"2026-06-02T14:21:59.537Z","logger":"kafkajs","message":"[Consumer] Starting","groupId":"persistence-service"}
{"level":"INFO","timestamp":"2026-06-02T14:22:08.394Z","logger":"kafkajs","message":"[Consumer] Stopped","groupId":"persistence-service"}
{"level":"INFO","timestamp":"2026-06-02T14:22:17.130Z","logger":"kafkajs","message":"[Consumer] Starting","groupId":"persistence-service"}
{"level":"INFO","timestamp":"2026-06-02T14:22:23.525Z","logger":"kafkajs","message":"[Consumer] Stopped","groupId":"persistence-service"}
{"level":"INFO","timestamp":"2026-06-02T14:22:28.379Z","logger":"kafkajs","message":"[Consumer] Starting","groupId":"persistence-service"}
{"level":"INFO","timestamp":"2026-06-02T14:22:36.857Z","logger":"kafkajs","message":"[Consumer] Stopped","groupId":"persistence-service"}
{"level":"INFO","timestamp":"2026-06-02T14:22:45.014Z","logger":"kafkajs","message":"[Consumer] Starting","groupId":"persistence-service"}
{"level":"INFO","timestamp":"2026-06-02T14:22:55.947Z","logger":"kafkajs","message":"[Consumer] Stopped","groupId":"persistence-service"}
{"level":"INFO","timestamp":"2026-06-02T14:23:07.426Z","logger":"kafkajs","message":"[Consumer] Starting","groupId":"persistence-service"}
{"level":"INFO","timestamp":"2026-06-02T14:23:16.491Z","logger":"kafkajs","message":"[Consumer] Stopped","groupId":"persistence-service"}
{"level":"INFO","timestamp":"2026-06-02T14:23:26.352Z","logger":"kafkajs","message":"[Consumer] Starting","groupId":"persistence-service"}
{"level":"INFO","timestamp":"2026-06-02T14:23:33.095Z","logger":"kafkajs","message":"[Consumer] Stopped","groupId":"persistence-service"}
{"level":"INFO","timestamp":"2026-06-02T14:23:39.355Z","logger":"kafkajs","message":"[Consumer] Starting","groupId":"persistence-service"}
{"level":"INFO","timestamp":"2026-06-02T14:23:47.634Z","logger":"kafkajs","message":"[Consumer] Stopped","groupId":"persistence-service"}
{"level":"INFO","timestamp":"2026-06-02T14:23:54.042Z","logger":"kafkajs","message":"[Consumer] Starting","groupId":"persistence-service"}
{"level":"INFO","timestamp":"2026-06-02T14:24:01.951Z","logger":"kafkajs","message":"[Consumer] Stopped","groupId":"persistence-service"}
{"level":"INFO","timestamp":"2026-06-02T14:24:10.928Z","logger":"kafkajs","message":"[Consumer] Starting","groupId":"persistence-service"}
{"level":"INFO","timestamp":"2026-06-02T14:24:18.466Z","logger":"kafkajs","message":"[Consumer] Stopped","groupId":"persistence-service"}
{"level":"INFO","timestamp":"2026-06-02T14:24:25.294Z","logger":"kafkajs","message":"[Consumer] Starting","groupId":"persistence-service"}
{"level":"INFO","timestamp":"2026-06-02T14:24:32.839Z","logger":"kafkajs","message":"[Consumer] Stopped","groupId":"persistence-service"}
{"level":"INFO","timestamp":"2026-06-02T14:24:39.657Z","logger":"kafkajs","message":"[Consumer] Starting","groupId":"persistence-service"}
{"level":"INFO","timestamp":"2026-06-02T14:24:51.779Z","logger":"kafkajs","message":"[Consumer] Stopped","groupId":"persistence-service"}
{"level":"INFO","timestamp":"2026-06-02T14:25:05.082Z","logger":"kafkajs","message":"[Consumer] Starting","groupId":"persistence-service"}
{"level":"INFO","timestamp":"2026-06-02T14:25:14.734Z","logger":"kafkajs","message":"[Consumer] Stopped","groupId":"persistence-service"}
{"level":"INFO","timestamp":"2026-06-02T14:25:25.124Z","logger":"kafkajs","message":"[Consumer] Starting","groupId":"persistence-service"}
{"level":"INFO","timestamp":"2026-06-02T14:25:32.272Z","logger":"kafkajs","message":"[Consumer] Stopped","groupId":"persistence-service"}
{"level":"INFO","timestamp":"2026-06-02T14:25:38.591Z","logger":"kafkajs","message":"[Consumer] Starting","groupId":"persistence-service"}
{"level":"INFO","timestamp":"2026-06-02T14:25:50.263Z","logger":"kafkajs","message":"[Consumer] Stopped","groupId":"persistence-service"}
{"level":"INFO","timestamp":"2026-06-02T14:26:03.782Z","logger":"kafkajs","message":"[Consumer] Starting","groupId":"persistence-service"}
{"level":"INFO","timestamp":"2026-06-02T14:26:14.459Z","logger":"kafkajs","message":"[Consumer] Stopped","groupId":"persistence-service"}
{"level":"INFO","timestamp":"2026-06-02T14:26:25.662Z","logger":"kafkajs","message":"[Consumer] Starting","groupId":"persistence-service"}
{"level":"INFO","timestamp":"2026-06-02T14:26:36.114Z","logger":"kafkajs","message":"[Consumer] Stopped","groupId":"persistence-service"}
{"level":"INFO","timestamp":"2026-06-02T14:26:48.509Z","logger":"kafkajs","message":"[Consumer] Starting","groupId":"persistence-service"}
{"level":"INFO","timestamp":"2026-06-02T14:26:59.216Z","logger":"kafkajs","message":"[Consumer] Stopped","groupId":"persistence-service"}
{"level":"INFO","timestamp":"2026-06-02T14:27:11.860Z","logger":"kafkajs","message":"[Consumer] Starting","groupId":"persistence-service"}
{"level":"INFO","timestamp":"2026-06-02T14:27:24.163Z","logger":"kafkajs","message":"[Consumer] Stopped","groupId":"persistence-service"}
{"level":"INFO","timestamp":"2026-06-02T14:27:37.452Z","logger":"kafkajs","message":"[Consumer] Starting","groupId":"persistence-service"}
{"level":"INFO","timestamp":"2026-06-02T14:27:45.969Z","logger":"kafkajs","message":"[Consumer] Stopped","groupId":"persistence-service"}
{"level":"INFO","timestamp":"2026-06-02T14:27:52.310Z","logger":"kafkajs","message":"[Consumer] Starting","groupId":"persistence-service"}
{"level":"INFO","timestamp":"2026-06-02T14:28:01.936Z","logger":"kafkajs","message":"[Consumer] Stopped","groupId":"persistence-service"}
{"level":"INFO","timestamp":"2026-06-02T14:28:11.344Z","logger":"kafkajs","message":"[Consumer] Starting","groupId":"persistence-service"}
{"level":"INFO","timestamp":"2026-06-02T14:28:22.166Z","logger":"kafkajs","message":"[Consumer] Stopped","groupId":"persistence-service"}
{"level":"INFO","timestamp":"2026-06-02T14:28:34.203Z","logger":"kafkajs","message":"[Consumer] Starting","groupId":"persistence-service"}
{"level":"INFO","timestamp":"2026-06-02T14:28:41.250Z","logger":"kafkajs","message":"[Consumer] Stopped","groupId":"persistence-service"}
{"level":"INFO","timestamp":"2026-06-02T14:28:48.696Z","logger":"kafkajs","message":"[Consumer] Starting","groupId":"persistence-service"}
{"level":"INFO","timestamp":"2026-06-02T14:28:55.764Z","logger":"kafkajs","message":"[Consumer] Stopped","groupId":"persistence-service"}
{"level":"INFO","timestamp":"2026-06-02T14:29:02.628Z","logger":"kafkajs","message":"[Consumer] Starting","groupId":"persistence-service"}
{"level":"INFO","timestamp":"2026-06-02T14:29:10.112Z","logger":"kafkajs","message":"[Consumer] Stopped","groupId":"persistence-service"}
{"level":"INFO","timestamp":"2026-06-02T14:29:17.631Z","logger":"kafkajs","message":"[Consumer] Starting","groupId":"persistence-service"}
{"level":"INFO","timestamp":"2026-06-02T14:29:30.182Z","logger":"kafkajs","message":"[Consumer] Stopped","groupId":"persistence-service"}
{"level":"INFO","timestamp":"2026-06-02T14:29:40.408Z","logger":"kafkajs","message":"[Consumer] Starting","groupId":"persistence-service"}
{"level":"INFO","timestamp":"2026-06-02T14:29:52.024Z","logger":"kafkajs","message":"[Consumer] Stopped","groupId":"persistence-service"}
{"level":"INFO","timestamp":"2026-06-02T14:30:06.369Z","logger":"kafkajs","message":"[Consumer] Starting","groupId":"persistence-service"}
{"level":"INFO","timestamp":"2026-06-02T14:30:20.872Z","logger":"kafkajs","message":"[Consumer] Stopped","groupId":"persistence-service"}
{"level":"INFO","timestamp":"2026-06-02T14:30:36.091Z","logger":"kafkajs","message":"[Consumer] Starting","groupId":"persistence-service"}
{"level":"INFO","timestamp":"2026-06-02T14:30:47.269Z","logger":"kafkajs","message":"[Consumer] Stopped","groupId":"persistence-service"}
{"level":"INFO","timestamp":"2026-06-02T14:30:59.092Z","logger":"kafkajs","message":"[Consumer] Starting","groupId":"persistence-service"}
{"level":"INFO","timestamp":"2026-06-02T14:31:08.972Z","logger":"kafkajs","message":"[Consumer] Stopped","groupId":"persistence-service"}
{"level":"INFO","timestamp":"2026-06-02T14:31:17.437Z","logger":"kafkajs","message":"[Consumer] Starting","groupId":"persistence-service"}
{"level":"INFO","timestamp":"2026-06-02T14:31:27.740Z","logger":"kafkajs","message":"[Consumer] Stopped","groupId":"persistence-service"}
{"level":"INFO","timestamp":"2026-06-02T14:31:38.972Z","logger":"kafkajs","message":"[Consumer] Starting","groupId":"persistence-service"}
{"level":"INFO","timestamp":"2026-06-02T14:31:48.504Z","logger":"kafkajs","message":"[Consumer] Stopped","groupId":"persistence-service"}
{"level":"INFO","timestamp":"2026-06-02T14:31:58.440Z","logger":"kafkajs","message":"[Consumer] Starting","groupId":"persistence-service"}
{"level":"INFO","timestamp":"2026-06-02T14:32:08.467Z","logger":"kafkajs","message":"[Consumer] Stopped","groupId":"persistence-service"}
{"level":"INFO","timestamp":"2026-06-02T14:32:16.846Z","logger":"kafkajs","message":"[Consumer] Starting","groupId":"persistence-service"}
{"level":"INFO","timestamp":"2026-06-02T14:32:23.481Z","logger":"kafkajs","message":"[Consumer] Stopped","groupId":"persistence-service"}
{"level":"INFO","timestamp":"2026-06-02T14:32:29.512Z","logger":"kafkajs","message":"[Consumer] Starting","groupId":"persistence-service"}
{"level":"INFO","timestamp":"2026-06-02T14:32:41.682Z","logger":"kafkajs","message":"[Consumer] Stopped","groupId":"persistence-service"}
{"level":"INFO","timestamp":"2026-06-02T14:32:55.217Z","logger":"kafkajs","message":"[Consumer] Starting","groupId":"persistence-service"}
{"level":"INFO","timestamp":"2026-06-02T14:33:04.227Z","logger":"kafkajs","message":"[Consumer] Stopped","groupId":"persistence-service"}
{"level":"INFO","timestamp":"2026-06-02T14:33:14.231Z","logger":"kafkajs","message":"[Consumer] Starting","groupId":"persistence-service"}
{"level":"INFO","timestamp":"2026-06-02T14:33:22.598Z","logger":"kafkajs","message":"[Consumer] Stopped","groupId":"persistence-service"}
{"level":"INFO","timestamp":"2026-06-02T14:33:32.265Z","logger":"kafkajs","message":"[Consumer] Starting","groupId":"persistence-service"}
{"level":"INFO","timestamp":"2026-06-02T14:33:37.329Z","logger":"kafkajs","message":"[Consumer] Stopped","groupId":"persistence-service"}
{"level":"INFO","timestamp":"2026-06-02T14:33:41.533Z","logger":"kafkajs","message":"[Consumer] Starting","groupId":"persistence-service"}
{"level":"INFO","timestamp":"2026-06-02T14:33:52.210Z","logger":"kafkajs","message":"[Consumer] Stopped","groupId":"persistence-service"}
{"level":"INFO","timestamp":"2026-06-02T14:34:04.569Z","logger":"kafkajs","message":"[Consumer] Starting","groupId":"persistence-service"}
{"level":"INFO","timestamp":"2026-06-02T14:34:11.980Z","logger":"kafkajs","message":"[Consumer] Stopped","groupId":"persistence-service"}
{"level":"INFO","timestamp":"2026-06-02T14:34:18.996Z","logger":"kafkajs","message":"[Consumer] Starting","groupId":"persistence-service"}
{"level":"INFO","timestamp":"2026-06-02T14:34:29.228Z","logger":"kafkajs","message":"[Consumer] Stopped","groupId":"persistence-service"}
{"level":"INFO","timestamp":"2026-06-02T14:34:39.184Z","logger":"kafkajs","message":"[Consumer] Starting","groupId":"persistence-service"}
{"level":"INFO","timestamp":"2026-06-02T14:34:46.273Z","logger":"kafkajs","message":"[Consumer] Stopped","groupId":"persistence-service"}
{"level":"INFO","timestamp":"2026-06-02T14:34:52.310Z","logger":"kafkajs","message":"[Consumer] Starting","groupId":"persistence-service"}
{"level":"INFO","timestamp":"2026-06-02T14:35:03.784Z","logger":"kafkajs","message":"[Consumer] Stopped","groupId":"persistence-service"}
{"level":"INFO","timestamp":"2026-06-02T14:35:16.589Z","logger":"kafkajs","message":"[Consumer] Starting","groupId":"persistence-service"}
{"level":"INFO","timestamp":"2026-06-02T14:35:26.151Z","logger":"kafkajs","message":"[Consumer] Stopped","groupId":"persistence-service"}
{"level":"INFO","timestamp":"2026-06-02T14:35:33.770Z","logger":"kafkajs","message":"[Consumer] Starting","groupId":"persistence-service"}
{"level":"INFO","timestamp":"2026-06-02T14:35:44.963Z","logger":"kafkajs","message":"[Consumer] Stopped","groupId":"persistence-service"}
{"level":"INFO","timestamp":"2026-06-02T14:35:57.926Z","logger":"kafkajs","message":"[Consumer] Starting","groupId":"persistence-service"}
{"level":"INFO","timestamp":"2026-06-02T14:36:09.362Z","logger":"kafkajs","message":"[Consumer] Stopped","groupId":"persistence-service"}
{"level":"INFO","timestamp":"2026-06-02T14:36:20.714Z","logger":"kafkajs","message":"[Consumer] Starting","groupId":"persistence-service"}
{"level":"INFO","timestamp":"2026-06-02T14:36:27.090Z","logger":"kafkajs","message":"[Consumer] Stopped","groupId":"persistence-service"}
{"level":"INFO","timestamp":"2026-06-02T14:36:33.271Z","logger":"kafkajs","message":"[Consumer] Starting","groupId":"persistence-service"}
{"level":"INFO","timestamp":"2026-06-02T14:36:43.670Z","logger":"kafkajs","message":"[Consumer] Stopped","groupId":"persistence-service"}
{"level":"INFO","timestamp":"2026-06-02T14:36:53.666Z","logger":"kafkajs","message":"[Consumer] Starting","groupId":"persistence-service"}
{"level":"INFO","timestamp":"2026-06-02T14:37:02.188Z","logger":"kafkajs","message":"[Consumer] Stopped","groupId":"persistence-service"}
{"level":"INFO","timestamp":"2026-06-02T14:37:09.719Z","logger":"kafkajs","message":"[Consumer] Starting","groupId":"persistence-service"}
{"level":"INFO","timestamp":"2026-06-02T14:37:16.394Z","logger":"kafkajs","message":"[Consumer] Stopped","groupId":"persistence-service"}
{"level":"INFO","timestamp":"2026-06-02T14:37:23.121Z","logger":"kafkajs","message":"[Consumer] Starting","groupId":"persistence-service"}
{"level":"INFO","timestamp":"2026-06-02T14:37:33.186Z","logger":"kafkajs","message":"[Consumer] Stopped","groupId":"persistence-service"}
{"level":"INFO","timestamp":"2026-06-02T14:37:42.129Z","logger":"kafkajs","message":"[Consumer] Starting","groupId":"persistence-service"}
{"level":"INFO","timestamp":"2026-06-02T14:37:49.816Z","logger":"kafkajs","message":"[Consumer] Stopped","groupId":"persistence-service"}
{"level":"INFO","timestamp":"2026-06-02T14:37:56.002Z","logger":"kafkajs","message":"[Consumer] Starting","groupId":"persistence-service"}
{"level":"INFO","timestamp":"2026-06-02T14:38:07.017Z","logger":"kafkajs","message":"[Consumer] Stopped","groupId":"persistence-service"}
{"level":"INFO","timestamp":"2026-06-02T14:38:19.499Z","logger":"kafkajs","message":"[Consumer] Starting","groupId":"persistence-service"}
{"level":"INFO","timestamp":"2026-06-02T14:38:29.014Z","logger":"kafkajs","message":"[Consumer] Stopped","groupId":"persistence-service"}
{"level":"INFO","timestamp":"2026-06-02T14:38:36.466Z","logger":"kafkajs","message":"[Consumer] Starting","groupId":"persistence-service"}
{"level":"INFO","timestamp":"2026-06-02T14:38:45.682Z","logger":"kafkajs","message":"[Consumer] Stopped","groupId":"persistence-service"}
{"level":"INFO","timestamp":"2026-06-02T14:38:52.683Z","logger":"kafkajs","message":"[Consumer] Starting","groupId":"persistence-service"}
{"level":"INFO","timestamp":"2026-06-02T14:39:01.279Z","logger":"kafkajs","message":"[Consumer] Stopped","groupId":"persistence-service"}
{"level":"INFO","timestamp":"2026-06-02T14:39:09.685Z","logger":"kafkajs","message":"[Consumer] Starting","groupId":"persistence-service"}
{"level":"INFO","timestamp":"2026-06-02T14:39:18.720Z","logger":"kafkajs","message":"[Consumer] Stopped","groupId":"persistence-service"}
{"level":"INFO","timestamp":"2026-06-02T14:39:27.741Z","logger":"kafkajs","message":"[Consumer] Starting","groupId":"persistence-service"}
{"level":"INFO","timestamp":"2026-06-02T14:39:38.129Z","logger":"kafkajs","message":"[Consumer] Stopped","groupId":"persistence-service"}
{"level":"INFO","timestamp":"2026-06-02T14:39:48.853Z","logger":"kafkajs","message":"[Consumer] Starting","groupId":"persistence-service"}
{"level":"INFO","timestamp":"2026-06-02T14:39:56.248Z","logger":"kafkajs","message":"[Consumer] Stopped","groupId":"persistence-service"}
{"level":"INFO","timestamp":"2026-06-02T14:40:04.341Z","logger":"kafkajs","message":"[Consumer] Starting","groupId":"persistence-service"}
{"level":"INFO","timestamp":"2026-06-02T14:40:11.723Z","logger":"kafkajs","message":"[Consumer] Stopped","groupId":"persistence-service"}
{"level":"INFO","timestamp":"2026-06-02T14:40:19.412Z","logger":"kafkajs","message":"[Consumer] Starting","groupId":"persistence-service"}
{"level":"INFO","timestamp":"2026-06-02T14:40:31.371Z","logger":"kafkajs","message":"[Consumer] Stopped","groupId":"persistence-service"}
{"level":"INFO","timestamp":"2026-06-02T14:40:40.851Z","logger":"kafkajs","message":"[Consumer] Starting","groupId":"persistence-service"}
{"level":"INFO","timestamp":"2026-06-02T14:40:49.998Z","logger":"kafkajs","message":"[Consumer] Stopped","groupId":"persistence-service"}
{"level":"INFO","timestamp":"2026-06-02T14:41:01.013Z","logger":"kafkajs","message":"[Consumer] Starting","groupId":"persistence-service"}
{"level":"INFO","timestamp":"2026-06-02T14:41:15.815Z","logger":"kafkajs","message":"[Consumer] Stopped","groupId":"persistence-service"}
{"level":"INFO","timestamp":"2026-06-02T14:41:29.394Z","logger":"kafkajs","message":"[Consumer] Starting","groupId":"persistence-service"}
{"level":"INFO","timestamp":"2026-06-02T14:41:34.896Z","logger":"kafkajs","message":"[Consumer] Stopped","groupId":"persistence-service"}
{"level":"INFO","timestamp":"2026-06-02T14:41:40.320Z","logger":"kafkajs","message":"[Consumer] Starting","groupId":"persistence-service"}
{"level":"INFO","timestamp":"2026-06-02T14:41:50.437Z","logger":"kafkajs","message":"[Consumer] Stopped","groupId":"persistence-service"}
{"level":"INFO","timestamp":"2026-06-02T14:42:01.774Z","logger":"kafkajs","message":"[Consumer] Starting","groupId":"persistence-service"}
{"level":"INFO","timestamp":"2026-06-02T14:42:10.890Z","logger":"kafkajs","message":"[Consumer] Stopped","groupId":"persistence-service"}
{"level":"INFO","timestamp":"2026-06-02T14:42:20.222Z","logger":"kafkajs","message":"[Consumer] Starting","groupId":"persistence-service"}
{"level":"INFO","timestamp":"2026-06-02T14:42:33.479Z","logger":"kafkajs","message":"[Consumer] Stopped","groupId":"persistence-service"}
{"level":"INFO","timestamp":"2026-06-02T14:42:49.026Z","logger":"kafkajs","message":"[Consumer] Starting","groupId":"persistence-service"}
{"level":"INFO","timestamp":"2026-06-02T14:42:58.535Z","logger":"kafkajs","message":"[Consumer] Stopped","groupId":"persistence-service"}
{"level":"INFO","timestamp":"2026-06-02T14:43:10.950Z","logger":"kafkajs","message":"[Consumer] Starting","groupId":"persistence-service"}
{"level":"INFO","timestamp":"2026-06-02T14:43:17.207Z","logger":"kafkajs","message":"[Consumer] Stopped","groupId":"persistence-service"}
{"level":"INFO","timestamp":"2026-06-02T14:43:22.862Z","logger":"kafkajs","message":"[Consumer] Starting","groupId":"persistence-service"}
{"level":"INFO","timestamp":"2026-06-02T14:43:33.176Z","logger":"kafkajs","message":"[Consumer] Stopped","groupId":"persistence-service"}
{"level":"INFO","timestamp":"2026-06-02T14:43:44.256Z","logger":"kafkajs","message":"[Consumer] Starting","groupId":"persistence-service"}
{"level":"INFO","timestamp":"2026-06-02T14:43:53.398Z","logger":"kafkajs","message":"[Consumer] Stopped","groupId":"persistence-service"}
{"level":"INFO","timestamp":"2026-06-02T14:44:02.915Z","logger":"kafkajs","message":"[Consumer] Starting","groupId":"persistence-service"}
{"level":"INFO","timestamp":"2026-06-02T14:44:10.808Z","logger":"kafkajs","message":"[Consumer] Stopped","groupId":"persistence-service"}
{"level":"INFO","timestamp":"2026-06-02T14:44:19.925Z","logger":"kafkajs","message":"[Consumer] Starting","groupId":"persistence-service"}
{"level":"INFO","timestamp":"2026-06-02T14:44:28.399Z","logger":"kafkajs","message":"[Consumer] Stopped","groupId":"persistence-service"}
{"level":"INFO","timestamp":"2026-06-02T14:44:35.106Z","logger":"kafkajs","message":"[Consumer] Starting","groupId":"persistence-service"}
{"level":"INFO","timestamp":"2026-06-02T14:44:47.619Z","logger":"kafkajs","message":"[Consumer] Stopped","groupId":"persistence-service"}
{"level":"INFO","timestamp":"2026-06-02T14:44:57.422Z","logger":"kafkajs","message":"[Consumer] Starting","groupId":"persistence-service"}
{"level":"INFO","timestamp":"2026-06-02T14:45:03.236Z","logger":"kafkajs","message":"[Consumer] Stopped","groupId":"persistence-service"}
{"level":"INFO","timestamp":"2026-06-02T14:45:09.518Z","logger":"kafkajs","message":"[Consumer] Starting","groupId":"persistence-service"}
{"level":"INFO","timestamp":"2026-06-02T14:45:19.599Z","logger":"kafkajs","message":"[Consumer] Stopped","groupId":"persistence-service"}
{"level":"INFO","timestamp":"2026-06-02T14:45:30.654Z","logger":"kafkajs","message":"[Consumer] Starting","groupId":"persistence-service"}
{"level":"INFO","timestamp":"2026-06-02T14:45:41.392Z","logger":"kafkajs","message":"[Consumer] Stopped","groupId":"persistence-service"}
{"level":"INFO","timestamp":"2026-06-02T14:45:55.433Z","logger":"kafkajs","message":"[Consumer] Starting","groupId":"persistence-service"}
{"level":"INFO","timestamp":"2026-06-02T14:46:04.445Z","logger":"kafkajs","message":"[Consumer] Stopped","groupId":"persistence-service"}
{"level":"INFO","timestamp":"2026-06-02T14:46:13.502Z","logger":"kafkajs","message":"[Consumer] Starting","groupId":"persistence-service"}
{"level":"INFO","timestamp":"2026-06-02T14:46:25.763Z","logger":"kafkajs","message":"[Consumer] Stopped","groupId":"persistence-service"}
{"level":"INFO","timestamp":"2026-06-02T14:46:39.694Z","logger":"kafkajs","message":"[Consumer] Starting","groupId":"persistence-service"}
{"level":"INFO","timestamp":"2026-06-02T14:46:52.614Z","logger":"kafkajs","message":"[Consumer] Stopped","groupId":"persistence-service"}
{"level":"INFO","timestamp":"2026-06-02T14:47:06.425Z","logger":"kafkajs","message":"[Consumer] Starting","groupId":"persistence-service"}
{"level":"INFO","timestamp":"2026-06-02T14:47:18.440Z","logger":"kafkajs","message":"[Consumer] Stopped","groupId":"persistence-service"}
{"level":"INFO","timestamp":"2026-06-02T14:47:31.449Z","logger":"kafkajs","message":"[Consumer] Starting","groupId":"persistence-service"}
{"level":"INFO","timestamp":"2026-06-02T14:47:40.011Z","logger":"kafkajs","message":"[Consumer] Stopped","groupId":"persistence-service"}
{"level":"INFO","timestamp":"2026-06-02T14:47:48.426Z","logger":"kafkajs","message":"[Consumer] Starting","groupId":"persistence-service"}
{"level":"INFO","timestamp":"2026-06-02T14:47:58.978Z","logger":"kafkajs","message":"[Consumer] Stopped","groupId":"persistence-service"}
{"level":"INFO","timestamp":"2026-06-02T14:48:10.869Z","logger":"kafkajs","message":"[Consumer] Starting","groupId":"persistence-service"}
{"level":"INFO","timestamp":"2026-06-02T14:48:21.353Z","logger":"kafkajs","message":"[Consumer] Stopped","groupId":"persistence-service"}
{"level":"INFO","timestamp":"2026-06-02T14:48:31.186Z","logger":"kafkajs","message":"[Consumer] Starting","groupId":"persistence-service"}
{"level":"INFO","timestamp":"2026-06-02T14:48:43.554Z","logger":"kafkajs","message":"[Consumer] Stopped","groupId":"persistence-service"}
{"level":"INFO","timestamp":"2026-06-02T14:48:54.779Z","logger":"kafkajs","message":"[Consumer] Starting","groupId":"persistence-service"}
{"level":"INFO","timestamp":"2026-06-02T14:49:06.879Z","logger":"kafkajs","message":"[Consumer] Stopped","groupId":"persistence-service"}
{"level":"INFO","timestamp":"2026-06-02T14:49:18.534Z","logger":"kafkajs","message":"[Consumer] Starting","groupId":"persistence-service"}
{"level":"INFO","timestamp":"2026-06-02T14:49:26.756Z","logger":"kafkajs","message":"[Consumer] Stopped","groupId":"persistence-service"}
{"level":"INFO","timestamp":"2026-06-02T14:49:33.124Z","logger":"kafkajs","message":"[Consumer] Starting","groupId":"persistence-service"}
{"level":"INFO","timestamp":"2026-06-02T14:49:43.811Z","logger":"kafkajs","message":"[Consumer] Stopped","groupId":"persistence-service"}
{"level":"INFO","timestamp":"2026-06-02T14:49:55.428Z","logger":"kafkajs","message":"[Consumer] Starting","groupId":"persistence-service"}
{"level":"INFO","timestamp":"2026-06-02T14:50:03.017Z","logger":"kafkajs","message":"[Consumer] Stopped","groupId":"persistence-service"}
{"level":"INFO","timestamp":"2026-06-02T14:50:12.196Z","logger":"kafkajs","message":"[Consumer] Starting","groupId":"persistence-service"}
{"level":"INFO","timestamp":"2026-06-02T14:50:22.554Z","logger":"kafkajs","message":"[Consumer] Stopped","groupId":"persistence-service"}
{"level":"INFO","timestamp":"2026-06-02T14:50:33.531Z","logger":"kafkajs","message":"[Consumer] Starting","groupId":"persistence-service"}
{"level":"INFO","timestamp":"2026-06-02T14:50:48.675Z","logger":"kafkajs","message":"[Consumer] Stopped","groupId":"persistence-service"}
{"level":"INFO","timestamp":"2026-06-02T14:51:07.938Z","logger":"kafkajs","message":"[Consumer] Starting","groupId":"persistence-service"}
{"level":"INFO","timestamp":"2026-06-02T14:51:17.586Z","logger":"kafkajs","message":"[Consumer] Stopped","groupId":"persistence-service"}
{"level":"INFO","timestamp":"2026-06-02T14:51:28.537Z","logger":"kafkajs","message":"[Consumer] Starting","groupId":"persistence-service"}
{"level":"INFO","timestamp":"2026-06-02T14:51:39.547Z","logger":"kafkajs","message":"[Consumer] Stopped","groupId":"persistence-service"}
{"level":"INFO","timestamp":"2026-06-02T14:51:49.826Z","logger":"kafkajs","message":"[Consumer] Starting","groupId":"persistence-service"}
{"level":"INFO","timestamp":"2026-06-02T14:52:00.233Z","logger":"kafkajs","message":"[Consumer] Stopped","groupId":"persistence-service"}
{"level":"INFO","timestamp":"2026-06-02T14:52:09.544Z","logger":"kafkajs","message":"[Consumer] Starting","groupId":"persistence-service"}
{"level":"INFO","timestamp":"2026-06-02T14:52:15.852Z","logger":"kafkajs","message":"[Consumer] Stopped","groupId":"persistence-service"}
{"level":"INFO","timestamp":"2026-06-02T14:52:21.004Z","logger":"kafkajs","message":"[Consumer] Starting","groupId":"persistence-service"}
{"level":"INFO","timestamp":"2026-06-02T14:52:31.766Z","logger":"kafkajs","message":"[Consumer] Stopped","groupId":"persistence-service"}
{"level":"INFO","timestamp":"2026-06-02T14:52:44.692Z","logger":"kafkajs","message":"[Consumer] Starting","groupId":"persistence-service"}
{"level":"INFO","timestamp":"2026-06-02T14:52:51.882Z","logger":"kafkajs","message":"[Consumer] Stopped","groupId":"persistence-service"}
{"level":"INFO","timestamp":"2026-06-02T14:52:58.643Z","logger":"kafkajs","message":"[Consumer] Starting","groupId":"persistence-service"}
{"level":"INFO","timestamp":"2026-06-02T14:53:04.317Z","logger":"kafkajs","message":"[Consumer] Stopped","groupId":"persistence-service"}
{"level":"INFO","timestamp":"2026-06-02T14:53:10.934Z","logger":"kafkajs","message":"[Consumer] Starting","groupId":"persistence-service"}
{"level":"INFO","timestamp":"2026-06-02T14:53:21.731Z","logger":"kafkajs","message":"[Consumer] Stopped","groupId":"persistence-service"}
{"level":"INFO","timestamp":"2026-06-02T14:53:31.615Z","logger":"kafkajs","message":"[Consumer] Starting","groupId":"persistence-service"}
{"level":"INFO","timestamp":"2026-06-02T14:53:40.666Z","logger":"kafkajs","message":"[Consumer] Stopped","groupId":"persistence-service"}
{"level":"INFO","timestamp":"2026-06-02T14:53:50.731Z","logger":"kafkajs","message":"[Consumer] Starting","groupId":"persistence-service"}
{"level":"INFO","timestamp":"2026-06-02T14:53:57.771Z","logger":"kafkajs","message":"[Consumer] Stopped","groupId":"persistence-service"}
{"level":"INFO","timestamp":"2026-06-02T14:54:05.750Z","logger":"kafkajs","message":"[Consumer] Starting","groupId":"persistence-service"}
{"level":"INFO","timestamp":"2026-06-02T14:54:19.678Z","logger":"kafkajs","message":"[Consumer] Stopped","groupId":"persistence-service"}
{"level":"INFO","timestamp":"2026-06-02T14:54:32.422Z","logger":"kafkajs","message":"[Consumer] Starting","groupId":"persistence-service"}
{"level":"INFO","timestamp":"2026-06-02T14:54:40.768Z","logger":"kafkajs","message":"[Consumer] Stopped","groupId":"persistence-service"}
{"level":"INFO","timestamp":"2026-06-02T14:54:49.817Z","logger":"kafkajs","message":"[Consumer] Starting","groupId":"persistence-service"}
{"level":"INFO","timestamp":"2026-06-02T14:55:00.972Z","logger":"kafkajs","message":"[Consumer] Stopped","groupId":"persistence-service"}
{"level":"INFO","timestamp":"2026-06-02T14:55:14.031Z","logger":"kafkajs","message":"[Consumer] Starting","groupId":"persistence-service"}
{"level":"INFO","timestamp":"2026-06-02T14:55:21.874Z","logger":"kafkajs","message":"[Consumer] Stopped","groupId":"persistence-service"}
{"level":"INFO","timestamp":"2026-06-02T14:55:29.604Z","logger":"kafkajs","message":"[Consumer] Starting","groupId":"persistence-service"}
{"level":"INFO","timestamp":"2026-06-02T14:55:41.987Z","logger":"kafkajs","message":"[Consumer] Stopped","groupId":"persistence-service"}
{"level":"INFO","timestamp":"2026-06-02T14:55:53.934Z","logger":"kafkajs","message":"[Consumer] Starting","groupId":"persistence-service"}
{"level":"INFO","timestamp":"2026-06-02T14:56:05.255Z","logger":"kafkajs","message":"[Consumer] Stopped","groupId":"persistence-service"}
{"level":"INFO","timestamp":"2026-06-02T14:56:18.527Z","logger":"kafkajs","message":"[Consumer] Starting","groupId":"persistence-service"}
{"level":"INFO","timestamp":"2026-06-02T14:56:26.881Z","logger":"kafkajs","message":"[Consumer] Stopped","groupId":"persistence-service"}
{"level":"INFO","timestamp":"2026-06-02T14:56:35.171Z","logger":"kafkajs","message":"[Consumer] Starting","groupId":"persistence-service"}
{"level":"INFO","timestamp":"2026-06-02T14:56:43.689Z","logger":"kafkajs","message":"[Consumer] Stopped","groupId":"persistence-service"}
{"level":"INFO","timestamp":"2026-06-02T14:56:52.891Z","logger":"kafkajs","message":"[Consumer] Starting","groupId":"persistence-service"}
{"level":"INFO","timestamp":"2026-06-02T14:57:01.343Z","logger":"kafkajs","message":"[Consumer] Stopped","groupId":"persistence-service"}
{"level":"INFO","timestamp":"2026-06-02T14:57:10.706Z","logger":"kafkajs","message":"[Consumer] Starting","groupId":"persistence-service"}
{"level":"INFO","timestamp":"2026-06-02T14:57:17.692Z","logger":"kafkajs","message":"[Consumer] Stopped","groupId":"persistence-service"}
{"level":"INFO","timestamp":"2026-06-02T14:57:24.579Z","logger":"kafkajs","message":"[Consumer] Starting","groupId":"persistence-service"}
{"level":"INFO","timestamp":"2026-06-02T14:57:36.348Z","logger":"kafkajs","message":"[Consumer] Stopped","groupId":"persistence-service"}
{"level":"INFO","timestamp":"2026-06-02T14:57:46.976Z","logger":"kafkajs","message":"[Consumer] Starting","groupId":"persistence-service"}
{"level":"INFO","timestamp":"2026-06-02T14:57:55.156Z","logger":"kafkajs","message":"[Consumer] Stopped","groupId":"persistence-service"}
{"level":"INFO","timestamp":"2026-06-02T14:58:03.635Z","logger":"kafkajs","message":"[Consumer] Starting","groupId":"persistence-service"}
{"level":"INFO","timestamp":"2026-06-02T14:58:11.608Z","logger":"kafkajs","message":"[Consumer] Stopped","groupId":"persistence-service"}
{"level":"INFO","timestamp":"2026-06-02T14:58:18.946Z","logger":"kafkajs","message":"[Consumer] Starting","groupId":"persistence-service"}
{"level":"INFO","timestamp":"2026-06-02T14:58:26.550Z","logger":"kafkajs","message":"[Consumer] Stopped","groupId":"persistence-service"}
{"level":"INFO","timestamp":"2026-06-02T14:58:34.433Z","logger":"kafkajs","message":"[Consumer] Starting","groupId":"persistence-service"}
{"level":"INFO","timestamp":"2026-06-02T14:58:44.337Z","logger":"kafkajs","message":"[Consumer] Stopped","groupId":"persistence-service"}
{"level":"INFO","timestamp":"2026-06-02T14:58:52.750Z","logger":"kafkajs","message":"[Consumer] Starting","groupId":"persistence-service"}
{"level":"INFO","timestamp":"2026-06-02T14:59:03.110Z","logger":"kafkajs","message":"[Consumer] Stopped","groupId":"persistence-service"}
{"level":"INFO","timestamp":"2026-06-02T14:59:15.357Z","logger":"kafkajs","message":"[Consumer] Starting","groupId":"persistence-service"}
{"level":"INFO","timestamp":"2026-06-02T14:59:24.279Z","logger":"kafkajs","message":"[Consumer] Stopped","groupId":"persistence-service"}
{"level":"INFO","timestamp":"2026-06-02T14:59:34.611Z","logger":"kafkajs","message":"[Consumer] Starting","groupId":"persistence-service"}
{"level":"INFO","timestamp":"2026-06-02T14:59:43.298Z","logger":"kafkajs","message":"[Consumer] Stopped","groupId":"persistence-service"}
{"level":"INFO","timestamp":"2026-06-02T14:59:51.770Z","logger":"kafkajs","message":"[Consumer] Starting","groupId":"persistence-service"}
{"level":"INFO","timestamp":"2026-06-02T14:59:59.286Z","logger":"kafkajs","message":"[Consumer] Stopped","groupId":"persistence-service"}
{"level":"INFO","timestamp":"2026-06-02T15:00:07.140Z","logger":"kafkajs","message":"[Consumer] Starting","groupId":"persistence-service"}
{"level":"INFO","timestamp":"2026-06-02T15:00:17.909Z","logger":"kafkajs","message":"[Consumer] Stopped","groupId":"persistence-service"}
{"level":"INFO","timestamp":"2026-06-02T15:00:29.443Z","logger":"kafkajs","message":"[Consumer] Starting","groupId":"persistence-service"}
{"level":"INFO","timestamp":"2026-06-02T15:00:36.589Z","logger":"kafkajs","message":"[Consumer] Stopped","groupId":"persistence-service"}
{"level":"INFO","timestamp":"2026-06-02T15:00:42.455Z","logger":"kafkajs","message":"[Consumer] Starting","groupId":"persistence-service"}
{"level":"INFO","timestamp":"2026-06-02T15:00:51.069Z","logger":"kafkajs","message":"[Consumer] Stopped","groupId":"persistence-service"}
{"level":"INFO","timestamp":"2026-06-02T15:01:01.029Z","logger":"kafkajs","message":"[Consumer] Starting","groupId":"persistence-service"}
{"level":"INFO","timestamp":"2026-06-02T15:01:09.467Z","logger":"kafkajs","message":"[Consumer] Stopped","groupId":"persistence-service"}
{"level":"INFO","timestamp":"2026-06-02T15:01:15.973Z","logger":"kafkajs","message":"[Consumer] Starting","groupId":"persistence-service"}
{"level":"INFO","timestamp":"2026-06-02T15:01:31.215Z","logger":"kafkajs","message":"[Consumer] Stopped","groupId":"persistence-service"}
{"level":"INFO","timestamp":"2026-06-02T15:01:47.718Z","logger":"kafkajs","message":"[Consumer] Starting","groupId":"persistence-service"}
{"level":"INFO","timestamp":"2026-06-02T15:01:54.954Z","logger":"kafkajs","message":"[Consumer] Stopped","groupId":"persistence-service"}
{"level":"INFO","timestamp":"2026-06-02T15:02:03.590Z","logger":"kafkajs","message":"[Consumer] Starting","groupId":"persistence-service"}
{"level":"INFO","timestamp":"2026-06-02T15:02:12.390Z","logger":"kafkajs","message":"[Consumer] Stopped","groupId":"persistence-service"}
{"level":"INFO","timestamp":"2026-06-02T15:02:23.163Z","logger":"kafkajs","message":"[Consumer] Starting","groupId":"persistence-service"}
{"level":"INFO","timestamp":"2026-06-02T15:02:31.922Z","logger":"kafkajs","message":"[Consumer] Stopped","groupId":"persistence-service"}
{"level":"INFO","timestamp":"2026-06-02T15:02:39.333Z","logger":"kafkajs","message":"[Consumer] Starting","groupId":"persistence-service"}
{"level":"INFO","timestamp":"2026-06-02T15:02:45.713Z","logger":"kafkajs","message":"[Consumer] Stopped","groupId":"persistence-service"}
{"level":"INFO","timestamp":"2026-06-02T15:02:50.568Z","logger":"kafkajs","message":"[Consumer] Starting","groupId":"persistence-service"}
{"level":"INFO","timestamp":"2026-06-02T15:02:59.573Z","logger":"kafkajs","message":"[Consumer] Stopped","groupId":"persistence-service"}
{"level":"INFO","timestamp":"2026-06-02T15:03:08.467Z","logger":"kafkajs","message":"[Consumer] Starting","groupId":"persistence-service"}
{"level":"INFO","timestamp":"2026-06-02T15:03:16.380Z","logger":"kafkajs","message":"[Consumer] Stopped","groupId":"persistence-service"}
{"level":"INFO","timestamp":"2026-06-02T15:03:23.135Z","logger":"kafkajs","message":"[Consumer] Starting","groupId":"persistence-service"}
{"level":"INFO","timestamp":"2026-06-02T15:03:33.722Z","logger":"kafkajs","message":"[Consumer] Stopped","groupId":"persistence-service"}
{"level":"INFO","timestamp":"2026-06-02T15:03:42.654Z","logger":"kafkajs","message":"[Consumer] Starting","groupId":"persistence-service"}
{"level":"INFO","timestamp":"2026-06-02T15:03:55.898Z","logger":"kafkajs","message":"[Consumer] Stopped","groupId":"persistence-service"}
{"level":"INFO","timestamp":"2026-06-02T15:04:09.136Z","logger":"kafkajs","message":"[Consumer] Starting","groupId":"persistence-service"}
{"level":"INFO","timestamp":"2026-06-02T15:04:18.503Z","logger":"kafkajs","message":"[Consumer] Stopped","groupId":"persistence-service"}
{"level":"INFO","timestamp":"2026-06-02T15:04:27.563Z","logger":"kafkajs","message":"[Consumer] Starting","groupId":"persistence-service"}
{"level":"INFO","timestamp":"2026-06-02T15:04:33.953Z","logger":"kafkajs","message":"[Consumer] Stopped","groupId":"persistence-service"}
{"level":"INFO","timestamp":"2026-06-02T15:04:41.317Z","logger":"kafkajs","message":"[Consumer] Starting","groupId":"persistence-service"}
{"level":"INFO","timestamp":"2026-06-02T15:04:50.898Z","logger":"kafkajs","message":"[Consumer] Stopped","groupId":"persistence-service"}
{"level":"INFO","timestamp":"2026-06-02T15:05:02.334Z","logger":"kafkajs","message":"[Consumer] Starting","groupId":"persistence-service"}
{"level":"INFO","timestamp":"2026-06-02T15:05:11.426Z","logger":"kafkajs","message":"[Consumer] Stopped","groupId":"persistence-service"}
{"level":"INFO","timestamp":"2026-06-02T15:05:19.020Z","logger":"kafkajs","message":"[Consumer] Starting","groupId":"persistence-service"}
{"level":"INFO","timestamp":"2026-06-02T15:05:25.466Z","logger":"kafkajs","message":"[Consumer] Stopped","groupId":"persistence-service"}
{"level":"INFO","timestamp":"2026-06-02T15:05:32.047Z","logger":"kafkajs","message":"[Consumer] Starting","groupId":"persistence-service"}
{"level":"INFO","timestamp":"2026-06-02T15:05:40.899Z","logger":"kafkajs","message":"[Consumer] Stopped","groupId":"persistence-service"}
{"level":"INFO","timestamp":"2026-06-02T15:05:51.793Z","logger":"kafkajs","message":"[Consumer] Starting","groupId":"persistence-service"}
{"level":"INFO","timestamp":"2026-06-02T15:06:03.283Z","logger":"kafkajs","message":"[Consumer] Stopped","groupId":"persistence-service"}
{"level":"INFO","timestamp":"2026-06-02T15:06:15.635Z","logger":"kafkajs","message":"[Consumer] Starting","groupId":"persistence-service"}
{"level":"INFO","timestamp":"2026-06-02T15:06:24.130Z","logger":"kafkajs","message":"[Consumer] Stopped","groupId":"persistence-service"}
{"level":"INFO","timestamp":"2026-06-02T15:06:31.784Z","logger":"kafkajs","message":"[Consumer] Starting","groupId":"persistence-service"}
{"level":"INFO","timestamp":"2026-06-02T15:06:43.878Z","logger":"kafkajs","message":"[Consumer] Stopped","groupId":"persistence-service"}
{"level":"INFO","timestamp":"2026-06-02T15:06:56.554Z","logger":"kafkajs","message":"[Consumer] Starting","groupId":"persistence-service"}
{"level":"INFO","timestamp":"2026-06-02T15:07:10.626Z","logger":"kafkajs","message":"[Consumer] Stopped","groupId":"persistence-service"}
{"level":"INFO","timestamp":"2026-06-02T15:07:26.745Z","logger":"kafkajs","message":"[Consumer] Starting","groupId":"persistence-service"}
{"level":"INFO","timestamp":"2026-06-02T15:07:36.471Z","logger":"kafkajs","message":"[Consumer] Stopped","groupId":"persistence-service"}
{"level":"INFO","timestamp":"2026-06-02T15:07:46.911Z","logger":"kafkajs","message":"[Consumer] Starting","groupId":"persistence-service"}
{"level":"INFO","timestamp":"2026-06-02T15:07:56.333Z","logger":"kafkajs","message":"[Consumer] Stopped","groupId":"persistence-service"}
{"level":"INFO","timestamp":"2026-06-02T15:08:06.236Z","logger":"kafkajs","message":"[Consumer] Starting","groupId":"persistence-service"}
{"level":"INFO","timestamp":"2026-06-02T15:08:17.658Z","logger":"kafkajs","message":"[Consumer] Stopped","groupId":"persistence-service"}
{"level":"INFO","timestamp":"2026-06-02T15:08:28.668Z","logger":"kafkajs","message":"[Consumer] Starting","groupId":"persistence-service"}
{"level":"INFO","timestamp":"2026-06-02T15:08:35.608Z","logger":"kafkajs","message":"[Consumer] Stopped","groupId":"persistence-service"}
{"level":"INFO","timestamp":"2026-06-02T15:08:40.915Z","logger":"kafkajs","message":"[Consumer] Starting","groupId":"persistence-service"}
{"level":"INFO","timestamp":"2026-06-02T15:08:51.197Z","logger":"kafkajs","message":"[Consumer] Stopped","groupId":"persistence-service"}
{"level":"INFO","timestamp":"2026-06-02T15:09:03.525Z","logger":"kafkajs","message":"[Consumer] Starting","groupId":"persistence-service"}
{"level":"INFO","timestamp":"2026-06-02T15:09:11.117Z","logger":"kafkajs","message":"[Consumer] Stopped","groupId":"persistence-service"}
{"level":"INFO","timestamp":"2026-06-02T15:09:17.812Z","logger":"kafkajs","message":"[Consumer] Starting","groupId":"persistence-service"}
{"level":"INFO","timestamp":"2026-06-02T15:09:27.666Z","logger":"kafkajs","message":"[Consumer] Stopped","groupId":"persistence-service"}
{"level":"INFO","timestamp":"2026-06-02T15:09:37.746Z","logger":"kafkajs","message":"[Consumer] Starting","groupId":"persistence-service"}
{"level":"INFO","timestamp":"2026-06-02T15:09:48.185Z","logger":"kafkajs","message":"[Consumer] Stopped","groupId":"persistence-service"}
{"level":"INFO","timestamp":"2026-06-02T15:09:58.810Z","logger":"kafkajs","message":"[Consumer] Starting","groupId":"persistence-service"}
{"level":"INFO","timestamp":"2026-06-02T15:10:09.745Z","logger":"kafkajs","message":"[Consumer] Stopped","groupId":"persistence-service"}
{"level":"INFO","timestamp":"2026-06-02T15:10:22.708Z","logger":"kafkajs","message":"[Consumer] Starting","groupId":"persistence-service"}
{"level":"INFO","timestamp":"2026-06-02T15:10:31.395Z","logger":"kafkajs","message":"[Consumer] Stopped","groupId":"persistence-service"}
{"level":"INFO","timestamp":"2026-06-02T15:10:40.340Z","logger":"kafkajs","message":"[Consumer] Starting","groupId":"persistence-service"}
{"level":"INFO","timestamp":"2026-06-02T15:10:50.092Z","logger":"kafkajs","message":"[Consumer] Stopped","groupId":"persistence-service"}
{"level":"INFO","timestamp":"2026-06-02T15:10:59.567Z","logger":"kafkajs","message":"[Consumer] Starting","groupId":"persistence-service"}
{"level":"INFO","timestamp":"2026-06-02T15:11:06.743Z","logger":"kafkajs","message":"[Consumer] Stopped","groupId":"persistence-service"}
{"level":"INFO","timestamp":"2026-06-02T15:11:13.778Z","logger":"kafkajs","message":"[Consumer] Starting","groupId":"persistence-service"}
{"level":"INFO","timestamp":"2026-06-02T15:11:25.961Z","logger":"kafkajs","message":"[Consumer] Stopped","groupId":"persistence-service"}
{"level":"INFO","timestamp":"2026-06-02T15:11:39.216Z","logger":"kafkajs","message":"[Consumer] Starting","groupId":"persistence-service"}
{"level":"INFO","timestamp":"2026-06-02T15:11:51.161Z","logger":"kafkajs","message":"[Consumer] Stopped","groupId":"persistence-service"}
{"level":"INFO","timestamp":"2026-06-02T15:12:03.537Z","logger":"kafkajs","message":"[Consumer] Starting","groupId":"persistence-service"}
{"level":"INFO","timestamp":"2026-06-02T15:12:12.629Z","logger":"kafkajs","message":"[Consumer] Stopped","groupId":"persistence-service"}
{"level":"INFO","timestamp":"2026-06-02T15:12:20.683Z","logger":"kafkajs","message":"[Consumer] Starting","groupId":"persistence-service"}
{"level":"INFO","timestamp":"2026-06-02T15:12:28.917Z","logger":"kafkajs","message":"[Consumer] Stopped","groupId":"persistence-service"}
{"level":"INFO","timestamp":"2026-06-02T15:12:36.591Z","logger":"kafkajs","message":"[Consumer] Starting","groupId":"persistence-service"}
{"level":"INFO","timestamp":"2026-06-02T15:12:46.045Z","logger":"kafkajs","message":"[Consumer] Stopped","groupId":"persistence-service"}
{"level":"INFO","timestamp":"2026-06-02T15:12:55.788Z","logger":"kafkajs","message":"[Consumer] Starting","groupId":"persistence-service"}
{"level":"INFO","timestamp":"2026-06-02T15:13:06.213Z","logger":"kafkajs","message":"[Consumer] Stopped","groupId":"persistence-service"}
{"level":"INFO","timestamp":"2026-06-02T15:13:17.071Z","logger":"kafkajs","message":"[Consumer] Starting","groupId":"persistence-service"}
{"level":"INFO","timestamp":"2026-06-02T15:13:30.497Z","logger":"kafkajs","message":"[Consumer] Stopped","groupId":"persistence-service"}
{"level":"INFO","timestamp":"2026-06-02T15:13:43.920Z","logger":"kafkajs","message":"[Consumer] Starting","groupId":"persistence-service"}
{"level":"INFO","timestamp":"2026-06-02T15:13:51.359Z","logger":"kafkajs","message":"[Consumer] Stopped","groupId":"persistence-service"}
{"level":"INFO","timestamp":"2026-06-02T15:13:56.851Z","logger":"kafkajs","message":"[Consumer] Starting","groupId":"persistence-service"}
{"level":"INFO","timestamp":"2026-06-02T15:14:05.199Z","logger":"kafkajs","message":"[Consumer] Stopped","groupId":"persistence-service"}
{"level":"INFO","timestamp":"2026-06-02T15:14:12.987Z","logger":"kafkajs","message":"[Consumer] Starting","groupId":"persistence-service"}
{"level":"INFO","timestamp":"2026-06-02T15:14:23.675Z","logger":"kafkajs","message":"[Consumer] Stopped","groupId":"persistence-service"}
{"level":"INFO","timestamp":"2026-06-02T15:14:34.788Z","logger":"kafkajs","message":"[Consumer] Starting","groupId":"persistence-service"}
{"level":"INFO","timestamp":"2026-06-02T15:14:43.174Z","logger":"kafkajs","message":"[Consumer] Stopped","groupId":"persistence-service"}
{"level":"INFO","timestamp":"2026-06-02T15:14:53.434Z","logger":"kafkajs","message":"[Consumer] Starting","groupId":"persistence-service"}
{"level":"INFO","timestamp":"2026-06-02T15:14:59.832Z","logger":"kafkajs","message":"[Consumer] Stopped","groupId":"persistence-service"}
{"level":"INFO","timestamp":"2026-06-02T15:15:06.190Z","logger":"kafkajs","message":"[Consumer] Starting","groupId":"persistence-service"}
{"level":"INFO","timestamp":"2026-06-02T15:15:14.248Z","logger":"kafkajs","message":"[Consumer] Stopped","groupId":"persistence-service"}
{"level":"INFO","timestamp":"2026-06-02T15:15:23.336Z","logger":"kafkajs","message":"[Consumer] Starting","groupId":"persistence-service"}
{"level":"INFO","timestamp":"2026-06-02T15:15:31.240Z","logger":"kafkajs","message":"[Consumer] Stopped","groupId":"persistence-service"}
{"level":"INFO","timestamp":"2026-06-02T15:15:39.644Z","logger":"kafkajs","message":"[Consumer] Starting","groupId":"persistence-service"}
{"level":"INFO","timestamp":"2026-06-02T15:15:46.455Z","logger":"kafkajs","message":"[Consumer] Stopped","groupId":"persistence-service"}
{"level":"INFO","timestamp":"2026-06-02T15:15:53.220Z","logger":"kafkajs","message":"[Consumer] Starting","groupId":"persistence-service"}
{"level":"INFO","timestamp":"2026-06-02T15:16:07.375Z","logger":"kafkajs","message":"[Consumer] Stopped","groupId":"persistence-service"}
{"level":"INFO","timestamp":"2026-06-02T15:16:24.142Z","logger":"kafkajs","message":"[Consumer] Starting","groupId":"persistence-service"}
{"level":"INFO","timestamp":"2026-06-02T15:16:29.841Z","logger":"kafkajs","message":"[Consumer] Stopped","groupId":"persistence-service"}
{"level":"INFO","timestamp":"2026-06-02T15:16:35.643Z","logger":"kafkajs","message":"[Consumer] Starting","groupId":"persistence-service"}
{"level":"INFO","timestamp":"2026-06-02T15:16:41.652Z","logger":"kafkajs","message":"[Consumer] Stopped","groupId":"persistence-service"}
{"level":"INFO","timestamp":"2026-06-02T15:16:46.772Z","logger":"kafkajs","message":"[Consumer] Starting","groupId":"persistence-service"}
{"level":"INFO","timestamp":"2026-06-02T15:16:56.502Z","logger":"kafkajs","message":"[Consumer] Stopped","groupId":"persistence-service"}
{"level":"INFO","timestamp":"2026-06-02T15:17:07.544Z","logger":"kafkajs","message":"[Consumer] Starting","groupId":"persistence-service"}
{"level":"INFO","timestamp":"2026-06-02T15:17:15.789Z","logger":"kafkajs","message":"[Consumer] Stopped","groupId":"persistence-service"}
{"level":"INFO","timestamp":"2026-06-02T15:17:24.086Z","logger":"kafkajs","message":"[Consumer] Starting","groupId":"persistence-service"}
{"level":"INFO","timestamp":"2026-06-02T15:17:34.597Z","logger":"kafkajs","message":"[Consumer] Stopped","groupId":"persistence-service"}
{"level":"INFO","timestamp":"2026-06-02T15:17:42.578Z","logger":"kafkajs","message":"[Consumer] Starting","groupId":"persistence-service"}
{"level":"INFO","timestamp":"2026-06-02T15:17:53.171Z","logger":"kafkajs","message":"[Consumer] Stopped","groupId":"persistence-service"}
{"level":"INFO","timestamp":"2026-06-02T15:18:04.018Z","logger":"kafkajs","message":"[Consumer] Starting","groupId":"persistence-service"}
{"level":"INFO","timestamp":"2026-06-02T15:18:14.467Z","logger":"kafkajs","message":"[Consumer] Stopped","groupId":"persistence-service"}
{"level":"INFO","timestamp":"2026-06-02T15:18:28.450Z","logger":"kafkajs","message":"[Consumer] Starting","groupId":"persistence-service"}
{"level":"INFO","timestamp":"2026-06-02T15:18:36.047Z","logger":"kafkajs","message":"[Consumer] Stopped","groupId":"persistence-service"}
{"level":"INFO","timestamp":"2026-06-02T15:18:44.805Z","logger":"kafkajs","message":"[Consumer] Starting","groupId":"persistence-service"}
{"level":"INFO","timestamp":"2026-06-02T15:18:52.868Z","logger":"kafkajs","message":"[Consumer] Stopped","groupId":"persistence-service"}
{"level":"INFO","timestamp":"2026-06-02T15:19:01.738Z","logger":"kafkajs","message":"[Consumer] Starting","groupId":"persistence-service"}
{"level":"INFO","timestamp":"2026-06-02T15:19:11.102Z","logger":"kafkajs","message":"[Consumer] Stopped","groupId":"persistence-service"}
{"level":"INFO","timestamp":"2026-06-02T15:19:21.806Z","logger":"kafkajs","message":"[Consumer] Starting","groupId":"persistence-service"}
{"level":"INFO","timestamp":"2026-06-02T15:19:28.651Z","logger":"kafkajs","message":"[Consumer] Stopped","groupId":"persistence-service"}
{"level":"INFO","timestamp":"2026-06-02T15:19:34.822Z","logger":"kafkajs","message":"[Consumer] Starting","groupId":"persistence-service"}
{"level":"INFO","timestamp":"2026-06-02T15:19:46.874Z","logger":"kafkajs","message":"[Consumer] Stopped","groupId":"persistence-service"}
{"level":"INFO","timestamp":"2026-06-02T15:20:03.108Z","logger":"kafkajs","message":"[Consumer] Starting","groupId":"persistence-service"}
{"level":"INFO","timestamp":"2026-06-02T15:20:12.889Z","logger":"kafkajs","message":"[Consumer] Stopped","groupId":"persistence-service"}
{"level":"INFO","timestamp":"2026-06-02T15:20:22.764Z","logger":"kafkajs","message":"[Consumer] Starting","groupId":"persistence-service"}
{"level":"INFO","timestamp":"2026-06-02T15:20:28.811Z","logger":"kafkajs","message":"[Consumer] Stopped","groupId":"persistence-service"}
{"level":"INFO","timestamp":"2026-06-02T15:20:33.547Z","logger":"kafkajs","message":"[Consumer] Starting","groupId":"persistence-service"}
{"level":"INFO","timestamp":"2026-06-02T15:20:43.846Z","logger":"kafkajs","message":"[Consumer] Stopped","groupId":"persistence-service"}
{"level":"INFO","timestamp":"2026-06-02T15:20:54.969Z","logger":"kafkajs","message":"[Consumer] Starting","groupId":"persistence-service"}
{"level":"INFO","timestamp":"2026-06-02T15:21:02.269Z","logger":"kafkajs","message":"[Consumer] Stopped","groupId":"persistence-service"}
{"level":"INFO","timestamp":"2026-06-02T15:21:08.514Z","logger":"kafkajs","message":"[Consumer] Starting","groupId":"persistence-service"}
{"level":"INFO","timestamp":"2026-06-02T15:21:15.332Z","logger":"kafkajs","message":"[Consumer] Stopped","groupId":"persistence-service"}
{"level":"INFO","timestamp":"2026-06-02T15:21:22.640Z","logger":"kafkajs","message":"[Consumer] Starting","groupId":"persistence-service"}
{"level":"INFO","timestamp":"2026-06-02T15:21:32.438Z","logger":"kafkajs","message":"[Consumer] Stopped","groupId":"persistence-service"}
{"level":"INFO","timestamp":"2026-06-02T15:21:43.040Z","logger":"kafkajs","message":"[Consumer] Starting","groupId":"persistence-service"}
{"level":"INFO","timestamp":"2026-06-02T15:21:56.157Z","logger":"kafkajs","message":"[Consumer] Stopped","groupId":"persistence-service"}
{"level":"INFO","timestamp":"2026-06-02T15:22:10.500Z","logger":"kafkajs","message":"[Consumer] Starting","groupId":"persistence-service"}
{"level":"INFO","timestamp":"2026-06-02T15:22:21.312Z","logger":"kafkajs","message":"[Consumer] Stopped","groupId":"persistence-service"}
{"level":"INFO","timestamp":"2026-06-02T15:22:32.577Z","logger":"kafkajs","message":"[Consumer] Starting","groupId":"persistence-service"}
{"level":"INFO","timestamp":"2026-06-02T15:22:41.217Z","logger":"kafkajs","message":"[Consumer] Stopped","groupId":"persistence-service"}
{"level":"INFO","timestamp":"2026-06-02T15:22:49.414Z","logger":"kafkajs","message":"[Consumer] Starting","groupId":"persistence-service"}
{"level":"INFO","timestamp":"2026-06-02T15:22:56.187Z","logger":"kafkajs","message":"[Consumer] Stopped","groupId":"persistence-service"}
{"level":"INFO","timestamp":"2026-06-02T15:23:03.880Z","logger":"kafkajs","message":"[Consumer] Starting","groupId":"persistence-service"}
{"level":"INFO","timestamp":"2026-06-02T15:23:13.861Z","logger":"kafkajs","message":"[Consumer] Stopped","groupId":"persistence-service"}
{"level":"INFO","timestamp":"2026-06-02T15:23:24.586Z","logger":"kafkajs","message":"[Consumer] Starting","groupId":"persistence-service"}
{"level":"INFO","timestamp":"2026-06-02T15:23:29.981Z","logger":"kafkajs","message":"[Consumer] Stopped","groupId":"persistence-service"}
{"level":"INFO","timestamp":"2026-06-02T15:23:35.097Z","logger":"kafkajs","message":"[Consumer] Starting","groupId":"persistence-service"}
{"level":"INFO","timestamp":"2026-06-02T15:23:41.908Z","logger":"kafkajs","message":"[Consumer] Stopped","groupId":"persistence-service"}
{"level":"INFO","timestamp":"2026-06-02T15:23:48.176Z","logger":"kafkajs","message":"[Consumer] Starting","groupId":"persistence-service"}
{"level":"INFO","timestamp":"2026-06-02T15:23:57.485Z","logger":"kafkajs","message":"[Consumer] Stopped","groupId":"persistence-service"}
{"level":"INFO","timestamp":"2026-06-02T15:24:06.303Z","logger":"kafkajs","message":"[Consumer] Starting","groupId":"persistence-service"}
{"level":"INFO","timestamp":"2026-06-02T15:24:20.808Z","logger":"kafkajs","message":"[Consumer] Stopped","groupId":"persistence-service"}
{"level":"INFO","timestamp":"2026-06-02T15:24:34.870Z","logger":"kafkajs","message":"[Consumer] Starting","groupId":"persistence-service"}
{"level":"INFO","timestamp":"2026-06-02T15:24:44.262Z","logger":"kafkajs","message":"[Consumer] Stopped","groupId":"persistence-service"}
{"level":"INFO","timestamp":"2026-06-02T15:24:53.475Z","logger":"kafkajs","message":"[Consumer] Starting","groupId":"persistence-service"}
{"level":"INFO","timestamp":"2026-06-02T15:25:02.657Z","logger":"kafkajs","message":"[Consumer] Stopped","groupId":"persistence-service"}
{"level":"INFO","timestamp":"2026-06-02T15:25:12.396Z","logger":"kafkajs","message":"[Consumer] Starting","groupId":"persistence-service"}
{"level":"INFO","timestamp":"2026-06-02T15:25:20.743Z","logger":"kafkajs","message":"[Consumer] Stopped","groupId":"persistence-service"}
{"level":"INFO","timestamp":"2026-06-02T15:25:28.821Z","logger":"kafkajs","message":"[Consumer] Starting","groupId":"persistence-service"}
{"level":"INFO","timestamp":"2026-06-02T15:25:37.207Z","logger":"kafkajs","message":"[Consumer] Stopped","groupId":"persistence-service"}
{"level":"INFO","timestamp":"2026-06-02T15:25:44.867Z","logger":"kafkajs","message":"[Consumer] Starting","groupId":"persistence-service"}
{"level":"INFO","timestamp":"2026-06-02T15:25:54.022Z","logger":"kafkajs","message":"[Consumer] Stopped","groupId":"persistence-service"}
{"level":"INFO","timestamp":"2026-06-02T15:26:01.598Z","logger":"kafkajs","message":"[Consumer] Starting","groupId":"persistence-service"}
{"level":"INFO","timestamp":"2026-06-02T15:26:12.304Z","logger":"kafkajs","message":"[Consumer] Stopped","groupId":"persistence-service"}
{"level":"INFO","timestamp":"2026-06-02T15:26:24.650Z","logger":"kafkajs","message":"[Consumer] Starting","groupId":"persistence-service"}
{"level":"INFO","timestamp":"2026-06-02T15:26:35.747Z","logger":"kafkajs","message":"[Consumer] Stopped","groupId":"persistence-service"}
{"level":"INFO","timestamp":"2026-06-02T15:26:49.871Z","logger":"kafkajs","message":"[Consumer] Starting","groupId":"persistence-service"}
{"level":"INFO","timestamp":"2026-06-02T15:27:01.854Z","logger":"kafkajs","message":"[Consumer] Stopped","groupId":"persistence-service"}
{"level":"INFO","timestamp":"2026-06-02T15:27:13.685Z","logger":"kafkajs","message":"[Consumer] Starting","groupId":"persistence-service"}
{"level":"INFO","timestamp":"2026-06-02T15:27:25.220Z","logger":"kafkajs","message":"[Consumer] Stopped","groupId":"persistence-service"}
{"level":"INFO","timestamp":"2026-06-02T15:27:39.946Z","logger":"kafkajs","message":"[Consumer] Starting","groupId":"persistence-service"}
{"level":"INFO","timestamp":"2026-06-02T15:27:50.915Z","logger":"kafkajs","message":"[Consumer] Stopped","groupId":"persistence-service"}
{"level":"INFO","timestamp":"2026-06-02T15:28:04.252Z","logger":"kafkajs","message":"[Consumer] Starting","groupId":"persistence-service"}
{"level":"INFO","timestamp":"2026-06-02T15:28:18.796Z","logger":"kafkajs","message":"[Consumer] Stopped","groupId":"persistence-service"}
{"level":"INFO","timestamp":"2026-06-02T15:28:33.306Z","logger":"kafkajs","message":"[Consumer] Starting","groupId":"persistence-service"}
{"level":"INFO","timestamp":"2026-06-02T15:28:41.403Z","logger":"kafkajs","message":"[Consumer] Stopped","groupId":"persistence-service"}
{"level":"INFO","timestamp":"2026-06-02T15:28:50.194Z","logger":"kafkajs","message":"[Consumer] Starting","groupId":"persistence-service"}
{"level":"INFO","timestamp":"2026-06-02T15:28:58.506Z","logger":"kafkajs","message":"[Consumer] Stopped","groupId":"persistence-service"}
{"level":"INFO","timestamp":"2026-06-02T15:29:06.699Z","logger":"kafkajs","message":"[Consumer] Starting","groupId":"persistence-service"}
{"level":"INFO","timestamp":"2026-06-02T15:29:17.157Z","logger":"kafkajs","message":"[Consumer] Stopped","groupId":"persistence-service"}
{"level":"INFO","timestamp":"2026-06-02T15:29:27.184Z","logger":"kafkajs","message":"[Consumer] Starting","groupId":"persistence-service"}
{"level":"INFO","timestamp":"2026-06-02T15:29:35.529Z","logger":"kafkajs","message":"[Consumer] Stopped","groupId":"persistence-service"}
{"level":"INFO","timestamp":"2026-06-02T15:29:43.977Z","logger":"kafkajs","message":"[Consumer] Starting","groupId":"persistence-service"}
{"level":"INFO","timestamp":"2026-06-02T15:29:50.699Z","logger":"kafkajs","message":"[Consumer] Stopped","groupId":"persistence-service"}
{"level":"INFO","timestamp":"2026-06-02T15:29:55.913Z","logger":"kafkajs","message":"[Consumer] Starting","groupId":"persistence-service"}
{"level":"INFO","timestamp":"2026-06-02T15:30:02.476Z","logger":"kafkajs","message":"[Consumer] Stopped","groupId":"persistence-service"}
{"level":"INFO","timestamp":"2026-06-02T15:30:08.686Z","logger":"kafkajs","message":"[Consumer] Starting","groupId":"persistence-service"}
{"level":"INFO","timestamp":"2026-06-02T15:30:18.549Z","logger":"kafkajs","message":"[Consumer] Stopped","groupId":"persistence-service"}
{"level":"INFO","timestamp":"2026-06-02T15:30:27.773Z","logger":"kafkajs","message":"[Consumer] Starting","groupId":"persistence-service"}
{"level":"INFO","timestamp":"2026-06-02T15:30:35.674Z","logger":"kafkajs","message":"[Consumer] Stopped","groupId":"persistence-service"}
{"level":"INFO","timestamp":"2026-06-02T15:30:44.421Z","logger":"kafkajs","message":"[Consumer] Starting","groupId":"persistence-service"}
{"level":"INFO","timestamp":"2026-06-02T15:30:51.681Z","logger":"kafkajs","message":"[Consumer] Stopped","groupId":"persistence-service"}
{"level":"INFO","timestamp":"2026-06-02T15:30:59.438Z","logger":"kafkajs","message":"[Consumer] Starting","groupId":"persistence-service"}
{"level":"INFO","timestamp":"2026-06-02T15:31:06.217Z","logger":"kafkajs","message":"[Consumer] Stopped","groupId":"persistence-service"}
{"level":"INFO","timestamp":"2026-06-02T15:31:13.590Z","logger":"kafkajs","message":"[Consumer] Starting","groupId":"persistence-service"}
{"level":"INFO","timestamp":"2026-06-02T15:31:22.143Z","logger":"kafkajs","message":"[Consumer] Stopped","groupId":"persistence-service"}
{"level":"INFO","timestamp":"2026-06-02T15:31:29.310Z","logger":"kafkajs","message":"[Consumer] Starting","groupId":"persistence-service"}
{"level":"INFO","timestamp":"2026-06-02T15:31:38.909Z","logger":"kafkajs","message":"[Consumer] Stopped","groupId":"persistence-service"}
{"level":"INFO","timestamp":"2026-06-02T15:31:51.458Z","logger":"kafkajs","message":"[Consumer] Starting","groupId":"persistence-service"}
{"level":"INFO","timestamp":"2026-06-02T15:31:59.650Z","logger":"kafkajs","message":"[Consumer] Stopped","groupId":"persistence-service"}
{"level":"INFO","timestamp":"2026-06-02T15:32:06.373Z","logger":"kafkajs","message":"[Consumer] Starting","groupId":"persistence-service"}
{"level":"INFO","timestamp":"2026-06-02T15:32:13.492Z","logger":"kafkajs","message":"[Consumer] Stopped","groupId":"persistence-service"}
{"level":"INFO","timestamp":"2026-06-02T15:32:18.967Z","logger":"kafkajs","message":"[Consumer] Starting","groupId":"persistence-service"}
{"level":"INFO","timestamp":"2026-06-02T15:32:29.869Z","logger":"kafkajs","message":"[Consumer] Stopped","groupId":"persistence-service"}
{"level":"INFO","timestamp":"2026-06-02T15:32:39.648Z","logger":"kafkajs","message":"[Consumer] Starting","groupId":"persistence-service"}
{"level":"INFO","timestamp":"2026-06-02T15:32:47.155Z","logger":"kafkajs","message":"[Consumer] Stopped","groupId":"persistence-service"}
{"level":"INFO","timestamp":"2026-06-02T15:32:53.945Z","logger":"kafkajs","message":"[Consumer] Starting","groupId":"persistence-service"}
{"level":"INFO","timestamp":"2026-06-02T15:33:01.098Z","logger":"kafkajs","message":"[Consumer] Stopped","groupId":"persistence-service"}
{"level":"INFO","timestamp":"2026-06-02T15:33:09.280Z","logger":"kafkajs","message":"[Consumer] Starting","groupId":"persistence-service"}
{"level":"INFO","timestamp":"2026-06-02T15:33:21.871Z","logger":"kafkajs","message":"[Consumer] Stopped","groupId":"persistence-service"}
{"level":"INFO","timestamp":"2026-06-02T15:33:37.276Z","logger":"kafkajs","message":"[Consumer] Starting","groupId":"persistence-service"}
{"level":"INFO","timestamp":"2026-06-02T15:33:50.965Z","logger":"kafkajs","message":"[Consumer] Stopped","groupId":"persistence-service"}
{"level":"INFO","timestamp":"2026-06-02T15:34:02.838Z","logger":"kafkajs","message":"[Consumer] Starting","groupId":"persistence-service"}
{"level":"INFO","timestamp":"2026-06-02T15:34:11.956Z","logger":"kafkajs","message":"[Consumer] Stopped","groupId":"persistence-service"}
{"level":"INFO","timestamp":"2026-06-02T15:34:20.026Z","logger":"kafkajs","message":"[Consumer] Starting","groupId":"persistence-service"}
{"level":"INFO","timestamp":"2026-06-02T15:34:28.227Z","logger":"kafkajs","message":"[Consumer] Stopped","groupId":"persistence-service"}
{"level":"INFO","timestamp":"2026-06-02T15:34:34.077Z","logger":"kafkajs","message":"[Consumer] Starting","groupId":"persistence-service"}
{"level":"INFO","timestamp":"2026-06-02T15:34:45.552Z","logger":"kafkajs","message":"[Consumer] Stopped","groupId":"persistence-service"}
{"level":"INFO","timestamp":"2026-06-02T15:34:56.694Z","logger":"kafkajs","message":"[Consumer] Starting","groupId":"persistence-service"}
{"level":"INFO","timestamp":"2026-06-02T15:35:07.008Z","logger":"kafkajs","message":"[Consumer] Stopped","groupId":"persistence-service"}
{"level":"INFO","timestamp":"2026-06-02T15:35:17.066Z","logger":"kafkajs","message":"[Consumer] Starting","groupId":"persistence-service"}
{"level":"INFO","timestamp":"2026-06-02T15:35:24.836Z","logger":"kafkajs","message":"[Consumer] Stopped","groupId":"persistence-service"}
{"level":"INFO","timestamp":"2026-06-02T15:35:31.468Z","logger":"kafkajs","message":"[Consumer] Starting","groupId":"persistence-service"}
{"level":"INFO","timestamp":"2026-06-02T15:35:37.944Z","logger":"kafkajs","message":"[Consumer] Stopped","groupId":"persistence-service"}
{"level":"INFO","timestamp":"2026-06-02T15:35:44.496Z","logger":"kafkajs","message":"[Consumer] Starting","groupId":"persistence-service"}
{"level":"INFO","timestamp":"2026-06-02T15:35:52.746Z","logger":"kafkajs","message":"[Consumer] Stopped","groupId":"persistence-service"}
{"level":"INFO","timestamp":"2026-06-02T15:36:00.812Z","logger":"kafkajs","message":"[Consumer] Starting","groupId":"persistence-service"}
{"level":"INFO","timestamp":"2026-06-02T15:36:09.940Z","logger":"kafkajs","message":"[Consumer] Stopped","groupId":"persistence-service"}
{"level":"INFO","timestamp":"2026-06-02T15:36:18.662Z","logger":"kafkajs","message":"[Consumer] Starting","groupId":"persistence-service"}
{"level":"INFO","timestamp":"2026-06-02T15:36:27.345Z","logger":"kafkajs","message":"[Consumer] Stopped","groupId":"persistence-service"}
{"level":"INFO","timestamp":"2026-06-02T15:36:37.485Z","logger":"kafkajs","message":"[Consumer] Starting","groupId":"persistence-service"}
{"level":"INFO","timestamp":"2026-06-02T15:36:45.909Z","logger":"kafkajs","message":"[Consumer] Stopped","groupId":"persistence-service"}
{"level":"INFO","timestamp":"2026-06-02T15:36:53.088Z","logger":"kafkajs","message":"[Consumer] Starting","groupId":"persistence-service"}
{"level":"INFO","timestamp":"2026-06-02T15:37:01.159Z","logger":"kafkajs","message":"[Consumer] Stopped","groupId":"persistence-service"}
{"level":"INFO","timestamp":"2026-06-02T15:37:08.167Z","logger":"kafkajs","message":"[Consumer] Starting","groupId":"persistence-service"}
{"level":"INFO","timestamp":"2026-06-02T15:37:16.058Z","logger":"kafkajs","message":"[Consumer] Stopped","groupId":"persistence-service"}
{"level":"INFO","timestamp":"2026-06-02T15:37:22.301Z","logger":"kafkajs","message":"[Consumer] Starting","groupId":"persistence-service"}
{"level":"INFO","timestamp":"2026-06-02T15:37:30.921Z","logger":"kafkajs","message":"[Consumer] Stopped","groupId":"persistence-service"}
{"level":"INFO","timestamp":"2026-06-02T15:37:41.573Z","logger":"kafkajs","message":"[Consumer] Starting","groupId":"persistence-service"}
{"level":"INFO","timestamp":"2026-06-02T15:37:51.487Z","logger":"kafkajs","message":"[Consumer] Stopped","groupId":"persistence-service"}
{"level":"INFO","timestamp":"2026-06-02T15:38:02.831Z","logger":"kafkajs","message":"[Consumer] Starting","groupId":"persistence-service"}
{"level":"INFO","timestamp":"2026-06-02T15:38:10.053Z","logger":"kafkajs","message":"[Consumer] Stopped","groupId":"persistence-service"}
{"level":"INFO","timestamp":"2026-06-02T15:38:16.769Z","logger":"kafkajs","message":"[Consumer] Starting","groupId":"persistence-service"}
{"level":"INFO","timestamp":"2026-06-02T15:38:25.798Z","logger":"kafkajs","message":"[Consumer] Stopped","groupId":"persistence-service"}
{"level":"INFO","timestamp":"2026-06-02T15:38:33.696Z","logger":"kafkajs","message":"[Consumer] Starting","groupId":"persistence-service"}
{"level":"INFO","timestamp":"2026-06-02T15:38:42.103Z","logger":"kafkajs","message":"[Consumer] Stopped","groupId":"persistence-service"}
{"level":"INFO","timestamp":"2026-06-02T15:38:51.816Z","logger":"kafkajs","message":"[Consumer] Starting","groupId":"persistence-service"}
{"level":"INFO","timestamp":"2026-06-02T15:39:04.471Z","logger":"kafkajs","message":"[Consumer] Stopped","groupId":"persistence-service"}
{"level":"INFO","timestamp":"2026-06-02T15:39:17.721Z","logger":"kafkajs","message":"[Consumer] Starting","groupId":"persistence-service"}
{"level":"INFO","timestamp":"2026-06-02T15:39:24.516Z","logger":"kafkajs","message":"[Consumer] Stopped","groupId":"persistence-service"}
{"level":"INFO","timestamp":"2026-06-02T15:39:31.696Z","logger":"kafkajs","message":"[Consumer] Starting","groupId":"persistence-service"}
{"level":"INFO","timestamp":"2026-06-02T15:39:39.416Z","logger":"kafkajs","message":"[Consumer] Stopped","groupId":"persistence-service"}
{"level":"INFO","timestamp":"2026-06-02T15:39:47.628Z","logger":"kafkajs","message":"[Consumer] Starting","groupId":"persistence-service"}
{"level":"INFO","timestamp":"2026-06-02T15:39:56.579Z","logger":"kafkajs","message":"[Consumer] Stopped","groupId":"persistence-service"}
{"level":"INFO","timestamp":"2026-06-02T15:40:04.012Z","logger":"kafkajs","message":"[Consumer] Starting","groupId":"persistence-service"}
{"level":"INFO","timestamp":"2026-06-02T15:40:15.442Z","logger":"kafkajs","message":"[Consumer] Stopped","groupId":"persistence-service"}
{"level":"INFO","timestamp":"2026-06-02T15:40:25.083Z","logger":"kafkajs","message":"[Consumer] Starting","groupId":"persistence-service"}
{"level":"INFO","timestamp":"2026-06-02T15:40:34.283Z","logger":"kafkajs","message":"[Consumer] Stopped","groupId":"persistence-service"}
{"level":"INFO","timestamp":"2026-06-02T15:40:43.711Z","logger":"kafkajs","message":"[Consumer] Starting","groupId":"persistence-service"}
{"level":"INFO","timestamp":"2026-06-02T15:40:52.610Z","logger":"kafkajs","message":"[Consumer] Stopped","groupId":"persistence-service"}
{"level":"INFO","timestamp":"2026-06-02T15:41:03.398Z","logger":"kafkajs","message":"[Consumer] Starting","groupId":"persistence-service"}
{"level":"INFO","timestamp":"2026-06-02T15:41:15.438Z","logger":"kafkajs","message":"[Consumer] Stopped","groupId":"persistence-service"}
{"level":"INFO","timestamp":"2026-06-02T15:41:25.282Z","logger":"kafkajs","message":"[Consumer] Starting","groupId":"persistence-service"}
{"level":"INFO","timestamp":"2026-06-02T15:41:33.252Z","logger":"kafkajs","message":"[Consumer] Stopped","groupId":"persistence-service"}
{"level":"INFO","timestamp":"2026-06-02T15:41:40.764Z","logger":"kafkajs","message":"[Consumer] Starting","groupId":"persistence-service"}
{"level":"INFO","timestamp":"2026-06-02T15:41:51.910Z","logger":"kafkajs","message":"[Consumer] Stopped","groupId":"persistence-service"}
{"level":"INFO","timestamp":"2026-06-02T15:42:03.992Z","logger":"kafkajs","message":"[Consumer] Starting","groupId":"persistence-service"}
{"level":"INFO","timestamp":"2026-06-02T15:42:12.969Z","logger":"kafkajs","message":"[Consumer] Stopped","groupId":"persistence-service"}
{"level":"INFO","timestamp":"2026-06-02T15:42:21.911Z","logger":"kafkajs","message":"[Consumer] Starting","groupId":"persistence-service"}
{"level":"INFO","timestamp":"2026-06-02T15:42:31.802Z","logger":"kafkajs","message":"[Consumer] Stopped","groupId":"persistence-service"}
{"level":"INFO","timestamp":"2026-06-02T15:42:41.382Z","logger":"kafkajs","message":"[Consumer] Starting","groupId":"persistence-service"}
{"level":"INFO","timestamp":"2026-06-02T15:42:52.717Z","logger":"kafkajs","message":"[Consumer] Stopped","groupId":"persistence-service"}
{"level":"INFO","timestamp":"2026-06-02T15:43:07.797Z","logger":"kafkajs","message":"[Consumer] Starting","groupId":"persistence-service"}
{"level":"INFO","timestamp":"2026-06-02T15:43:14.718Z","logger":"kafkajs","message":"[Consumer] Stopped","groupId":"persistence-service"}
{"level":"INFO","timestamp":"2026-06-02T15:43:20.507Z","logger":"kafkajs","message":"[Consumer] Starting","groupId":"persistence-service"}
{"level":"INFO","timestamp":"2026-06-02T15:43:31.819Z","logger":"kafkajs","message":"[Consumer] Stopped","groupId":"persistence-service"}
{"level":"INFO","timestamp":"2026-06-02T15:43:45.150Z","logger":"kafkajs","message":"[Consumer] Starting","groupId":"persistence-service"}
{"level":"INFO","timestamp":"2026-06-02T15:43:54.583Z","logger":"kafkajs","message":"[Consumer] Stopped","groupId":"persistence-service"}
{"level":"INFO","timestamp":"2026-06-02T15:44:05.122Z","logger":"kafkajs","message":"[Consumer] Starting","groupId":"persistence-service"}
{"level":"INFO","timestamp":"2026-06-02T15:44:12.082Z","logger":"kafkajs","message":"[Consumer] Stopped","groupId":"persistence-service"}
{"level":"INFO","timestamp":"2026-06-02T15:44:20.334Z","logger":"kafkajs","message":"[Consumer] Starting","groupId":"persistence-service"}
{"level":"INFO","timestamp":"2026-06-02T15:44:35.361Z","logger":"kafkajs","message":"[Consumer] Stopped","groupId":"persistence-service"}
{"level":"INFO","timestamp":"2026-06-02T15:44:51.820Z","logger":"kafkajs","message":"[Consumer] Starting","groupId":"persistence-service"}
{"level":"INFO","timestamp":"2026-06-02T15:45:01.447Z","logger":"kafkajs","message":"[Consumer] Stopped","groupId":"persistence-service"}
{"level":"INFO","timestamp":"2026-06-02T15:45:11.989Z","logger":"kafkajs","message":"[Consumer] Starting","groupId":"persistence-service"}
{"level":"INFO","timestamp":"2026-06-02T15:45:26.097Z","logger":"kafkajs","message":"[Consumer] Stopped","groupId":"persistence-service"}
{"level":"INFO","timestamp":"2026-06-02T15:45:43.218Z","logger":"kafkajs","message":"[Consumer] Starting","groupId":"persistence-service"}
{"level":"INFO","timestamp":"2026-06-02T15:45:55.117Z","logger":"kafkajs","message":"[Consumer] Stopped","groupId":"persistence-service"}
{"level":"INFO","timestamp":"2026-06-02T15:46:05.180Z","logger":"kafkajs","message":"[Consumer] Starting","groupId":"persistence-service"}
{"level":"INFO","timestamp":"2026-06-02T15:46:18.397Z","logger":"kafkajs","message":"[Consumer] Stopped","groupId":"persistence-service"}
{"level":"INFO","timestamp":"2026-06-02T15:46:34.516Z","logger":"kafkajs","message":"[Consumer] Starting","groupId":"persistence-service"}
{"level":"INFO","timestamp":"2026-06-02T15:46:44.080Z","logger":"kafkajs","message":"[Consumer] Stopped","groupId":"persistence-service"}
{"level":"INFO","timestamp":"2026-06-02T15:46:52.583Z","logger":"kafkajs","message":"[Consumer] Starting","groupId":"persistence-service"}
{"level":"INFO","timestamp":"2026-06-02T15:47:00.834Z","logger":"kafkajs","message":"[Consumer] Stopped","groupId":"persistence-service"}
{"level":"INFO","timestamp":"2026-06-02T15:47:10.176Z","logger":"kafkajs","message":"[Consumer] Starting","groupId":"persistence-service"}
{"level":"INFO","timestamp":"2026-06-02T15:47:22.661Z","logger":"kafkajs","message":"[Consumer] Stopped","groupId":"persistence-service"}
{"level":"INFO","timestamp":"2026-06-02T15:47:38.274Z","logger":"kafkajs","message":"[Consumer] Starting","groupId":"persistence-service"}
{"level":"INFO","timestamp":"2026-06-02T15:47:49.533Z","logger":"kafkajs","message":"[Consumer] Stopped","groupId":"persistence-service"}
{"level":"INFO","timestamp":"2026-06-02T15:48:00.206Z","logger":"kafkajs","message":"[Consumer] Starting","groupId":"persistence-service"}
{"level":"INFO","timestamp":"2026-06-02T15:48:07.912Z","logger":"kafkajs","message":"[Consumer] Stopped","groupId":"persistence-service"}
{"level":"INFO","timestamp":"2026-06-02T15:48:14.571Z","logger":"kafkajs","message":"[Consumer] Starting","groupId":"persistence-service"}
{"level":"INFO","timestamp":"2026-06-02T15:48:25.154Z","logger":"kafkajs","message":"[Consumer] Stopped","groupId":"persistence-service"}
{"level":"INFO","timestamp":"2026-06-02T15:48:37.219Z","logger":"kafkajs","message":"[Consumer] Starting","groupId":"persistence-service"}
{"level":"INFO","timestamp":"2026-06-02T15:48:46.795Z","logger":"kafkajs","message":"[Consumer] Stopped","groupId":"persistence-service"}
{"level":"INFO","timestamp":"2026-06-02T15:48:55.258Z","logger":"kafkajs","message":"[Consumer] Starting","groupId":"persistence-service"}
{"level":"INFO","timestamp":"2026-06-02T15:49:02.824Z","logger":"kafkajs","message":"[Consumer] Stopped","groupId":"persistence-service"}
{"level":"INFO","timestamp":"2026-06-02T15:49:11.913Z","logger":"kafkajs","message":"[Consumer] Starting","groupId":"persistence-service"}
{"level":"INFO","timestamp":"2026-06-02T15:49:17.165Z","logger":"kafkajs","message":"[Consumer] Stopped","groupId":"persistence-service"}
{"level":"INFO","timestamp":"2026-06-02T15:49:21.795Z","logger":"kafkajs","message":"[Consumer] Starting","groupId":"persistence-service"}
{"level":"INFO","timestamp":"2026-06-02T15:49:30.811Z","logger":"kafkajs","message":"[Consumer] Stopped","groupId":"persistence-service"}
{"level":"INFO","timestamp":"2026-06-02T15:49:40.612Z","logger":"kafkajs","message":"[Consumer] Starting","groupId":"persistence-service"}
{"level":"INFO","timestamp":"2026-06-02T15:49:52.137Z","logger":"kafkajs","message":"[Consumer] Stopped","groupId":"persistence-service"}
{"level":"INFO","timestamp":"2026-06-02T15:50:04.647Z","logger":"kafkajs","message":"[Consumer] Starting","groupId":"persistence-service"}
{"level":"INFO","timestamp":"2026-06-02T15:50:12.515Z","logger":"kafkajs","message":"[Consumer] Stopped","groupId":"persistence-service"}
{"level":"INFO","timestamp":"2026-06-02T15:50:19.346Z","logger":"kafkajs","message":"[Consumer] Starting","groupId":"persistence-service"}
{"level":"INFO","timestamp":"2026-06-02T15:50:33.218Z","logger":"kafkajs","message":"[Consumer] Stopped","groupId":"persistence-service"}
{"level":"INFO","timestamp":"2026-06-02T15:50:50.335Z","logger":"kafkajs","message":"[Consumer] Starting","groupId":"persistence-service"}
{"level":"INFO","timestamp":"2026-06-02T15:51:03.165Z","logger":"kafkajs","message":"[Consumer] Stopped","groupId":"persistence-service"}
{"level":"INFO","timestamp":"2026-06-02T15:51:15.194Z","logger":"kafkajs","message":"[Consumer] Starting","groupId":"persistence-service"}
{"level":"INFO","timestamp":"2026-06-02T15:51:26.131Z","logger":"kafkajs","message":"[Consumer] Stopped","groupId":"persistence-service"}
{"level":"INFO","timestamp":"2026-06-02T15:51:35.723Z","logger":"kafkajs","message":"[Consumer] Starting","groupId":"persistence-service"}
{"level":"INFO","timestamp":"2026-06-02T15:51:43.476Z","logger":"kafkajs","message":"[Consumer] Stopped","groupId":"persistence-service"}
{"level":"INFO","timestamp":"2026-06-02T15:51:50.444Z","logger":"kafkajs","message":"[Consumer] Starting","groupId":"persistence-service"}
{"level":"INFO","timestamp":"2026-06-02T15:52:00.757Z","logger":"kafkajs","message":"[Consumer] Stopped","groupId":"persistence-service"}
{"level":"INFO","timestamp":"2026-06-02T15:52:12.710Z","logger":"kafkajs","message":"[Consumer] Starting","groupId":"persistence-service"}
{"level":"INFO","timestamp":"2026-06-02T15:52:22.116Z","logger":"kafkajs","message":"[Consumer] Stopped","groupId":"persistence-service"}
{"level":"INFO","timestamp":"2026-06-02T15:52:30.799Z","logger":"kafkajs","message":"[Consumer] Starting","groupId":"persistence-service"}
{"level":"INFO","timestamp":"2026-06-02T15:52:41.205Z","logger":"kafkajs","message":"[Consumer] Stopped","groupId":"persistence-service"}
{"level":"INFO","timestamp":"2026-06-02T15:52:50.428Z","logger":"kafkajs","message":"[Consumer] Starting","groupId":"persistence-service"}
{"level":"INFO","timestamp":"2026-06-02T15:52:57.354Z","logger":"kafkajs","message":"[Consumer] Stopped","groupId":"persistence-service"}
{"level":"INFO","timestamp":"2026-06-02T15:53:04.699Z","logger":"kafkajs","message":"[Consumer] Starting","groupId":"persistence-service"}
{"level":"INFO","timestamp":"2026-06-02T15:53:10.393Z","logger":"kafkajs","message":"[Consumer] Stopped","groupId":"persistence-service"}
{"level":"INFO","timestamp":"2026-06-02T15:53:15.561Z","logger":"kafkajs","message":"[Consumer] Starting","groupId":"persistence-service"}
{"level":"INFO","timestamp":"2026-06-02T15:53:24.690Z","logger":"kafkajs","message":"[Consumer] Stopped","groupId":"persistence-service"}
{"level":"INFO","timestamp":"2026-06-02T15:53:35.687Z","logger":"kafkajs","message":"[Consumer] Starting","groupId":"persistence-service"}
{"level":"INFO","timestamp":"2026-06-02T15:53:45.696Z","logger":"kafkajs","message":"[Consumer] Stopped","groupId":"persistence-service"}
{"level":"INFO","timestamp":"2026-06-02T15:53:54.032Z","logger":"kafkajs","message":"[Consumer] Starting","groupId":"persistence-service"}
{"level":"INFO","timestamp":"2026-06-02T15:54:00.265Z","logger":"kafkajs","message":"[Consumer] Stopped","groupId":"persistence-service"}
{"level":"INFO","timestamp":"2026-06-02T15:54:06.335Z","logger":"kafkajs","message":"[Consumer] Starting","groupId":"persistence-service"}
{"level":"INFO","timestamp":"2026-06-02T15:54:15.159Z","logger":"kafkajs","message":"[Consumer] Stopped","groupId":"persistence-service"}
{"level":"INFO","timestamp":"2026-06-02T15:54:23.467Z","logger":"kafkajs","message":"[Consumer] Starting","groupId":"persistence-service"}
{"level":"INFO","timestamp":"2026-06-02T15:54:31.505Z","logger":"kafkajs","message":"[Consumer] Stopped","groupId":"persistence-service"}
{"level":"INFO","timestamp":"2026-06-02T15:54:38.753Z","logger":"kafkajs","message":"[Consumer] Starting","groupId":"persistence-service"}
{"level":"INFO","timestamp":"2026-06-02T15:54:47.704Z","logger":"kafkajs","message":"[Consumer] Stopped","groupId":"persistence-service"}
{"level":"INFO","timestamp":"2026-06-02T15:54:58.473Z","logger":"kafkajs","message":"[Consumer] Starting","groupId":"persistence-service"}
{"level":"INFO","timestamp":"2026-06-02T15:55:07.875Z","logger":"kafkajs","message":"[Consumer] Stopped","groupId":"persistence-service"}
{"level":"INFO","timestamp":"2026-06-02T15:55:16.014Z","logger":"kafkajs","message":"[Consumer] Starting","groupId":"persistence-service"}
{"level":"INFO","timestamp":"2026-06-02T15:55:24.887Z","logger":"kafkajs","message":"[Consumer] Stopped","groupId":"persistence-service"}
{"level":"INFO","timestamp":"2026-06-02T15:55:32.924Z","logger":"kafkajs","message":"[Consumer] Starting","groupId":"persistence-service"}
{"level":"INFO","timestamp":"2026-06-02T15:55:41.100Z","logger":"kafkajs","message":"[Consumer] Stopped","groupId":"persistence-service"}
{"level":"INFO","timestamp":"2026-06-02T15:55:48.580Z","logger":"kafkajs","message":"[Consumer] Starting","groupId":"persistence-service"}
{"level":"INFO","timestamp":"2026-06-02T15:56:02.752Z","logger":"kafkajs","message":"[Consumer] Stopped","groupId":"persistence-service"}
{"level":"INFO","timestamp":"2026-06-02T15:56:15.552Z","logger":"kafkajs","message":"[Consumer] Starting","groupId":"persistence-service"}
{"level":"INFO","timestamp":"2026-06-02T15:56:25.599Z","logger":"kafkajs","message":"[Consumer] Stopped","groupId":"persistence-service"}
{"level":"INFO","timestamp":"2026-06-02T15:56:35.923Z","logger":"kafkajs","message":"[Consumer] Starting","groupId":"persistence-service"}
{"level":"INFO","timestamp":"2026-06-02T15:56:44.722Z","logger":"kafkajs","message":"[Consumer] Stopped","groupId":"persistence-service"}
{"level":"INFO","timestamp":"2026-06-02T15:56:52.385Z","logger":"kafkajs","message":"[Consumer] Starting","groupId":"persistence-service"}
{"level":"INFO","timestamp":"2026-06-02T15:57:02.704Z","logger":"kafkajs","message":"[Consumer] Stopped","groupId":"persistence-service"}
{"level":"INFO","timestamp":"2026-06-02T15:57:15.673Z","logger":"kafkajs","message":"[Consumer] Starting","groupId":"persistence-service"}
{"level":"INFO","timestamp":"2026-06-02T15:57:29.928Z","logger":"kafkajs","message":"[Consumer] Stopped","groupId":"persistence-service"}
{"level":"INFO","timestamp":"2026-06-02T15:57:47.929Z","logger":"kafkajs","message":"[Consumer] Starting","groupId":"persistence-service"}
{"level":"INFO","timestamp":"2026-06-02T15:58:01.525Z","logger":"kafkajs","message":"[Consumer] Stopped","groupId":"persistence-service"}
{"level":"INFO","timestamp":"2026-06-02T15:58:13.036Z","logger":"kafkajs","message":"[Consumer] Starting","groupId":"persistence-service"}
{"level":"INFO","timestamp":"2026-06-02T15:58:19.284Z","logger":"kafkajs","message":"[Consumer] Stopped","groupId":"persistence-service"}
{"level":"INFO","timestamp":"2026-06-02T15:58:24.769Z","logger":"kafkajs","message":"[Consumer] Starting","groupId":"persistence-service"}
{"level":"INFO","timestamp":"2026-06-02T15:58:35.328Z","logger":"kafkajs","message":"[Consumer] Stopped","groupId":"persistence-service"}
{"level":"INFO","timestamp":"2026-06-02T15:58:48.895Z","logger":"kafkajs","message":"[Consumer] Starting","groupId":"persistence-service"}
{"level":"INFO","timestamp":"2026-06-02T15:58:57.416Z","logger":"kafkajs","message":"[Consumer] Stopped","groupId":"persistence-service"}
{"level":"INFO","timestamp":"2026-06-02T15:59:04.994Z","logger":"kafkajs","message":"[Consumer] Starting","groupId":"persistence-service"}
{"level":"INFO","timestamp":"2026-06-02T15:59:12.717Z","logger":"kafkajs","message":"[Consumer] Stopped","groupId":"persistence-service"}
{"level":"INFO","timestamp":"2026-06-02T15:59:20.967Z","logger":"kafkajs","message":"[Consumer] Starting","groupId":"persistence-service"}
{"level":"INFO","timestamp":"2026-06-02T15:59:31.000Z","logger":"kafkajs","message":"[Consumer] Stopped","groupId":"persistence-service"}
{"level":"INFO","timestamp":"2026-06-02T15:59:42.275Z","logger":"kafkajs","message":"[Consumer] Starting","groupId":"persistence-service"}
{"level":"INFO","timestamp":"2026-06-02T15:59:52.085Z","logger":"kafkajs","message":"[Consumer] Stopped","groupId":"persistence-service"}
{"level":"INFO","timestamp":"2026-06-02T16:00:03.196Z","logger":"kafkajs","message":"[Consumer] Starting","groupId":"persistence-service"}
{"level":"INFO","timestamp":"2026-06-02T16:00:11.904Z","logger":"kafkajs","message":"[Consumer] Stopped","groupId":"persistence-service"}
{"level":"INFO","timestamp":"2026-06-02T16:00:21.773Z","logger":"kafkajs","message":"[Consumer] Starting","groupId":"persistence-service"}
{"level":"INFO","timestamp":"2026-06-02T16:00:29.183Z","logger":"kafkajs","message":"[Consumer] Stopped","groupId":"persistence-service"}
{"level":"INFO","timestamp":"2026-06-02T16:00:35.519Z","logger":"kafkajs","message":"[Consumer] Starting","groupId":"persistence-service"}
{"level":"INFO","timestamp":"2026-06-02T16:00:47.052Z","logger":"kafkajs","message":"[Consumer] Stopped","groupId":"persistence-service"}
{"level":"INFO","timestamp":"2026-06-02T16:00:57.342Z","logger":"kafkajs","message":"[Consumer] Starting","groupId":"persistence-service"}
{"level":"INFO","timestamp":"2026-06-02T16:01:07.273Z","logger":"kafkajs","message":"[Consumer] Stopped","groupId":"persistence-service"}
{"level":"INFO","timestamp":"2026-06-02T16:01:18.223Z","logger":"kafkajs","message":"[Consumer] Starting","groupId":"persistence-service"}
{"level":"INFO","timestamp":"2026-06-02T16:01:30.137Z","logger":"kafkajs","message":"[Consumer] Stopped","groupId":"persistence-service"}
{"level":"INFO","timestamp":"2026-06-02T16:01:40.942Z","logger":"kafkajs","message":"[Consumer] Starting","groupId":"persistence-service"}
{"level":"INFO","timestamp":"2026-06-02T16:01:50.321Z","logger":"kafkajs","message":"[Consumer] Stopped","groupId":"persistence-service"}
{"level":"INFO","timestamp":"2026-06-02T16:01:58.839Z","logger":"kafkajs","message":"[Consumer] Starting","groupId":"persistence-service"}
{"level":"INFO","timestamp":"2026-06-02T16:02:04.900Z","logger":"kafkajs","message":"[Consumer] Stopped","groupId":"persistence-service"}
{"level":"INFO","timestamp":"2026-06-02T16:02:09.929Z","logger":"kafkajs","message":"[Consumer] Starting","groupId":"persistence-service"}
{"level":"INFO","timestamp":"2026-06-02T16:02:17.042Z","logger":"kafkajs","message":"[Consumer] Stopped","groupId":"persistence-service"}
{"level":"INFO","timestamp":"2026-06-02T16:02:23.466Z","logger":"kafkajs","message":"[Consumer] Starting","groupId":"persistence-service"}
{"level":"INFO","timestamp":"2026-06-02T16:02:29.204Z","logger":"kafkajs","message":"[Consumer] Stopped","groupId":"persistence-service"}
{"level":"INFO","timestamp":"2026-06-02T16:02:33.761Z","logger":"kafkajs","message":"[Consumer] Starting","groupId":"persistence-service"}
{"level":"INFO","timestamp":"2026-06-02T16:02:41.297Z","logger":"kafkajs","message":"[Consumer] Stopped","groupId":"persistence-service"}
{"level":"INFO","timestamp":"2026-06-02T16:02:48.514Z","logger":"kafkajs","message":"[Consumer] Starting","groupId":"persistence-service"}
{"level":"INFO","timestamp":"2026-06-02T16:02:59.803Z","logger":"kafkajs","message":"[Consumer] Stopped","groupId":"persistence-service"}
{"level":"INFO","timestamp":"2026-06-02T16:03:10.679Z","logger":"kafkajs","message":"[Consumer] Starting","groupId":"persistence-service"}
{"level":"INFO","timestamp":"2026-06-02T16:03:20.027Z","logger":"kafkajs","message":"[Consumer] Stopped","groupId":"persistence-service"}
{"level":"INFO","timestamp":"2026-06-02T16:03:31.216Z","logger":"kafkajs","message":"[Consumer] Starting","groupId":"persistence-service"}
{"level":"INFO","timestamp":"2026-06-02T16:03:37.914Z","logger":"kafkajs","message":"[Consumer] Stopped","groupId":"persistence-service"}
{"level":"INFO","timestamp":"2026-06-02T16:03:45.106Z","logger":"kafkajs","message":"[Consumer] Starting","groupId":"persistence-service"}
{"level":"INFO","timestamp":"2026-06-02T16:03:53.092Z","logger":"kafkajs","message":"[Consumer] Stopped","groupId":"persistence-service"}
{"level":"INFO","timestamp":"2026-06-02T16:03:59.899Z","logger":"kafkajs","message":"[Consumer] Starting","groupId":"persistence-service"}
{"level":"INFO","timestamp":"2026-06-02T16:04:10.515Z","logger":"kafkajs","message":"[Consumer] Stopped","groupId":"persistence-service"}
{"level":"INFO","timestamp":"2026-06-02T16:04:22.861Z","logger":"kafkajs","message":"[Consumer] Starting","groupId":"persistence-service"}
{"level":"INFO","timestamp":"2026-06-02T16:04:32.640Z","logger":"kafkajs","message":"[Consumer] Stopped","groupId":"persistence-service"}
{"level":"INFO","timestamp":"2026-06-02T16:04:41.899Z","logger":"kafkajs","message":"[Consumer] Starting","groupId":"persistence-service"}
{"level":"INFO","timestamp":"2026-06-02T16:04:51.806Z","logger":"kafkajs","message":"[Consumer] Stopped","groupId":"persistence-service"}
{"level":"INFO","timestamp":"2026-06-02T16:05:02.216Z","logger":"kafkajs","message":"[Consumer] Starting","groupId":"persistence-service"}
{"level":"INFO","timestamp":"2026-06-02T16:05:11.005Z","logger":"kafkajs","message":"[Consumer] Stopped","groupId":"persistence-service"}
{"level":"INFO","timestamp":"2026-06-02T16:05:21.441Z","logger":"kafkajs","message":"[Consumer] Starting","groupId":"persistence-service"}
{"level":"INFO","timestamp":"2026-06-02T16:05:28.880Z","logger":"kafkajs","message":"[Consumer] Stopped","groupId":"persistence-service"}
{"level":"INFO","timestamp":"2026-06-02T16:05:35.892Z","logger":"kafkajs","message":"[Consumer] Starting","groupId":"persistence-service"}
{"level":"INFO","timestamp":"2026-06-02T16:05:44.254Z","logger":"kafkajs","message":"[Consumer] Stopped","groupId":"persistence-service"}
{"level":"INFO","timestamp":"2026-06-02T16:05:51.207Z","logger":"kafkajs","message":"[Consumer] Starting","groupId":"persistence-service"}
{"level":"INFO","timestamp":"2026-06-02T16:06:04.618Z","logger":"kafkajs","message":"[Consumer] Stopped","groupId":"persistence-service"}
{"level":"INFO","timestamp":"2026-06-02T16:06:20.584Z","logger":"kafkajs","message":"[Consumer] Starting","groupId":"persistence-service"}
{"level":"INFO","timestamp":"2026-06-02T16:06:31.744Z","logger":"kafkajs","message":"[Consumer] Stopped","groupId":"persistence-service"}
{"level":"INFO","timestamp":"2026-06-02T16:06:42.930Z","logger":"kafkajs","message":"[Consumer] Starting","groupId":"persistence-service"}
{"level":"INFO","timestamp":"2026-06-02T16:06:50.714Z","logger":"kafkajs","message":"[Consumer] Stopped","groupId":"persistence-service"}
{"level":"INFO","timestamp":"2026-06-02T16:06:57.501Z","logger":"kafkajs","message":"[Consumer] Starting","groupId":"persistence-service"}
{"level":"INFO","timestamp":"2026-06-02T16:07:06.629Z","logger":"kafkajs","message":"[Consumer] Stopped","groupId":"persistence-service"}
{"level":"INFO","timestamp":"2026-06-02T16:07:15.975Z","logger":"kafkajs","message":"[Consumer] Starting","groupId":"persistence-service"}
{"level":"INFO","timestamp":"2026-06-02T16:07:28.402Z","logger":"kafkajs","message":"[Consumer] Stopped","groupId":"persistence-service"}
{"level":"INFO","timestamp":"2026-06-02T16:07:42.728Z","logger":"kafkajs","message":"[Consumer] Starting","groupId":"persistence-service"}
{"level":"INFO","timestamp":"2026-06-02T16:07:52.522Z","logger":"kafkajs","message":"[Consumer] Stopped","groupId":"persistence-service"}
{"level":"INFO","timestamp":"2026-06-02T16:08:03.381Z","logger":"kafkajs","message":"[Consumer] Starting","groupId":"persistence-service"}
{"level":"INFO","timestamp":"2026-06-02T16:08:09.227Z","logger":"kafkajs","message":"[Consumer] Stopped","groupId":"persistence-service"}
{"level":"INFO","timestamp":"2026-06-02T16:08:15.328Z","logger":"kafkajs","message":"[Consumer] Starting","groupId":"persistence-service"}
{"level":"INFO","timestamp":"2026-06-02T16:08:24.790Z","logger":"kafkajs","message":"[Consumer] Stopped","groupId":"persistence-service"}
{"level":"INFO","timestamp":"2026-06-02T16:08:33.389Z","logger":"kafkajs","message":"[Consumer] Starting","groupId":"persistence-service"}
{"level":"INFO","timestamp":"2026-06-02T16:08:42.117Z","logger":"kafkajs","message":"[Consumer] Stopped","groupId":"persistence-service"}
{"level":"INFO","timestamp":"2026-06-02T16:08:52.791Z","logger":"kafkajs","message":"[Consumer] Starting","groupId":"persistence-service"}
{"level":"INFO","timestamp":"2026-06-02T16:08:59.079Z","logger":"kafkajs","message":"[Consumer] Stopped","groupId":"persistence-service"}
{"level":"INFO","timestamp":"2026-06-02T16:09:05.928Z","logger":"kafkajs","message":"[Consumer] Starting","groupId":"persistence-service"}
{"level":"INFO","timestamp":"2026-06-02T16:09:15.634Z","logger":"kafkajs","message":"[Consumer] Stopped","groupId":"persistence-service"}
{"level":"INFO","timestamp":"2026-06-02T16:09:26.315Z","logger":"kafkajs","message":"[Consumer] Starting","groupId":"persistence-service"}
{"level":"INFO","timestamp":"2026-06-02T16:09:35.108Z","logger":"kafkajs","message":"[Consumer] Stopped","groupId":"persistence-service"}
{"level":"INFO","timestamp":"2026-06-02T16:09:45.698Z","logger":"kafkajs","message":"[Consumer] Starting","groupId":"persistence-service"}
{"level":"INFO","timestamp":"2026-06-02T16:09:55.750Z","logger":"kafkajs","message":"[Consumer] Stopped","groupId":"persistence-service"}
{"level":"INFO","timestamp":"2026-06-02T16:10:06.746Z","logger":"kafkajs","message":"[Consumer] Starting","groupId":"persistence-service"}
{"level":"INFO","timestamp":"2026-06-02T16:10:13.794Z","logger":"kafkajs","message":"[Consumer] Stopped","groupId":"persistence-service"}
{"level":"INFO","timestamp":"2026-06-02T16:10:21.693Z","logger":"kafkajs","message":"[Consumer] Starting","groupId":"persistence-service"}
{"level":"INFO","timestamp":"2026-06-02T16:10:29.213Z","logger":"kafkajs","message":"[Consumer] Stopped","groupId":"persistence-service"}
{"level":"INFO","timestamp":"2026-06-02T16:10:38.519Z","logger":"kafkajs","message":"[Consumer] Starting","groupId":"persistence-service"}
{"level":"INFO","timestamp":"2026-06-02T16:10:47.014Z","logger":"kafkajs","message":"[Consumer] Stopped","groupId":"persistence-service"}
{"level":"INFO","timestamp":"2026-06-02T16:10:55.651Z","logger":"kafkajs","message":"[Consumer] Starting","groupId":"persistence-service"}
{"level":"INFO","timestamp":"2026-06-02T16:11:03.861Z","logger":"kafkajs","message":"[Consumer] Stopped","groupId":"persistence-service"}
{"level":"INFO","timestamp":"2026-06-02T16:11:14.231Z","logger":"kafkajs","message":"[Consumer] Starting","groupId":"persistence-service"}
{"level":"INFO","timestamp":"2026-06-02T16:11:25.026Z","logger":"kafkajs","message":"[Consumer] Stopped","groupId":"persistence-service"}
{"level":"INFO","timestamp":"2026-06-02T16:11:35.244Z","logger":"kafkajs","message":"[Consumer] Starting","groupId":"persistence-service"}
{"level":"INFO","timestamp":"2026-06-02T16:11:47.944Z","logger":"kafkajs","message":"[Consumer] Stopped","groupId":"persistence-service"}
{"level":"INFO","timestamp":"2026-06-02T16:12:01.947Z","logger":"kafkajs","message":"[Consumer] Starting","groupId":"persistence-service"}
{"level":"INFO","timestamp":"2026-06-02T16:12:09.604Z","logger":"kafkajs","message":"[Consumer] Stopped","groupId":"persistence-service"}
{"level":"INFO","timestamp":"2026-06-02T16:12:16.691Z","logger":"kafkajs","message":"[Consumer] Starting","groupId":"persistence-service"}
{"level":"INFO","timestamp":"2026-06-02T16:12:28.925Z","logger":"kafkajs","message":"[Consumer] Stopped","groupId":"persistence-service"}
{"level":"INFO","timestamp":"2026-06-02T16:12:40.248Z","logger":"kafkajs","message":"[Consumer] Starting","groupId":"persistence-service"}
{"level":"INFO","timestamp":"2026-06-02T16:12:51.628Z","logger":"kafkajs","message":"[Consumer] Stopped","groupId":"persistence-service"}
{"level":"INFO","timestamp":"2026-06-02T16:13:02.733Z","logger":"kafkajs","message":"[Consumer] Starting","groupId":"persistence-service"}
{"level":"INFO","timestamp":"2026-06-02T16:13:15.859Z","logger":"kafkajs","message":"[Consumer] Stopped","groupId":"persistence-service"}
{"level":"INFO","timestamp":"2026-06-02T16:13:28.568Z","logger":"kafkajs","message":"[Consumer] Starting","groupId":"persistence-service"}
{"level":"INFO","timestamp":"2026-06-02T16:13:37.396Z","logger":"kafkajs","message":"[Consumer] Stopped","groupId":"persistence-service"}
{"level":"INFO","timestamp":"2026-06-02T16:13:48.694Z","logger":"kafkajs","message":"[Consumer] Starting","groupId":"persistence-service"}
{"level":"INFO","timestamp":"2026-06-02T16:13:57.521Z","logger":"kafkajs","message":"[Consumer] Stopped","groupId":"persistence-service"}
{"level":"INFO","timestamp":"2026-06-02T16:14:06.339Z","logger":"kafkajs","message":"[Consumer] Starting","groupId":"persistence-service"}
{"level":"INFO","timestamp":"2026-06-02T16:14:12.560Z","logger":"kafkajs","message":"[Consumer] Stopped","groupId":"persistence-service"}
{"level":"INFO","timestamp":"2026-06-02T16:14:17.756Z","logger":"kafkajs","message":"[Consumer] Starting","groupId":"persistence-service"}
{"level":"INFO","timestamp":"2026-06-02T16:14:26.570Z","logger":"kafkajs","message":"[Consumer] Stopped","groupId":"persistence-service"}
{"level":"INFO","timestamp":"2026-06-02T16:14:36.759Z","logger":"kafkajs","message":"[Consumer] Starting","groupId":"persistence-service"}
{"level":"INFO","timestamp":"2026-06-02T16:14:45.421Z","logger":"kafkajs","message":"[Consumer] Stopped","groupId":"persistence-service"}
{"level":"INFO","timestamp":"2026-06-02T16:14:53.182Z","logger":"kafkajs","message":"[Consumer] Starting","groupId":"persistence-service"}
{"level":"INFO","timestamp":"2026-06-02T16:15:03.019Z","logger":"kafkajs","message":"[Consumer] Stopped","groupId":"persistence-service"}
{"level":"INFO","timestamp":"2026-06-02T16:15:11.064Z","logger":"kafkajs","message":"[Consumer] Starting","groupId":"persistence-service"}
{"level":"INFO","timestamp":"2026-06-02T16:15:17.641Z","logger":"kafkajs","message":"[Consumer] Stopped","groupId":"persistence-service"}
{"level":"INFO","timestamp":"2026-06-02T16:15:23.400Z","logger":"kafkajs","message":"[Consumer] Starting","groupId":"persistence-service"}
{"level":"INFO","timestamp":"2026-06-02T16:15:35.934Z","logger":"kafkajs","message":"[Consumer] Stopped","groupId":"persistence-service"}
{"level":"INFO","timestamp":"2026-06-02T16:15:51.331Z","logger":"kafkajs","message":"[Consumer] Starting","groupId":"persistence-service"}
{"level":"INFO","timestamp":"2026-06-02T16:15:58.948Z","logger":"kafkajs","message":"[Consumer] Stopped","groupId":"persistence-service"}
{"level":"INFO","timestamp":"2026-06-02T16:16:06.150Z","logger":"kafkajs","message":"[Consumer] Starting","groupId":"persistence-service"}
{"level":"INFO","timestamp":"2026-06-02T16:16:17.146Z","logger":"kafkajs","message":"[Consumer] Stopped","groupId":"persistence-service"}
{"level":"INFO","timestamp":"2026-06-02T16:16:25.591Z","logger":"kafkajs","message":"[Consumer] Starting","groupId":"persistence-service"}
{"level":"INFO","timestamp":"2026-06-02T16:16:32.000Z","logger":"kafkajs","message":"[Consumer] Stopped","groupId":"persistence-service"}
{"level":"INFO","timestamp":"2026-06-02T16:16:38.500Z","logger":"kafkajs","message":"[Consumer] Starting","groupId":"persistence-service"}
{"level":"INFO","timestamp":"2026-06-02T16:16:46.261Z","logger":"kafkajs","message":"[Consumer] Stopped","groupId":"persistence-service"}
{"level":"INFO","timestamp":"2026-06-02T16:16:52.711Z","logger":"kafkajs","message":"[Consumer] Starting","groupId":"persistence-service"}
{"level":"INFO","timestamp":"2026-06-02T16:17:00.578Z","logger":"kafkajs","message":"[Consumer] Stopped","groupId":"persistence-service"}
{"level":"INFO","timestamp":"2026-06-02T16:17:07.119Z","logger":"kafkajs","message":"[Consumer] Starting","groupId":"persistence-service"}
{"level":"INFO","timestamp":"2026-06-02T16:17:18.243Z","logger":"kafkajs","message":"[Consumer] Stopped","groupId":"persistence-service"}
{"level":"INFO","timestamp":"2026-06-02T16:17:32.070Z","logger":"kafkajs","message":"[Consumer] Starting","groupId":"persistence-service"}
{"level":"INFO","timestamp":"2026-06-02T16:17:38.486Z","logger":"kafkajs","message":"[Consumer] Stopped","groupId":"persistence-service"}
{"level":"INFO","timestamp":"2026-06-02T16:17:45.308Z","logger":"kafkajs","message":"[Consumer] Starting","groupId":"persistence-service"}
{"level":"INFO","timestamp":"2026-06-02T16:17:54.371Z","logger":"kafkajs","message":"[Consumer] Stopped","groupId":"persistence-service"}
{"level":"INFO","timestamp":"2026-06-02T16:18:05.985Z","logger":"kafkajs","message":"[Consumer] Starting","groupId":"persistence-service"}
{"level":"INFO","timestamp":"2026-06-02T16:18:15.465Z","logger":"kafkajs","message":"[Consumer] Stopped","groupId":"persistence-service"}
{"level":"INFO","timestamp":"2026-06-02T16:18:23.958Z","logger":"kafkajs","message":"[Consumer] Starting","groupId":"persistence-service"}
{"level":"INFO","timestamp":"2026-06-02T16:18:31.977Z","logger":"kafkajs","message":"[Consumer] Stopped","groupId":"persistence-service"}
{"level":"INFO","timestamp":"2026-06-02T16:18:39.651Z","logger":"kafkajs","message":"[Consumer] Starting","groupId":"persistence-service"}
{"level":"INFO","timestamp":"2026-06-02T16:18:50.344Z","logger":"kafkajs","message":"[Consumer] Stopped","groupId":"persistence-service"}
{"level":"INFO","timestamp":"2026-06-02T16:19:03.275Z","logger":"kafkajs","message":"[Consumer] Starting","groupId":"persistence-service"}
{"level":"INFO","timestamp":"2026-06-02T16:19:15.068Z","logger":"kafkajs","message":"[Consumer] Stopped","groupId":"persistence-service"}
{"level":"INFO","timestamp":"2026-06-02T16:19:27.021Z","logger":"kafkajs","message":"[Consumer] Starting","groupId":"persistence-service"}
{"level":"INFO","timestamp":"2026-06-02T16:19:37.475Z","logger":"kafkajs","message":"[Consumer] Stopped","groupId":"persistence-service"}
{"level":"INFO","timestamp":"2026-06-02T16:19:46.039Z","logger":"kafkajs","message":"[Consumer] Starting","groupId":"persistence-service"}
{"level":"INFO","timestamp":"2026-06-02T16:19:54.300Z","logger":"kafkajs","message":"[Consumer] Stopped","groupId":"persistence-service"}
{"level":"INFO","timestamp":"2026-06-02T16:20:03.589Z","logger":"kafkajs","message":"[Consumer] Starting","groupId":"persistence-service"}
{"level":"INFO","timestamp":"2026-06-02T16:20:12.876Z","logger":"kafkajs","message":"[Consumer] Stopped","groupId":"persistence-service"}
{"level":"INFO","timestamp":"2026-06-02T16:20:22.971Z","logger":"kafkajs","message":"[Consumer] Starting","groupId":"persistence-service"}
{"level":"INFO","timestamp":"2026-06-02T16:20:32.810Z","logger":"kafkajs","message":"[Consumer] Stopped","groupId":"persistence-service"}
{"level":"INFO","timestamp":"2026-06-02T16:20:44.127Z","logger":"kafkajs","message":"[Consumer] Starting","groupId":"persistence-service"}
{"level":"INFO","timestamp":"2026-06-02T16:20:55.175Z","logger":"kafkajs","message":"[Consumer] Stopped","groupId":"persistence-service"}
{"level":"INFO","timestamp":"2026-06-02T16:21:04.809Z","logger":"kafkajs","message":"[Consumer] Starting","groupId":"persistence-service"}
{"level":"INFO","timestamp":"2026-06-02T16:21:14.649Z","logger":"kafkajs","message":"[Consumer] Stopped","groupId":"persistence-service"}
{"level":"INFO","timestamp":"2026-06-02T16:21:26.816Z","logger":"kafkajs","message":"[Consumer] Starting","groupId":"persistence-service"}
{"level":"INFO","timestamp":"2026-06-02T16:21:36.352Z","logger":"kafkajs","message":"[Consumer] Stopped","groupId":"persistence-service"}
{"level":"INFO","timestamp":"2026-06-02T16:21:46.185Z","logger":"kafkajs","message":"[Consumer] Starting","groupId":"persistence-service"}
{"level":"INFO","timestamp":"2026-06-02T16:21:57.228Z","logger":"kafkajs","message":"[Consumer] Stopped","groupId":"persistence-service"}
{"level":"INFO","timestamp":"2026-06-02T16:22:09.165Z","logger":"kafkajs","message":"[Consumer] Starting","groupId":"persistence-service"}
{"level":"INFO","timestamp":"2026-06-02T16:22:23.761Z","logger":"kafkajs","message":"[Consumer] Stopped","groupId":"persistence-service"}
{"level":"INFO","timestamp":"2026-06-02T16:22:42.767Z","logger":"kafkajs","message":"[Consumer] Starting","groupId":"persistence-service"}
{"level":"INFO","timestamp":"2026-06-02T16:22:50.517Z","logger":"kafkajs","message":"[Consumer] Stopped","groupId":"persistence-service"}
{"level":"INFO","timestamp":"2026-06-02T16:22:58.305Z","logger":"kafkajs","message":"[Consumer] Starting","groupId":"persistence-service"}
{"level":"INFO","timestamp":"2026-06-02T16:23:05.596Z","logger":"kafkajs","message":"[Consumer] Stopped","groupId":"persistence-service"}
{"level":"INFO","timestamp":"2026-06-02T16:23:13.310Z","logger":"kafkajs","message":"[Consumer] Starting","groupId":"persistence-service"}
{"level":"INFO","timestamp":"2026-06-02T16:23:22.221Z","logger":"kafkajs","message":"[Consumer] Stopped","groupId":"persistence-service"}
{"level":"INFO","timestamp":"2026-06-02T16:23:30.144Z","logger":"kafkajs","message":"[Consumer] Starting","groupId":"persistence-service"}
{"level":"INFO","timestamp":"2026-06-02T16:23:39.806Z","logger":"kafkajs","message":"[Consumer] Stopped","groupId":"persistence-service"}
{"level":"INFO","timestamp":"2026-06-02T16:23:48.199Z","logger":"kafkajs","message":"[Consumer] Starting","groupId":"persistence-service"}
{"level":"INFO","timestamp":"2026-06-02T16:23:55.804Z","logger":"kafkajs","message":"[Consumer] Stopped","groupId":"persistence-service"}
{"level":"INFO","timestamp":"2026-06-02T16:24:02.131Z","logger":"kafkajs","message":"[Consumer] Starting","groupId":"persistence-service"}
{"level":"INFO","timestamp":"2026-06-02T16:24:11.449Z","logger":"kafkajs","message":"[Consumer] Stopped","groupId":"persistence-service"}
{"level":"INFO","timestamp":"2026-06-02T16:24:19.977Z","logger":"kafkajs","message":"[Consumer] Starting","groupId":"persistence-service"}
{"level":"INFO","timestamp":"2026-06-02T16:24:30.012Z","logger":"kafkajs","message":"[Consumer] Stopped","groupId":"persistence-service"}
{"level":"INFO","timestamp":"2026-06-02T16:24:40.639Z","logger":"kafkajs","message":"[Consumer] Starting","groupId":"persistence-service"}
{"level":"INFO","timestamp":"2026-06-02T16:24:48.547Z","logger":"kafkajs","message":"[Consumer] Stopped","groupId":"persistence-service"}
{"level":"INFO","timestamp":"2026-06-02T16:24:55.591Z","logger":"kafkajs","message":"[Consumer] Starting","groupId":"persistence-service"}
{"level":"INFO","timestamp":"2026-06-02T16:25:04.885Z","logger":"kafkajs","message":"[Consumer] Stopped","groupId":"persistence-service"}
{"level":"INFO","timestamp":"2026-06-02T16:25:15.571Z","logger":"kafkajs","message":"[Consumer] Starting","groupId":"persistence-service"}
{"level":"INFO","timestamp":"2026-06-02T16:25:23.880Z","logger":"kafkajs","message":"[Consumer] Stopped","groupId":"persistence-service"}
{"level":"INFO","timestamp":"2026-06-02T16:25:30.852Z","logger":"kafkajs","message":"[Consumer] Starting","groupId":"persistence-service"}
{"level":"INFO","timestamp":"2026-06-02T16:25:40.440Z","logger":"kafkajs","message":"[Consumer] Stopped","groupId":"persistence-service"}
{"level":"INFO","timestamp":"2026-06-02T16:25:49.787Z","logger":"kafkajs","message":"[Consumer] Starting","groupId":"persistence-service"}
{"level":"INFO","timestamp":"2026-06-02T16:26:00.125Z","logger":"kafkajs","message":"[Consumer] Stopped","groupId":"persistence-service"}
{"level":"INFO","timestamp":"2026-06-02T16:26:12.828Z","logger":"kafkajs","message":"[Consumer] Starting","groupId":"persistence-service"}
{"level":"INFO","timestamp":"2026-06-02T16:26:19.906Z","logger":"kafkajs","message":"[Consumer] Stopped","groupId":"persistence-service"}
{"level":"INFO","timestamp":"2026-06-02T16:26:26.781Z","logger":"kafkajs","message":"[Consumer] Starting","groupId":"persistence-service"}
{"level":"INFO","timestamp":"2026-06-02T16:26:34.626Z","logger":"kafkajs","message":"[Consumer] Stopped","groupId":"persistence-service"}
{"level":"INFO","timestamp":"2026-06-02T16:26:44.599Z","logger":"kafkajs","message":"[Consumer] Starting","groupId":"persistence-service"}
{"level":"INFO","timestamp":"2026-06-02T16:26:54.732Z","logger":"kafkajs","message":"[Consumer] Stopped","groupId":"persistence-service"}
{"level":"INFO","timestamp":"2026-06-02T16:27:06.680Z","logger":"kafkajs","message":"[Consumer] Starting","groupId":"persistence-service"}
{"level":"INFO","timestamp":"2026-06-02T16:27:14.033Z","logger":"kafkajs","message":"[Consumer] Stopped","groupId":"persistence-service"}
{"level":"INFO","timestamp":"2026-06-02T16:27:22.001Z","logger":"kafkajs","message":"[Consumer] Starting","groupId":"persistence-service"}
{"level":"INFO","timestamp":"2026-06-02T16:27:29.088Z","logger":"kafkajs","message":"[Consumer] Stopped","groupId":"persistence-service"}
{"level":"INFO","timestamp":"2026-06-02T16:27:37.177Z","logger":"kafkajs","message":"[Consumer] Starting","groupId":"persistence-service"}
{"level":"INFO","timestamp":"2026-06-02T16:27:48.019Z","logger":"kafkajs","message":"[Consumer] Stopped","groupId":"persistence-service"}
{"level":"INFO","timestamp":"2026-06-02T16:27:58.060Z","logger":"kafkajs","message":"[Consumer] Starting","groupId":"persistence-service"}
{"level":"INFO","timestamp":"2026-06-02T16:28:05.083Z","logger":"kafkajs","message":"[Consumer] Stopped","groupId":"persistence-service"}
{"level":"INFO","timestamp":"2026-06-02T16:28:11.969Z","logger":"kafkajs","message":"[Consumer] Starting","groupId":"persistence-service"}
{"level":"INFO","timestamp":"2026-06-02T16:28:21.486Z","logger":"kafkajs","message":"[Consumer] Stopped","groupId":"persistence-service"}
{"level":"INFO","timestamp":"2026-06-02T16:28:32.977Z","logger":"kafkajs","message":"[Consumer] Starting","groupId":"persistence-service"}
{"level":"INFO","timestamp":"2026-06-02T16:28:40.467Z","logger":"kafkajs","message":"[Consumer] Stopped","groupId":"persistence-service"}
{"level":"INFO","timestamp":"2026-06-02T16:28:47.021Z","logger":"kafkajs","message":"[Consumer] Starting","groupId":"persistence-service"}
{"level":"INFO","timestamp":"2026-06-02T16:29:00.955Z","logger":"kafkajs","message":"[Consumer] Stopped","groupId":"persistence-service"}
{"level":"INFO","timestamp":"2026-06-02T16:29:15.147Z","logger":"kafkajs","message":"[Consumer] Starting","groupId":"persistence-service"}
{"level":"INFO","timestamp":"2026-06-02T16:29:23.962Z","logger":"kafkajs","message":"[Consumer] Stopped","groupId":"persistence-service"}
{"level":"INFO","timestamp":"2026-06-02T16:29:31.913Z","logger":"kafkajs","message":"[Consumer] Starting","groupId":"persistence-service"}
{"level":"INFO","timestamp":"2026-06-02T16:29:43.493Z","logger":"kafkajs","message":"[Consumer] Stopped","groupId":"persistence-service"}
{"level":"INFO","timestamp":"2026-06-02T16:29:56.034Z","logger":"kafkajs","message":"[Consumer] Starting","groupId":"persistence-service"}
{"level":"INFO","timestamp":"2026-06-02T16:30:08.931Z","logger":"kafkajs","message":"[Consumer] Stopped","groupId":"persistence-service"}
{"level":"INFO","timestamp":"2026-06-02T16:30:23.588Z","logger":"kafkajs","message":"[Consumer] Starting","groupId":"persistence-service"}
{"level":"INFO","timestamp":"2026-06-02T16:30:31.551Z","logger":"kafkajs","message":"[Consumer] Stopped","groupId":"persistence-service"}
{"level":"INFO","timestamp":"2026-06-02T16:30:39.365Z","logger":"kafkajs","message":"[Consumer] Starting","groupId":"persistence-service"}
{"level":"INFO","timestamp":"2026-06-02T16:30:47.436Z","logger":"kafkajs","message":"[Consumer] Stopped","groupId":"persistence-service"}
{"level":"INFO","timestamp":"2026-06-02T16:30:55.256Z","logger":"kafkajs","message":"[Consumer] Starting","groupId":"persistence-service"}
{"level":"INFO","timestamp":"2026-06-02T16:31:06.078Z","logger":"kafkajs","message":"[Consumer] Stopped","groupId":"persistence-service"}
{"level":"INFO","timestamp":"2026-06-02T16:31:19.915Z","logger":"kafkajs","message":"[Consumer] Starting","groupId":"persistence-service"}
{"level":"INFO","timestamp":"2026-06-02T16:31:29.354Z","logger":"kafkajs","message":"[Consumer] Stopped","groupId":"persistence-service"}
{"level":"INFO","timestamp":"2026-06-02T16:31:40.083Z","logger":"kafkajs","message":"[Consumer] Starting","groupId":"persistence-service"}
{"level":"INFO","timestamp":"2026-06-02T16:31:48.374Z","logger":"kafkajs","message":"[Consumer] Stopped","groupId":"persistence-service"}
{"level":"INFO","timestamp":"2026-06-02T16:31:56.784Z","logger":"kafkajs","message":"[Consumer] Starting","groupId":"persistence-service"}
{"level":"INFO","timestamp":"2026-06-02T16:32:03.742Z","logger":"kafkajs","message":"[Consumer] Stopped","groupId":"persistence-service"}
{"level":"INFO","timestamp":"2026-06-02T16:32:10.196Z","logger":"kafkajs","message":"[Consumer] Starting","groupId":"persistence-service"}
{"level":"INFO","timestamp":"2026-06-02T16:32:20.174Z","logger":"kafkajs","message":"[Consumer] Stopped","groupId":"persistence-service"}
{"level":"INFO","timestamp":"2026-06-02T16:32:30.527Z","logger":"kafkajs","message":"[Consumer] Starting","groupId":"persistence-service"}
{"level":"INFO","timestamp":"2026-06-02T16:32:39.514Z","logger":"kafkajs","message":"[Consumer] Stopped","groupId":"persistence-service"}
{"level":"INFO","timestamp":"2026-06-02T16:32:50.552Z","logger":"kafkajs","message":"[Consumer] Starting","groupId":"persistence-service"}
{"level":"INFO","timestamp":"2026-06-02T16:32:59.362Z","logger":"kafkajs","message":"[Consumer] Stopped","groupId":"persistence-service"}
{"level":"INFO","timestamp":"2026-06-02T16:33:07.085Z","logger":"kafkajs","message":"[Consumer] Starting","groupId":"persistence-service"}
{"level":"INFO","timestamp":"2026-06-02T16:33:13.641Z","logger":"kafkajs","message":"[Consumer] Stopped","groupId":"persistence-service"}
{"level":"INFO","timestamp":"2026-06-02T16:33:18.733Z","logger":"kafkajs","message":"[Consumer] Starting","groupId":"persistence-service"}
{"level":"INFO","timestamp":"2026-06-02T16:33:29.932Z","logger":"kafkajs","message":"[Consumer] Stopped","groupId":"persistence-service"}
{"level":"INFO","timestamp":"2026-06-02T16:33:42.984Z","logger":"kafkajs","message":"[Consumer] Starting","groupId":"persistence-service"}
{"level":"INFO","timestamp":"2026-06-02T16:33:50.688Z","logger":"kafkajs","message":"[Consumer] Stopped","groupId":"persistence-service"}
{"level":"INFO","timestamp":"2026-06-02T16:33:57.849Z","logger":"kafkajs","message":"[Consumer] Starting","groupId":"persistence-service"}
{"level":"INFO","timestamp":"2026-06-02T16:34:06.309Z","logger":"kafkajs","message":"[Consumer] Stopped","groupId":"persistence-service"}
{"level":"INFO","timestamp":"2026-06-02T16:34:13.413Z","logger":"kafkajs","message":"[Consumer] Starting","groupId":"persistence-service"}
{"level":"INFO","timestamp":"2026-06-02T16:34:21.295Z","logger":"kafkajs","message":"[Consumer] Stopped","groupId":"persistence-service"}
{"level":"INFO","timestamp":"2026-06-02T16:34:28.669Z","logger":"kafkajs","message":"[Consumer] Starting","groupId":"persistence-service"}
{"level":"INFO","timestamp":"2026-06-02T16:34:41.501Z","logger":"kafkajs","message":"[Consumer] Stopped","groupId":"persistence-service"}
{"level":"INFO","timestamp":"2026-06-02T16:34:55.001Z","logger":"kafkajs","message":"[Consumer] Starting","groupId":"persistence-service"}
{"level":"INFO","timestamp":"2026-06-02T16:35:03.977Z","logger":"kafkajs","message":"[Consumer] Stopped","groupId":"persistence-service"}
{"level":"INFO","timestamp":"2026-06-02T16:35:12.223Z","logger":"kafkajs","message":"[Consumer] Starting","groupId":"persistence-service"}
{"level":"INFO","timestamp":"2026-06-02T16:35:20.385Z","logger":"kafkajs","message":"[Consumer] Stopped","groupId":"persistence-service"}
{"level":"INFO","timestamp":"2026-06-02T16:35:27.309Z","logger":"kafkajs","message":"[Consumer] Starting","groupId":"persistence-service"}
{"level":"INFO","timestamp":"2026-06-02T16:35:34.521Z","logger":"kafkajs","message":"[Consumer] Stopped","groupId":"persistence-service"}
{"level":"INFO","timestamp":"2026-06-02T16:35:40.882Z","logger":"kafkajs","message":"[Consumer] Starting","groupId":"persistence-service"}
{"level":"INFO","timestamp":"2026-06-02T16:35:50.155Z","logger":"kafkajs","message":"[Consumer] Stopped","groupId":"persistence-service"}
{"level":"INFO","timestamp":"2026-06-02T16:35:58.509Z","logger":"kafkajs","message":"[Consumer] Starting","groupId":"persistence-service"}
{"level":"INFO","timestamp":"2026-06-02T16:36:07.173Z","logger":"kafkajs","message":"[Consumer] Stopped","groupId":"persistence-service"}
{"level":"INFO","timestamp":"2026-06-02T16:36:15.058Z","logger":"kafkajs","message":"[Consumer] Starting","groupId":"persistence-service"}
{"level":"INFO","timestamp":"2026-06-02T16:36:22.915Z","logger":"kafkajs","message":"[Consumer] Stopped","groupId":"persistence-service"}
{"level":"INFO","timestamp":"2026-06-02T16:36:32.002Z","logger":"kafkajs","message":"[Consumer] Starting","groupId":"persistence-service"}
{"level":"INFO","timestamp":"2026-06-02T16:36:39.409Z","logger":"kafkajs","message":"[Consumer] Stopped","groupId":"persistence-service"}
{"level":"INFO","timestamp":"2026-06-02T16:36:47.734Z","logger":"kafkajs","message":"[Consumer] Starting","groupId":"persistence-service"}
{"level":"INFO","timestamp":"2026-06-02T16:36:57.647Z","logger":"kafkajs","message":"[Consumer] Stopped","groupId":"persistence-service"}
{"level":"INFO","timestamp":"2026-06-02T16:37:07.586Z","logger":"kafkajs","message":"[Consumer] Starting","groupId":"persistence-service"}
{"level":"INFO","timestamp":"2026-06-02T16:37:15.719Z","logger":"kafkajs","message":"[Consumer] Stopped","groupId":"persistence-service"}
{"level":"INFO","timestamp":"2026-06-02T16:37:22.998Z","logger":"kafkajs","message":"[Consumer] Starting","groupId":"persistence-service"}
{"level":"INFO","timestamp":"2026-06-02T16:37:31.029Z","logger":"kafkajs","message":"[Consumer] Stopped","groupId":"persistence-service"}
{"level":"INFO","timestamp":"2026-06-02T16:37:39.181Z","logger":"kafkajs","message":"[Consumer] Starting","groupId":"persistence-service"}
{"level":"INFO","timestamp":"2026-06-02T16:37:50.760Z","logger":"kafkajs","message":"[Consumer] Stopped","groupId":"persistence-service"}
{"level":"INFO","timestamp":"2026-06-02T16:38:04.069Z","logger":"kafkajs","message":"[Consumer] Starting","groupId":"persistence-service"}
{"level":"INFO","timestamp":"2026-06-02T16:38:11.850Z","logger":"kafkajs","message":"[Consumer] Stopped","groupId":"persistence-service"}
{"level":"INFO","timestamp":"2026-06-02T16:38:18.095Z","logger":"kafkajs","message":"[Consumer] Starting","groupId":"persistence-service"}
{"level":"INFO","timestamp":"2026-06-02T16:38:32.206Z","logger":"kafkajs","message":"[Consumer] Stopped","groupId":"persistence-service"}
{"level":"INFO","timestamp":"2026-06-02T16:38:44.226Z","logger":"kafkajs","message":"[Consumer] Starting","groupId":"persistence-service"}
{"level":"INFO","timestamp":"2026-06-02T16:38:53.533Z","logger":"kafkajs","message":"[Consumer] Stopped","groupId":"persistence-service"}
{"level":"INFO","timestamp":"2026-06-02T16:39:04.931Z","logger":"kafkajs","message":"[Consumer] Starting","groupId":"persistence-service"}
{"level":"INFO","timestamp":"2026-06-02T16:39:13.264Z","logger":"kafkajs","message":"[Consumer] Stopped","groupId":"persistence-service"}
{"level":"INFO","timestamp":"2026-06-02T16:39:20.951Z","logger":"kafkajs","message":"[Consumer] Starting","groupId":"persistence-service"}
{"level":"INFO","timestamp":"2026-06-02T16:39:33.266Z","logger":"kafkajs","message":"[Consumer] Stopped","groupId":"persistence-service"}
{"level":"INFO","timestamp":"2026-06-02T16:39:47.583Z","logger":"kafkajs","message":"[Consumer] Starting","groupId":"persistence-service"}
{"level":"INFO","timestamp":"2026-06-02T16:39:54.838Z","logger":"kafkajs","message":"[Consumer] Stopped","groupId":"persistence-service"}
{"level":"INFO","timestamp":"2026-06-02T16:40:00.627Z","logger":"kafkajs","message":"[Consumer] Starting","groupId":"persistence-service"}
{"level":"INFO","timestamp":"2026-06-02T16:40:13.882Z","logger":"kafkajs","message":"[Consumer] Stopped","groupId":"persistence-service"}
{"level":"INFO","timestamp":"2026-06-02T16:40:26.768Z","logger":"kafkajs","message":"[Consumer] Starting","groupId":"persistence-service"}
{"level":"INFO","timestamp":"2026-06-02T16:40:34.642Z","logger":"kafkajs","message":"[Consumer] Stopped","groupId":"persistence-service"}
{"level":"INFO","timestamp":"2026-06-02T16:40:43.480Z","logger":"kafkajs","message":"[Consumer] Starting","groupId":"persistence-service"}
{"level":"INFO","timestamp":"2026-06-02T16:40:51.898Z","logger":"kafkajs","message":"[Consumer] Stopped","groupId":"persistence-service"}
{"level":"INFO","timestamp":"2026-06-02T16:41:01.090Z","logger":"kafkajs","message":"[Consumer] Starting","groupId":"persistence-service"}
{"level":"INFO","timestamp":"2026-06-02T16:41:08.143Z","logger":"kafkajs","message":"[Consumer] Stopped","groupId":"persistence-service"}
{"level":"INFO","timestamp":"2026-06-02T16:41:14.356Z","logger":"kafkajs","message":"[Consumer] Starting","groupId":"persistence-service"}
{"level":"INFO","timestamp":"2026-06-02T16:41:20.742Z","logger":"kafkajs","message":"[Consumer] Stopped","groupId":"persistence-service"}
{"level":"INFO","timestamp":"2026-06-02T16:41:27.115Z","logger":"kafkajs","message":"[Consumer] Starting","groupId":"persistence-service"}
{"level":"INFO","timestamp":"2026-06-02T16:41:34.094Z","logger":"kafkajs","message":"[Consumer] Stopped","groupId":"persistence-service"}
{"level":"INFO","timestamp":"2026-06-02T16:41:40.720Z","logger":"kafkajs","message":"[Consumer] Starting","groupId":"persistence-service"}
{"level":"INFO","timestamp":"2026-06-02T16:41:47.477Z","logger":"kafkajs","message":"[Consumer] Stopped","groupId":"persistence-service"}
{"level":"INFO","timestamp":"2026-06-02T16:41:54.365Z","logger":"kafkajs","message":"[Consumer] Starting","groupId":"persistence-service"}
{"level":"INFO","timestamp":"2026-06-02T16:42:01.288Z","logger":"kafkajs","message":"[Consumer] Stopped","groupId":"persistence-service"}
{"level":"INFO","timestamp":"2026-06-02T16:42:07.744Z","logger":"kafkajs","message":"[Consumer] Starting","groupId":"persistence-service"}
{"level":"INFO","timestamp":"2026-06-02T16:42:16.815Z","logger":"kafkajs","message":"[Consumer] Stopped","groupId":"persistence-service"}
{"level":"INFO","timestamp":"2026-06-02T16:42:25.997Z","logger":"kafkajs","message":"[Consumer] Starting","groupId":"persistence-service"}
{"level":"INFO","timestamp":"2026-06-02T16:42:36.357Z","logger":"kafkajs","message":"[Consumer] Stopped","groupId":"persistence-service"}
{"level":"INFO","timestamp":"2026-06-02T16:42:45.207Z","logger":"kafkajs","message":"[Consumer] Starting","groupId":"persistence-service"}
{"level":"INFO","timestamp":"2026-06-02T16:42:53.225Z","logger":"kafkajs","message":"[Consumer] Stopped","groupId":"persistence-service"}
{"level":"INFO","timestamp":"2026-06-02T16:43:02.371Z","logger":"kafkajs","message":"[Consumer] Starting","groupId":"persistence-service"}
{"level":"INFO","timestamp":"2026-06-02T16:43:17.916Z","logger":"kafkajs","message":"[Consumer] Stopped","groupId":"persistence-service"}
{"level":"INFO","timestamp":"2026-06-02T16:43:33.768Z","logger":"kafkajs","message":"[Consumer] Starting","groupId":"persistence-service"}
{"level":"INFO","timestamp":"2026-06-02T16:43:41.538Z","logger":"kafkajs","message":"[Consumer] Stopped","groupId":"persistence-service"}
{"level":"INFO","timestamp":"2026-06-02T16:43:47.774Z","logger":"kafkajs","message":"[Consumer] Starting","groupId":"persistence-service"}
{"level":"INFO","timestamp":"2026-06-02T16:43:56.983Z","logger":"kafkajs","message":"[Consumer] Stopped","groupId":"persistence-service"}
{"level":"INFO","timestamp":"2026-06-02T16:44:05.055Z","logger":"kafkajs","message":"[Consumer] Starting","groupId":"persistence-service"}
{"level":"INFO","timestamp":"2026-06-02T16:44:16.930Z","logger":"kafkajs","message":"[Consumer] Stopped","groupId":"persistence-service"}
{"level":"INFO","timestamp":"2026-06-02T16:44:30.441Z","logger":"kafkajs","message":"[Consumer] Starting","groupId":"persistence-service"}
{"level":"INFO","timestamp":"2026-06-02T16:44:38.771Z","logger":"kafkajs","message":"[Consumer] Stopped","groupId":"persistence-service"}
{"level":"INFO","timestamp":"2026-06-02T16:44:47.029Z","logger":"kafkajs","message":"[Consumer] Starting","groupId":"persistence-service"}
{"level":"INFO","timestamp":"2026-06-02T16:44:56.038Z","logger":"kafkajs","message":"[Consumer] Stopped","groupId":"persistence-service"}
{"level":"INFO","timestamp":"2026-06-02T16:45:04.146Z","logger":"kafkajs","message":"[Consumer] Starting","groupId":"persistence-service"}
{"level":"INFO","timestamp":"2026-06-02T16:45:11.768Z","logger":"kafkajs","message":"[Consumer] Stopped","groupId":"persistence-service"}
{"level":"INFO","timestamp":"2026-06-02T16:45:20.904Z","logger":"kafkajs","message":"[Consumer] Starting","groupId":"persistence-service"}
{"level":"INFO","timestamp":"2026-06-02T16:45:28.984Z","logger":"kafkajs","message":"[Consumer] Stopped","groupId":"persistence-service"}
{"level":"INFO","timestamp":"2026-06-02T16:45:39.636Z","logger":"kafkajs","message":"[Consumer] Starting","groupId":"persistence-service"}
{"level":"INFO","timestamp":"2026-06-02T16:45:48.304Z","logger":"kafkajs","message":"[Consumer] Stopped","groupId":"persistence-service"}
{"level":"INFO","timestamp":"2026-06-02T16:45:56.345Z","logger":"kafkajs","message":"[Consumer] Starting","groupId":"persistence-service"}
{"level":"INFO","timestamp":"2026-06-02T16:46:04.305Z","logger":"kafkajs","message":"[Consumer] Stopped","groupId":"persistence-service"}
{"level":"INFO","timestamp":"2026-06-02T16:46:12.339Z","logger":"kafkajs","message":"[Consumer] Starting","groupId":"persistence-service"}
{"level":"INFO","timestamp":"2026-06-02T16:46:21.557Z","logger":"kafkajs","message":"[Consumer] Stopped","groupId":"persistence-service"}
{"level":"INFO","timestamp":"2026-06-02T16:46:32.301Z","logger":"kafkajs","message":"[Consumer] Starting","groupId":"persistence-service"}
{"level":"INFO","timestamp":"2026-06-02T16:46:40.501Z","logger":"kafkajs","message":"[Consumer] Stopped","groupId":"persistence-service"}
{"level":"INFO","timestamp":"2026-06-02T16:46:49.296Z","logger":"kafkajs","message":"[Consumer] Starting","groupId":"persistence-service"}
{"level":"INFO","timestamp":"2026-06-02T16:47:01.035Z","logger":"kafkajs","message":"[Consumer] Stopped","groupId":"persistence-service"}
{"level":"INFO","timestamp":"2026-06-02T16:47:16.924Z","logger":"kafkajs","message":"[Consumer] Starting","groupId":"persistence-service"}
{"level":"INFO","timestamp":"2026-06-02T16:47:26.596Z","logger":"kafkajs","message":"[Consumer] Stopped","groupId":"persistence-service"}
{"level":"INFO","timestamp":"2026-06-02T16:47:36.030Z","logger":"kafkajs","message":"[Consumer] Starting","groupId":"persistence-service"}
{"level":"INFO","timestamp":"2026-06-02T16:47:45.121Z","logger":"kafkajs","message":"[Consumer] Stopped","groupId":"persistence-service"}
{"level":"INFO","timestamp":"2026-06-02T16:47:54.175Z","logger":"kafkajs","message":"[Consumer] Starting","groupId":"persistence-service"}
{"level":"INFO","timestamp":"2026-06-02T16:48:03.206Z","logger":"kafkajs","message":"[Consumer] Stopped","groupId":"persistence-service"}
{"level":"INFO","timestamp":"2026-06-02T16:48:12.049Z","logger":"kafkajs","message":"[Consumer] Starting","groupId":"persistence-service"}
{"level":"INFO","timestamp":"2026-06-02T16:48:20.562Z","logger":"kafkajs","message":"[Consumer] Stopped","groupId":"persistence-service"}
{"level":"INFO","timestamp":"2026-06-02T16:48:30.525Z","logger":"kafkajs","message":"[Consumer] Starting","groupId":"persistence-service"}
{"level":"INFO","timestamp":"2026-06-02T16:48:38.844Z","logger":"kafkajs","message":"[Consumer] Stopped","groupId":"persistence-service"}
{"level":"INFO","timestamp":"2026-06-02T16:48:47.405Z","logger":"kafkajs","message":"[Consumer] Starting","groupId":"persistence-service"}
{"level":"INFO","timestamp":"2026-06-02T16:48:54.214Z","logger":"kafkajs","message":"[Consumer] Stopped","groupId":"persistence-service"}
{"level":"INFO","timestamp":"2026-06-02T16:49:00.057Z","logger":"kafkajs","message":"[Consumer] Starting","groupId":"persistence-service"}
{"level":"INFO","timestamp":"2026-06-02T16:49:10.298Z","logger":"kafkajs","message":"[Consumer] Stopped","groupId":"persistence-service"}
{"level":"INFO","timestamp":"2026-06-02T16:49:21.495Z","logger":"kafkajs","message":"[Consumer] Starting","groupId":"persistence-service"}
{"level":"INFO","timestamp":"2026-06-02T16:49:31.093Z","logger":"kafkajs","message":"[Consumer] Stopped","groupId":"persistence-service"}
{"level":"INFO","timestamp":"2026-06-02T16:49:39.973Z","logger":"kafkajs","message":"[Consumer] Starting","groupId":"persistence-service"}
{"level":"INFO","timestamp":"2026-06-02T16:49:48.157Z","logger":"kafkajs","message":"[Consumer] Stopped","groupId":"persistence-service"}
{"level":"INFO","timestamp":"2026-06-02T16:49:55.028Z","logger":"kafkajs","message":"[Consumer] Starting","groupId":"persistence-service"}
{"level":"INFO","timestamp":"2026-06-02T16:50:05.208Z","logger":"kafkajs","message":"[Consumer] Stopped","groupId":"persistence-service"}
{"level":"INFO","timestamp":"2026-06-02T16:50:15.998Z","logger":"kafkajs","message":"[Consumer] Starting","groupId":"persistence-service"}
{"level":"INFO","timestamp":"2026-06-02T16:50:23.758Z","logger":"kafkajs","message":"[Consumer] Stopped","groupId":"persistence-service"}
{"level":"INFO","timestamp":"2026-06-02T16:50:31.894Z","logger":"kafkajs","message":"[Consumer] Starting","groupId":"persistence-service"}
{"level":"INFO","timestamp":"2026-06-02T16:50:46.451Z","logger":"kafkajs","message":"[Consumer] Stopped","groupId":"persistence-service"}
{"level":"INFO","timestamp":"2026-06-02T16:51:02.375Z","logger":"kafkajs","message":"[Consumer] Starting","groupId":"persistence-service"}
{"level":"INFO","timestamp":"2026-06-02T16:51:10.056Z","logger":"kafkajs","message":"[Consumer] Stopped","groupId":"persistence-service"}
{"level":"INFO","timestamp":"2026-06-02T16:51:18.465Z","logger":"kafkajs","message":"[Consumer] Starting","groupId":"persistence-service"}
{"level":"INFO","timestamp":"2026-06-02T16:51:26.608Z","logger":"kafkajs","message":"[Consumer] Stopped","groupId":"persistence-service"}
{"level":"INFO","timestamp":"2026-06-02T16:51:33.670Z","logger":"kafkajs","message":"[Consumer] Starting","groupId":"persistence-service"}
{"level":"INFO","timestamp":"2026-06-02T16:51:42.206Z","logger":"kafkajs","message":"[Consumer] Stopped","groupId":"persistence-service"}
{"level":"INFO","timestamp":"2026-06-02T16:51:51.853Z","logger":"kafkajs","message":"[Consumer] Starting","groupId":"persistence-service"}
{"level":"INFO","timestamp":"2026-06-02T16:52:02.099Z","logger":"kafkajs","message":"[Consumer] Stopped","groupId":"persistence-service"}
{"level":"INFO","timestamp":"2026-06-02T16:52:11.655Z","logger":"kafkajs","message":"[Consumer] Starting","groupId":"persistence-service"}
{"level":"INFO","timestamp":"2026-06-02T16:52:23.092Z","logger":"kafkajs","message":"[Consumer] Stopped","groupId":"persistence-service"}
{"level":"INFO","timestamp":"2026-06-02T16:52:38.378Z","logger":"kafkajs","message":"[Consumer] Starting","groupId":"persistence-service"}
{"level":"INFO","timestamp":"2026-06-02T16:52:45.979Z","logger":"kafkajs","message":"[Consumer] Stopped","groupId":"persistence-service"}
{"level":"INFO","timestamp":"2026-06-02T16:52:53.943Z","logger":"kafkajs","message":"[Consumer] Starting","groupId":"persistence-service"}
{"level":"INFO","timestamp":"2026-06-02T16:53:03.361Z","logger":"kafkajs","message":"[Consumer] Stopped","groupId":"persistence-service"}
{"level":"INFO","timestamp":"2026-06-02T16:53:15.242Z","logger":"kafkajs","message":"[Consumer] Starting","groupId":"persistence-service"}
{"level":"INFO","timestamp":"2026-06-02T16:53:27.601Z","logger":"kafkajs","message":"[Consumer] Stopped","groupId":"persistence-service"}
{"level":"INFO","timestamp":"2026-06-02T16:53:40.046Z","logger":"kafkajs","message":"[Consumer] Starting","groupId":"persistence-service"}
{"level":"INFO","timestamp":"2026-06-02T16:53:50.442Z","logger":"kafkajs","message":"[Consumer] Stopped","groupId":"persistence-service"}
{"level":"INFO","timestamp":"2026-06-02T16:54:00.823Z","logger":"kafkajs","message":"[Consumer] Starting","groupId":"persistence-service"}
{"level":"INFO","timestamp":"2026-06-02T16:54:12.742Z","logger":"kafkajs","message":"[Consumer] Stopped","groupId":"persistence-service"}
{"level":"INFO","timestamp":"2026-06-02T16:54:26.070Z","logger":"kafkajs","message":"[Consumer] Starting","groupId":"persistence-service"}
{"level":"INFO","timestamp":"2026-06-02T16:54:39.865Z","logger":"kafkajs","message":"[Consumer] Stopped","groupId":"persistence-service"}
{"level":"INFO","timestamp":"2026-06-02T16:54:58.567Z","logger":"kafkajs","message":"[Consumer] Starting","groupId":"persistence-service"}
{"level":"INFO","timestamp":"2026-06-02T16:55:09.591Z","logger":"kafkajs","message":"[Consumer] Stopped","groupId":"persistence-service"}
{"level":"INFO","timestamp":"2026-06-02T16:55:24.022Z","logger":"kafkajs","message":"[Consumer] Starting","groupId":"persistence-service"}
{"level":"INFO","timestamp":"2026-06-02T16:55:33.052Z","logger":"kafkajs","message":"[Consumer] Stopped","groupId":"persistence-service"}
{"level":"INFO","timestamp":"2026-06-02T16:55:43.912Z","logger":"kafkajs","message":"[Consumer] Starting","groupId":"persistence-service"}
{"level":"INFO","timestamp":"2026-06-02T16:55:49.734Z","logger":"kafkajs","message":"[Consumer] Stopped","groupId":"persistence-service"}
{"level":"INFO","timestamp":"2026-06-02T16:55:54.355Z","logger":"kafkajs","message":"[Consumer] Starting","groupId":"persistence-service"}
{"level":"INFO","timestamp":"2026-06-02T16:56:01.910Z","logger":"kafkajs","message":"[Consumer] Stopped","groupId":"persistence-service"}
{"level":"INFO","timestamp":"2026-06-02T16:56:08.473Z","logger":"kafkajs","message":"[Consumer] Starting","groupId":"persistence-service"}
{"level":"INFO","timestamp":"2026-06-02T16:56:17.076Z","logger":"kafkajs","message":"[Consumer] Stopped","groupId":"persistence-service"}
{"level":"INFO","timestamp":"2026-06-02T16:56:23.634Z","logger":"kafkajs","message":"[Consumer] Starting","groupId":"persistence-service"}
{"level":"INFO","timestamp":"2026-06-02T16:56:31.030Z","logger":"kafkajs","message":"[Consumer] Stopped","groupId":"persistence-service"}
{"level":"INFO","timestamp":"2026-06-02T16:56:38.073Z","logger":"kafkajs","message":"[Consumer] Starting","groupId":"persistence-service"}
{"level":"INFO","timestamp":"2026-06-02T16:56:45.263Z","logger":"kafkajs","message":"[Consumer] Stopped","groupId":"persistence-service"}
{"level":"INFO","timestamp":"2026-06-02T16:56:51.361Z","logger":"kafkajs","message":"[Consumer] Starting","groupId":"persistence-service"}
{"level":"INFO","timestamp":"2026-06-02T16:56:59.728Z","logger":"kafkajs","message":"[Consumer] Stopped","groupId":"persistence-service"}
{"level":"INFO","timestamp":"2026-06-02T16:57:08.820Z","logger":"kafkajs","message":"[Consumer] Starting","groupId":"persistence-service"}
{"level":"INFO","timestamp":"2026-06-02T16:57:20.967Z","logger":"kafkajs","message":"[Consumer] Stopped","groupId":"persistence-service"}
{"level":"INFO","timestamp":"2026-06-02T16:57:33.076Z","logger":"kafkajs","message":"[Consumer] Starting","groupId":"persistence-service"}
{"level":"INFO","timestamp":"2026-06-02T16:57:43.801Z","logger":"kafkajs","message":"[Consumer] Stopped","groupId":"persistence-service"}
{"level":"INFO","timestamp":"2026-06-02T16:57:54.048Z","logger":"kafkajs","message":"[Consumer] Starting","groupId":"persistence-service"}
{"level":"INFO","timestamp":"2026-06-02T16:58:04.459Z","logger":"kafkajs","message":"[Consumer] Stopped","groupId":"persistence-service"}
{"level":"INFO","timestamp":"2026-06-02T16:58:16.404Z","logger":"kafkajs","message":"[Consumer] Starting","groupId":"persistence-service"}
{"level":"INFO","timestamp":"2026-06-02T16:58:26.126Z","logger":"kafkajs","message":"[Consumer] Stopped","groupId":"persistence-service"}
{"level":"INFO","timestamp":"2026-06-02T16:58:34.945Z","logger":"kafkajs","message":"[Consumer] Starting","groupId":"persistence-service"}
{"level":"INFO","timestamp":"2026-06-02T16:58:43.842Z","logger":"kafkajs","message":"[Consumer] Stopped","groupId":"persistence-service"}
{"level":"INFO","timestamp":"2026-06-02T16:58:54.885Z","logger":"kafkajs","message":"[Consumer] Starting","groupId":"persistence-service"}
{"level":"INFO","timestamp":"2026-06-02T16:59:03.419Z","logger":"kafkajs","message":"[Consumer] Stopped","groupId":"persistence-service"}
{"level":"INFO","timestamp":"2026-06-02T16:59:12.354Z","logger":"kafkajs","message":"[Consumer] Starting","groupId":"persistence-service"}
{"level":"INFO","timestamp":"2026-06-02T16:59:20.920Z","logger":"kafkajs","message":"[Consumer] Stopped","groupId":"persistence-service"}
{"level":"INFO","timestamp":"2026-06-02T16:59:28.143Z","logger":"kafkajs","message":"[Consumer] Starting","groupId":"persistence-service"}
{"level":"INFO","timestamp":"2026-06-02T16:59:39.562Z","logger":"kafkajs","message":"[Consumer] Stopped","groupId":"persistence-service"}
{"level":"INFO","timestamp":"2026-06-02T16:59:52.312Z","logger":"kafkajs","message":"[Consumer] Starting","groupId":"persistence-service"}
{"level":"INFO","timestamp":"2026-06-02T16:59:59.958Z","logger":"kafkajs","message":"[Consumer] Stopped","groupId":"persistence-service"}
{"level":"INFO","timestamp":"2026-06-02T17:00:08.732Z","logger":"kafkajs","message":"[Consumer] Starting","groupId":"persistence-service"}
{"level":"INFO","timestamp":"2026-06-02T17:00:19.007Z","logger":"kafkajs","message":"[Consumer] Stopped","groupId":"persistence-service"}
{"level":"INFO","timestamp":"2026-06-02T17:00:29.749Z","logger":"kafkajs","message":"[Consumer] Starting","groupId":"persistence-service"}
{"level":"INFO","timestamp":"2026-06-02T17:00:39.768Z","logger":"kafkajs","message":"[Consumer] Stopped","groupId":"persistence-service"}
{"level":"INFO","timestamp":"2026-06-02T17:00:47.987Z","logger":"kafkajs","message":"[Consumer] Starting","groupId":"persistence-service"}
{"level":"INFO","timestamp":"2026-06-02T17:00:55.808Z","logger":"kafkajs","message":"[Consumer] Stopped","groupId":"persistence-service"}
{"level":"INFO","timestamp":"2026-06-02T17:01:04.050Z","logger":"kafkajs","message":"[Consumer] Starting","groupId":"persistence-service"}
{"level":"INFO","timestamp":"2026-06-02T17:01:15.440Z","logger":"kafkajs","message":"[Consumer] Stopped","groupId":"persistence-service"}
{"level":"INFO","timestamp":"2026-06-02T17:01:27.462Z","logger":"kafkajs","message":"[Consumer] Starting","groupId":"persistence-service"}
{"level":"INFO","timestamp":"2026-06-02T17:01:34.440Z","logger":"kafkajs","message":"[Consumer] Stopped","groupId":"persistence-service"}
{"level":"INFO","timestamp":"2026-06-02T17:01:42.069Z","logger":"kafkajs","message":"[Consumer] Starting","groupId":"persistence-service"}
{"level":"INFO","timestamp":"2026-06-02T17:01:51.659Z","logger":"kafkajs","message":"[Consumer] Stopped","groupId":"persistence-service"}
{"level":"INFO","timestamp":"2026-06-02T17:02:03.031Z","logger":"kafkajs","message":"[Consumer] Starting","groupId":"persistence-service"}
{"level":"INFO","timestamp":"2026-06-02T17:02:08.889Z","logger":"kafkajs","message":"[Consumer] Stopped","groupId":"persistence-service"}
{"level":"INFO","timestamp":"2026-06-02T17:02:14.562Z","logger":"kafkajs","message":"[Consumer] Starting","groupId":"persistence-service"}
{"level":"INFO","timestamp":"2026-06-02T17:02:25.531Z","logger":"kafkajs","message":"[Consumer] Stopped","groupId":"persistence-service"}
{"level":"INFO","timestamp":"2026-06-02T17:02:35.842Z","logger":"kafkajs","message":"[Consumer] Starting","groupId":"persistence-service"}
{"level":"INFO","timestamp":"2026-06-02T17:02:43.922Z","logger":"kafkajs","message":"[Consumer] Stopped","groupId":"persistence-service"}
{"level":"INFO","timestamp":"2026-06-02T17:02:53.312Z","logger":"kafkajs","message":"[Consumer] Starting","groupId":"persistence-service"}
{"level":"INFO","timestamp":"2026-06-02T17:03:01.003Z","logger":"kafkajs","message":"[Consumer] Stopped","groupId":"persistence-service"}
{"level":"INFO","timestamp":"2026-06-02T17:03:09.112Z","logger":"kafkajs","message":"[Consumer] Starting","groupId":"persistence-service"}
{"level":"INFO","timestamp":"2026-06-02T17:03:16.891Z","logger":"kafkajs","message":"[Consumer] Stopped","groupId":"persistence-service"}
{"level":"INFO","timestamp":"2026-06-02T17:03:24.649Z","logger":"kafkajs","message":"[Consumer] Starting","groupId":"persistence-service"}
{"level":"INFO","timestamp":"2026-06-02T17:03:31.210Z","logger":"kafkajs","message":"[Consumer] Stopped","groupId":"persistence-service"}
{"level":"INFO","timestamp":"2026-06-02T17:03:36.421Z","logger":"kafkajs","message":"[Consumer] Starting","groupId":"persistence-service"}
{"level":"INFO","timestamp":"2026-06-02T17:03:46.308Z","logger":"kafkajs","message":"[Consumer] Stopped","groupId":"persistence-service"}
{"level":"INFO","timestamp":"2026-06-02T17:03:59.176Z","logger":"kafkajs","message":"[Consumer] Starting","groupId":"persistence-service"}
{"level":"INFO","timestamp":"2026-06-02T17:04:13.842Z","logger":"kafkajs","message":"[Consumer] Stopped","groupId":"persistence-service"}
{"level":"INFO","timestamp":"2026-06-02T17:04:29.198Z","logger":"kafkajs","message":"[Consumer] Starting","groupId":"persistence-service"}
{"level":"INFO","timestamp":"2026-06-02T17:04:38.617Z","logger":"kafkajs","message":"[Consumer] Stopped","groupId":"persistence-service"}
{"level":"INFO","timestamp":"2026-06-02T17:04:46.227Z","logger":"kafkajs","message":"[Consumer] Starting","groupId":"persistence-service"}
{"level":"INFO","timestamp":"2026-06-02T17:04:58.141Z","logger":"kafkajs","message":"[Consumer] Stopped","groupId":"persistence-service"}
{"level":"INFO","timestamp":"2026-06-02T17:05:10.034Z","logger":"kafkajs","message":"[Consumer] Starting","groupId":"persistence-service"}
{"level":"INFO","timestamp":"2026-06-02T17:05:20.148Z","logger":"kafkajs","message":"[Consumer] Stopped","groupId":"persistence-service"}
{"level":"INFO","timestamp":"2026-06-02T17:05:28.043Z","logger":"kafkajs","message":"[Consumer] Starting","groupId":"persistence-service"}
{"level":"INFO","timestamp":"2026-06-02T17:05:36.414Z","logger":"kafkajs","message":"[Consumer] Stopped","groupId":"persistence-service"}
{"level":"INFO","timestamp":"2026-06-02T17:05:44.376Z","logger":"kafkajs","message":"[Consumer] Starting","groupId":"persistence-service"}
{"level":"INFO","timestamp":"2026-06-02T17:05:51.448Z","logger":"kafkajs","message":"[Consumer] Stopped","groupId":"persistence-service"}
{"level":"INFO","timestamp":"2026-06-02T17:05:57.716Z","logger":"kafkajs","message":"[Consumer] Starting","groupId":"persistence-service"}
{"level":"INFO","timestamp":"2026-06-02T17:06:04.550Z","logger":"kafkajs","message":"[Consumer] Stopped","groupId":"persistence-service"}
{"level":"INFO","timestamp":"2026-06-02T17:06:09.832Z","logger":"kafkajs","message":"[Consumer] Starting","groupId":"persistence-service"}
{"level":"INFO","timestamp":"2026-06-02T17:06:16.840Z","logger":"kafkajs","message":"[Consumer] Stopped","groupId":"persistence-service"}
{"level":"INFO","timestamp":"2026-06-02T17:06:23.304Z","logger":"kafkajs","message":"[Consumer] Starting","groupId":"persistence-service"}
{"level":"INFO","timestamp":"2026-06-02T17:06:32.661Z","logger":"kafkajs","message":"[Consumer] Stopped","groupId":"persistence-service"}
{"level":"INFO","timestamp":"2026-06-02T17:06:42.644Z","logger":"kafkajs","message":"[Consumer] Starting","groupId":"persistence-service"}
{"level":"INFO","timestamp":"2026-06-02T17:06:54.142Z","logger":"kafkajs","message":"[Consumer] Stopped","groupId":"persistence-service"}
{"level":"INFO","timestamp":"2026-06-02T17:07:04.828Z","logger":"kafkajs","message":"[Consumer] Starting","groupId":"persistence-service"}
{"level":"INFO","timestamp":"2026-06-02T17:07:18.900Z","logger":"kafkajs","message":"[Consumer] Stopped","groupId":"persistence-service"}
{"level":"INFO","timestamp":"2026-06-02T17:07:31.278Z","logger":"kafkajs","message":"[Consumer] Starting","groupId":"persistence-service"}
{"level":"INFO","timestamp":"2026-06-02T17:07:44.605Z","logger":"kafkajs","message":"[Consumer] Stopped","groupId":"persistence-service"}
{"level":"INFO","timestamp":"2026-06-02T17:08:00.220Z","logger":"kafkajs","message":"[Consumer] Starting","groupId":"persistence-service"}
{"level":"INFO","timestamp":"2026-06-02T17:08:08.526Z","logger":"kafkajs","message":"[Consumer] Stopped","groupId":"persistence-service"}
{"level":"INFO","timestamp":"2026-06-02T17:08:16.651Z","logger":"kafkajs","message":"[Consumer] Starting","groupId":"persistence-service"}
{"level":"INFO","timestamp":"2026-06-02T17:08:26.995Z","logger":"kafkajs","message":"[Consumer] Stopped","groupId":"persistence-service"}
{"level":"INFO","timestamp":"2026-06-02T17:08:35.973Z","logger":"kafkajs","message":"[Consumer] Starting","groupId":"persistence-service"}
{"level":"INFO","timestamp":"2026-06-02T17:08:49.171Z","logger":"kafkajs","message":"[Consumer] Stopped","groupId":"persistence-service"}
{"level":"INFO","timestamp":"2026-06-02T17:09:02.438Z","logger":"kafkajs","message":"[Consumer] Starting","groupId":"persistence-service"}
{"level":"INFO","timestamp":"2026-06-02T17:09:10.456Z","logger":"kafkajs","message":"[Consumer] Stopped","groupId":"persistence-service"}
{"level":"INFO","timestamp":"2026-06-02T17:09:18.336Z","logger":"kafkajs","message":"[Consumer] Starting","groupId":"persistence-service"}
{"level":"INFO","timestamp":"2026-06-02T17:09:27.270Z","logger":"kafkajs","message":"[Consumer] Stopped","groupId":"persistence-service"}
{"level":"INFO","timestamp":"2026-06-02T17:09:36.490Z","logger":"kafkajs","message":"[Consumer] Starting","groupId":"persistence-service"}
{"level":"INFO","timestamp":"2026-06-02T17:09:47.493Z","logger":"kafkajs","message":"[Consumer] Stopped","groupId":"persistence-service"}
{"level":"INFO","timestamp":"2026-06-02T17:09:59.626Z","logger":"kafkajs","message":"[Consumer] Starting","groupId":"persistence-service"}
{"level":"INFO","timestamp":"2026-06-02T17:10:10.674Z","logger":"kafkajs","message":"[Consumer] Stopped","groupId":"persistence-service"}
{"level":"INFO","timestamp":"2026-06-02T17:10:23.509Z","logger":"kafkajs","message":"[Consumer] Starting","groupId":"persistence-service"}
{"level":"INFO","timestamp":"2026-06-02T17:10:35.909Z","logger":"kafkajs","message":"[Consumer] Stopped","groupId":"persistence-service"}
{"level":"INFO","timestamp":"2026-06-02T17:10:49.858Z","logger":"kafkajs","message":"[Consumer] Starting","groupId":"persistence-service"}
{"level":"INFO","timestamp":"2026-06-02T17:10:58.802Z","logger":"kafkajs","message":"[Consumer] Stopped","groupId":"persistence-service"}
{"level":"INFO","timestamp":"2026-06-02T17:11:08.058Z","logger":"kafkajs","message":"[Consumer] Starting","groupId":"persistence-service"}
{"level":"INFO","timestamp":"2026-06-02T17:11:16.688Z","logger":"kafkajs","message":"[Consumer] Stopped","groupId":"persistence-service"}
{"level":"INFO","timestamp":"2026-06-02T17:11:23.765Z","logger":"kafkajs","message":"[Consumer] Starting","groupId":"persistence-service"}
{"level":"INFO","timestamp":"2026-06-02T17:11:36.420Z","logger":"kafkajs","message":"[Consumer] Stopped","groupId":"persistence-service"}
{"level":"INFO","timestamp":"2026-06-02T17:11:51.696Z","logger":"kafkajs","message":"[Consumer] Starting","groupId":"persistence-service"}
{"level":"INFO","timestamp":"2026-06-02T17:12:02.001Z","logger":"kafkajs","message":"[Consumer] Stopped","groupId":"persistence-service"}
{"level":"INFO","timestamp":"2026-06-02T17:12:10.010Z","logger":"kafkajs","message":"[Consumer] Starting","groupId":"persistence-service"}
{"level":"INFO","timestamp":"2026-06-02T17:12:19.230Z","logger":"kafkajs","message":"[Consumer] Stopped","groupId":"persistence-service"}
{"level":"INFO","timestamp":"2026-06-02T17:12:26.897Z","logger":"kafkajs","message":"[Consumer] Starting","groupId":"persistence-service"}
{"level":"INFO","timestamp":"2026-06-02T17:12:37.257Z","logger":"kafkajs","message":"[Consumer] Stopped","groupId":"persistence-service"}
{"level":"INFO","timestamp":"2026-06-02T17:12:49.188Z","logger":"kafkajs","message":"[Consumer] Starting","groupId":"persistence-service"}
{"level":"INFO","timestamp":"2026-06-02T17:12:59.363Z","logger":"kafkajs","message":"[Consumer] Stopped","groupId":"persistence-service"}
{"level":"INFO","timestamp":"2026-06-02T17:13:11.579Z","logger":"kafkajs","message":"[Consumer] Starting","groupId":"persistence-service"}
{"level":"INFO","timestamp":"2026-06-02T17:13:21.025Z","logger":"kafkajs","message":"[Consumer] Stopped","groupId":"persistence-service"}
{"level":"INFO","timestamp":"2026-06-02T17:13:29.014Z","logger":"kafkajs","message":"[Consumer] Starting","groupId":"persistence-service"}
{"level":"INFO","timestamp":"2026-06-02T17:13:41.445Z","logger":"kafkajs","message":"[Consumer] Stopped","groupId":"persistence-service"}
{"level":"INFO","timestamp":"2026-06-02T17:13:52.066Z","logger":"kafkajs","message":"[Consumer] Starting","groupId":"persistence-service"}
{"level":"INFO","timestamp":"2026-06-02T17:14:01.616Z","logger":"kafkajs","message":"[Consumer] Stopped","groupId":"persistence-service"}
{"level":"INFO","timestamp":"2026-06-02T17:14:11.586Z","logger":"kafkajs","message":"[Consumer] Starting","groupId":"persistence-service"}
{"level":"INFO","timestamp":"2026-06-02T17:14:20.658Z","logger":"kafkajs","message":"[Consumer] Stopped","groupId":"persistence-service"}
{"level":"INFO","timestamp":"2026-06-02T17:14:32.440Z","logger":"kafkajs","message":"[Consumer] Starting","groupId":"persistence-service"}
{"level":"INFO","timestamp":"2026-06-02T17:14:41.128Z","logger":"kafkajs","message":"[Consumer] Stopped","groupId":"persistence-service"}
{"level":"INFO","timestamp":"2026-06-02T17:14:52.538Z","logger":"kafkajs","message":"[Consumer] Starting","groupId":"persistence-service"}
{"level":"INFO","timestamp":"2026-06-02T17:15:01.415Z","logger":"kafkajs","message":"[Consumer] Stopped","groupId":"persistence-service"}
{"level":"INFO","timestamp":"2026-06-02T17:15:08.704Z","logger":"kafkajs","message":"[Consumer] Starting","groupId":"persistence-service"}
{"level":"INFO","timestamp":"2026-06-02T17:15:16.833Z","logger":"kafkajs","message":"[Consumer] Stopped","groupId":"persistence-service"}
{"level":"INFO","timestamp":"2026-06-02T17:15:23.384Z","logger":"kafkajs","message":"[Consumer] Starting","groupId":"persistence-service"}
{"level":"INFO","timestamp":"2026-06-02T17:15:31.081Z","logger":"kafkajs","message":"[Consumer] Stopped","groupId":"persistence-service"}
{"level":"INFO","timestamp":"2026-06-02T17:15:38.109Z","logger":"kafkajs","message":"[Consumer] Starting","groupId":"persistence-service"}
{"level":"INFO","timestamp":"2026-06-02T17:15:46.173Z","logger":"kafkajs","message":"[Consumer] Stopped","groupId":"persistence-service"}
{"level":"INFO","timestamp":"2026-06-02T17:15:55.576Z","logger":"kafkajs","message":"[Consumer] Starting","groupId":"persistence-service"}
{"level":"INFO","timestamp":"2026-06-02T17:16:06.422Z","logger":"kafkajs","message":"[Consumer] Stopped","groupId":"persistence-service"}
{"level":"INFO","timestamp":"2026-06-02T17:16:16.234Z","logger":"kafkajs","message":"[Consumer] Starting","groupId":"persistence-service"}
{"level":"INFO","timestamp":"2026-06-02T17:16:22.730Z","logger":"kafkajs","message":"[Consumer] Stopped","groupId":"persistence-service"}
{"level":"INFO","timestamp":"2026-06-02T17:16:30.624Z","logger":"kafkajs","message":"[Consumer] Starting","groupId":"persistence-service"}
{"level":"INFO","timestamp":"2026-06-02T17:16:38.353Z","logger":"kafkajs","message":"[Consumer] Stopped","groupId":"persistence-service"}
{"level":"INFO","timestamp":"2026-06-02T17:16:45.145Z","logger":"kafkajs","message":"[Consumer] Starting","groupId":"persistence-service"}
{"level":"INFO","timestamp":"2026-06-02T17:16:54.659Z","logger":"kafkajs","message":"[Consumer] Stopped","groupId":"persistence-service"}
{"level":"INFO","timestamp":"2026-06-02T17:17:04.464Z","logger":"kafkajs","message":"[Consumer] Starting","groupId":"persistence-service"}
{"level":"INFO","timestamp":"2026-06-02T17:17:12.914Z","logger":"kafkajs","message":"[Consumer] Stopped","groupId":"persistence-service"}
{"level":"INFO","timestamp":"2026-06-02T17:17:20.040Z","logger":"kafkajs","message":"[Consumer] Starting","groupId":"persistence-service"}
{"level":"INFO","timestamp":"2026-06-02T17:17:30.136Z","logger":"kafkajs","message":"[Consumer] Stopped","groupId":"persistence-service"}
{"level":"INFO","timestamp":"2026-06-02T17:17:39.937Z","logger":"kafkajs","message":"[Consumer] Starting","groupId":"persistence-service"}
{"level":"INFO","timestamp":"2026-06-02T17:17:49.201Z","logger":"kafkajs","message":"[Consumer] Stopped","groupId":"persistence-service"}
{"level":"INFO","timestamp":"2026-06-02T17:17:58.041Z","logger":"kafkajs","message":"[Consumer] Starting","groupId":"persistence-service"}
{"level":"INFO","timestamp":"2026-06-02T17:18:08.723Z","logger":"kafkajs","message":"[Consumer] Stopped","groupId":"persistence-service"}
{"level":"INFO","timestamp":"2026-06-02T17:18:19.027Z","logger":"kafkajs","message":"[Consumer] Starting","groupId":"persistence-service"}
{"level":"INFO","timestamp":"2026-06-02T17:18:27.877Z","logger":"kafkajs","message":"[Consumer] Stopped","groupId":"persistence-service"}
{"level":"INFO","timestamp":"2026-06-02T17:18:37.253Z","logger":"kafkajs","message":"[Consumer] Starting","groupId":"persistence-service"}
{"level":"INFO","timestamp":"2026-06-02T17:18:52.507Z","logger":"kafkajs","message":"[Consumer] Stopped","groupId":"persistence-service"}
{"level":"INFO","timestamp":"2026-06-02T17:19:07.658Z","logger":"kafkajs","message":"[Consumer] Starting","groupId":"persistence-service"}
{"level":"INFO","timestamp":"2026-06-02T17:19:21.705Z","logger":"kafkajs","message":"[Consumer] Stopped","groupId":"persistence-service"}
{"level":"INFO","timestamp":"2026-06-02T17:19:39.334Z","logger":"kafkajs","message":"[Consumer] Starting","groupId":"persistence-service"}
{"level":"INFO","timestamp":"2026-06-02T17:19:48.139Z","logger":"kafkajs","message":"[Consumer] Stopped","groupId":"persistence-service"}
{"level":"INFO","timestamp":"2026-06-02T17:19:55.449Z","logger":"kafkajs","message":"[Consumer] Starting","groupId":"persistence-service"}
{"level":"INFO","timestamp":"2026-06-02T17:20:05.330Z","logger":"kafkajs","message":"[Consumer] Stopped","groupId":"persistence-service"}
{"level":"INFO","timestamp":"2026-06-02T17:20:13.345Z","logger":"kafkajs","message":"[Consumer] Starting","groupId":"persistence-service"}
{"level":"INFO","timestamp":"2026-06-02T17:20:25.072Z","logger":"kafkajs","message":"[Consumer] Stopped","groupId":"persistence-service"}
{"level":"INFO","timestamp":"2026-06-02T17:20:39.620Z","logger":"kafkajs","message":"[Consumer] Starting","groupId":"persistence-service"}
{"level":"INFO","timestamp":"2026-06-02T17:20:51.606Z","logger":"kafkajs","message":"[Consumer] Stopped","groupId":"persistence-service"}
{"level":"INFO","timestamp":"2026-06-02T17:21:04.341Z","logger":"kafkajs","message":"[Consumer] Starting","groupId":"persistence-service"}
{"level":"INFO","timestamp":"2026-06-02T17:21:16.477Z","logger":"kafkajs","message":"[Consumer] Stopped","groupId":"persistence-service"}
{"level":"INFO","timestamp":"2026-06-02T17:21:32.669Z","logger":"kafkajs","message":"[Consumer] Starting","groupId":"persistence-service"}
{"level":"INFO","timestamp":"2026-06-02T17:21:43.037Z","logger":"kafkajs","message":"[Consumer] Stopped","groupId":"persistence-service"}
{"level":"INFO","timestamp":"2026-06-02T17:21:53.239Z","logger":"kafkajs","message":"[Consumer] Starting","groupId":"persistence-service"}
{"level":"INFO","timestamp":"2026-06-02T17:22:01.169Z","logger":"kafkajs","message":"[Consumer] Stopped","groupId":"persistence-service"}
{"level":"INFO","timestamp":"2026-06-02T17:22:08.229Z","logger":"kafkajs","message":"[Consumer] Starting","groupId":"persistence-service"}
{"level":"INFO","timestamp":"2026-06-02T17:22:15.704Z","logger":"kafkajs","message":"[Consumer] Stopped","groupId":"persistence-service"}
{"level":"INFO","timestamp":"2026-06-02T17:22:22.732Z","logger":"kafkajs","message":"[Consumer] Starting","groupId":"persistence-service"}
{"level":"INFO","timestamp":"2026-06-02T17:22:32.893Z","logger":"kafkajs","message":"[Consumer] Stopped","groupId":"persistence-service"}
{"level":"INFO","timestamp":"2026-06-02T17:22:44.017Z","logger":"kafkajs","message":"[Consumer] Starting","groupId":"persistence-service"}
{"level":"INFO","timestamp":"2026-06-02T17:22:51.237Z","logger":"kafkajs","message":"[Consumer] Stopped","groupId":"persistence-service"}
{"level":"INFO","timestamp":"2026-06-02T17:22:57.130Z","logger":"kafkajs","message":"[Consumer] Starting","groupId":"persistence-service"}
{"level":"INFO","timestamp":"2026-06-02T17:23:04.903Z","logger":"kafkajs","message":"[Consumer] Stopped","groupId":"persistence-service"}
{"level":"INFO","timestamp":"2026-06-02T17:23:13.915Z","logger":"kafkajs","message":"[Consumer] Starting","groupId":"persistence-service"}
{"level":"INFO","timestamp":"2026-06-02T17:23:22.389Z","logger":"kafkajs","message":"[Consumer] Stopped","groupId":"persistence-service"}
{"level":"INFO","timestamp":"2026-06-02T17:23:30.170Z","logger":"kafkajs","message":"[Consumer] Starting","groupId":"persistence-service"}
{"level":"INFO","timestamp":"2026-06-02T17:23:42.159Z","logger":"kafkajs","message":"[Consumer] Stopped","groupId":"persistence-service"}
{"level":"INFO","timestamp":"2026-06-02T17:23:53.914Z","logger":"kafkajs","message":"[Consumer] Starting","groupId":"persistence-service"}
{"level":"INFO","timestamp":"2026-06-02T17:24:02.172Z","logger":"kafkajs","message":"[Consumer] Stopped","groupId":"persistence-service"}
{"level":"INFO","timestamp":"2026-06-02T17:24:12.288Z","logger":"kafkajs","message":"[Consumer] Starting","groupId":"persistence-service"}
{"level":"INFO","timestamp":"2026-06-02T17:24:21.564Z","logger":"kafkajs","message":"[Consumer] Stopped","groupId":"persistence-service"}
{"level":"INFO","timestamp":"2026-06-02T17:24:30.861Z","logger":"kafkajs","message":"[Consumer] Starting","groupId":"persistence-service"}
{"level":"INFO","timestamp":"2026-06-02T17:24:39.706Z","logger":"kafkajs","message":"[Consumer] Stopped","groupId":"persistence-service"}
{"level":"INFO","timestamp":"2026-06-02T17:24:49.890Z","logger":"kafkajs","message":"[Consumer] Starting","groupId":"persistence-service"}
{"level":"INFO","timestamp":"2026-06-02T17:24:59.367Z","logger":"kafkajs","message":"[Consumer] Stopped","groupId":"persistence-service"}
{"level":"INFO","timestamp":"2026-06-02T17:25:07.529Z","logger":"kafkajs","message":"[Consumer] Starting","groupId":"persistence-service"}
{"level":"INFO","timestamp":"2026-06-02T17:25:18.177Z","logger":"kafkajs","message":"[Consumer] Stopped","groupId":"persistence-service"}
{"level":"INFO","timestamp":"2026-06-02T17:25:29.968Z","logger":"kafkajs","message":"[Consumer] Starting","groupId":"persistence-service"}
{"level":"INFO","timestamp":"2026-06-02T17:25:38.156Z","logger":"kafkajs","message":"[Consumer] Stopped","groupId":"persistence-service"}
{"level":"INFO","timestamp":"2026-06-02T17:25:47.019Z","logger":"kafkajs","message":"[Consumer] Starting","groupId":"persistence-service"}
{"level":"INFO","timestamp":"2026-06-02T17:25:54.791Z","logger":"kafkajs","message":"[Consumer] Stopped","groupId":"persistence-service"}
{"level":"INFO","timestamp":"2026-06-02T17:26:02.295Z","logger":"kafkajs","message":"[Consumer] Starting","groupId":"persistence-service"}
{"level":"INFO","timestamp":"2026-06-02T17:26:11.243Z","logger":"kafkajs","message":"[Consumer] Stopped","groupId":"persistence-service"}
{"level":"INFO","timestamp":"2026-06-02T17:26:22.587Z","logger":"kafkajs","message":"[Consumer] Starting","groupId":"persistence-service"}
{"level":"INFO","timestamp":"2026-06-02T17:26:35.404Z","logger":"kafkajs","message":"[Consumer] Stopped","groupId":"persistence-service"}
{"level":"INFO","timestamp":"2026-06-02T17:26:49.464Z","logger":"kafkajs","message":"[Consumer] Starting","groupId":"persistence-service"}
{"level":"INFO","timestamp":"2026-06-02T17:26:56.415Z","logger":"kafkajs","message":"[Consumer] Stopped","groupId":"persistence-service"}
{"level":"INFO","timestamp":"2026-06-02T17:27:04.610Z","logger":"kafkajs","message":"[Consumer] Starting","groupId":"persistence-service"}
{"level":"INFO","timestamp":"2026-06-02T17:27:11.818Z","logger":"kafkajs","message":"[Consumer] Stopped","groupId":"persistence-service"}
{"level":"INFO","timestamp":"2026-06-02T17:27:20.334Z","logger":"kafkajs","message":"[Consumer] Starting","groupId":"persistence-service"}
{"level":"INFO","timestamp":"2026-06-02T17:27:25.684Z","logger":"kafkajs","message":"[Consumer] Stopped","groupId":"persistence-service"}
{"level":"INFO","timestamp":"2026-06-02T17:27:30.584Z","logger":"kafkajs","message":"[Consumer] Starting","groupId":"persistence-service"}
{"level":"INFO","timestamp":"2026-06-02T17:27:41.220Z","logger":"kafkajs","message":"[Consumer] Stopped","groupId":"persistence-service"}
{"level":"INFO","timestamp":"2026-06-02T17:27:53.499Z","logger":"kafkajs","message":"[Consumer] Starting","groupId":"persistence-service"}
{"level":"INFO","timestamp":"2026-06-02T17:28:03.406Z","logger":"kafkajs","message":"[Consumer] Stopped","groupId":"persistence-service"}
{"level":"INFO","timestamp":"2026-06-02T17:28:15.264Z","logger":"kafkajs","message":"[Consumer] Starting","groupId":"persistence-service"}
{"level":"INFO","timestamp":"2026-06-02T17:28:27.964Z","logger":"kafkajs","message":"[Consumer] Stopped","groupId":"persistence-service"}
{"level":"INFO","timestamp":"2026-06-02T17:28:44.144Z","logger":"kafkajs","message":"[Consumer] Starting","groupId":"persistence-service"}
{"level":"INFO","timestamp":"2026-06-02T17:28:52.125Z","logger":"kafkajs","message":"[Consumer] Stopped","groupId":"persistence-service"}
{"level":"INFO","timestamp":"2026-06-02T17:29:00.174Z","logger":"kafkajs","message":"[Consumer] Starting","groupId":"persistence-service"}
{"level":"INFO","timestamp":"2026-06-02T17:29:11.056Z","logger":"kafkajs","message":"[Consumer] Stopped","groupId":"persistence-service"}
{"level":"INFO","timestamp":"2026-06-02T17:29:23.280Z","logger":"kafkajs","message":"[Consumer] Starting","groupId":"persistence-service"}
{"level":"INFO","timestamp":"2026-06-02T17:29:33.955Z","logger":"kafkajs","message":"[Consumer] Stopped","groupId":"persistence-service"}
{"level":"INFO","timestamp":"2026-06-02T17:29:45.246Z","logger":"kafkajs","message":"[Consumer] Starting","groupId":"persistence-service"}
{"level":"INFO","timestamp":"2026-06-02T17:29:53.816Z","logger":"kafkajs","message":"[Consumer] Stopped","groupId":"persistence-service"}
{"level":"INFO","timestamp":"2026-06-02T17:30:01.545Z","logger":"kafkajs","message":"[Consumer] Starting","groupId":"persistence-service"}
{"level":"INFO","timestamp":"2026-06-02T17:30:14.129Z","logger":"kafkajs","message":"[Consumer] Stopped","groupId":"persistence-service"}
{"level":"INFO","timestamp":"2026-06-02T17:30:29.927Z","logger":"kafkajs","message":"[Consumer] Starting","groupId":"persistence-service"}
{"level":"INFO","timestamp":"2026-06-02T17:30:37.948Z","logger":"kafkajs","message":"[Consumer] Stopped","groupId":"persistence-service"}
{"level":"INFO","timestamp":"2026-06-02T17:30:45.982Z","logger":"kafkajs","message":"[Consumer] Starting","groupId":"persistence-service"}
{"level":"INFO","timestamp":"2026-06-02T17:30:53.243Z","logger":"kafkajs","message":"[Consumer] Stopped","groupId":"persistence-service"}
{"level":"INFO","timestamp":"2026-06-02T17:30:59.804Z","logger":"kafkajs","message":"[Consumer] Starting","groupId":"persistence-service"}
{"level":"INFO","timestamp":"2026-06-02T17:31:07.846Z","logger":"kafkajs","message":"[Consumer] Stopped","groupId":"persistence-service"}
{"level":"INFO","timestamp":"2026-06-02T17:31:16.212Z","logger":"kafkajs","message":"[Consumer] Starting","groupId":"persistence-service"}
{"level":"INFO","timestamp":"2026-06-02T17:31:27.003Z","logger":"kafkajs","message":"[Consumer] Stopped","groupId":"persistence-service"}
{"level":"INFO","timestamp":"2026-06-02T17:31:40.595Z","logger":"kafkajs","message":"[Consumer] Starting","groupId":"persistence-service"}
{"level":"INFO","timestamp":"2026-06-02T17:31:48.671Z","logger":"kafkajs","message":"[Consumer] Stopped","groupId":"persistence-service"}
{"level":"INFO","timestamp":"2026-06-02T17:31:57.150Z","logger":"kafkajs","message":"[Consumer] Starting","groupId":"persistence-service"}
{"level":"INFO","timestamp":"2026-06-02T17:32:10.765Z","logger":"kafkajs","message":"[Consumer] Stopped","groupId":"persistence-service"}
{"level":"INFO","timestamp":"2026-06-02T17:32:25.086Z","logger":"kafkajs","message":"[Consumer] Starting","groupId":"persistence-service"}
{"level":"INFO","timestamp":"2026-06-02T17:32:34.769Z","logger":"kafkajs","message":"[Consumer] Stopped","groupId":"persistence-service"}
{"level":"INFO","timestamp":"2026-06-02T17:32:45.255Z","logger":"kafkajs","message":"[Consumer] Starting","groupId":"persistence-service"}
{"level":"INFO","timestamp":"2026-06-02T17:32:55.040Z","logger":"kafkajs","message":"[Consumer] Stopped","groupId":"persistence-service"}
{"level":"INFO","timestamp":"2026-06-02T17:33:05.922Z","logger":"kafkajs","message":"[Consumer] Starting","groupId":"persistence-service"}
{"level":"INFO","timestamp":"2026-06-02T17:33:17.182Z","logger":"kafkajs","message":"[Consumer] Stopped","groupId":"persistence-service"}
{"level":"INFO","timestamp":"2026-06-02T17:33:29.874Z","logger":"kafkajs","message":"[Consumer] Starting","groupId":"persistence-service"}
{"level":"INFO","timestamp":"2026-06-02T17:33:35.202Z","logger":"kafkajs","message":"[Consumer] Stopped","groupId":"persistence-service"}
{"level":"INFO","timestamp":"2026-06-02T17:33:39.897Z","logger":"kafkajs","message":"[Consumer] Starting","groupId":"persistence-service"}
{"level":"INFO","timestamp":"2026-06-02T17:33:52.073Z","logger":"kafkajs","message":"[Consumer] Stopped","groupId":"persistence-service"}
{"level":"INFO","timestamp":"2026-06-02T17:34:04.642Z","logger":"kafkajs","message":"[Consumer] Starting","groupId":"persistence-service"}
{"level":"INFO","timestamp":"2026-06-02T17:34:13.603Z","logger":"kafkajs","message":"[Consumer] Stopped","groupId":"persistence-service"}
{"level":"INFO","timestamp":"2026-06-02T17:34:24.904Z","logger":"kafkajs","message":"[Consumer] Starting","groupId":"persistence-service"}
{"level":"INFO","timestamp":"2026-06-02T17:34:34.139Z","logger":"kafkajs","message":"[Consumer] Stopped","groupId":"persistence-service"}
{"level":"INFO","timestamp":"2026-06-02T17:34:42.289Z","logger":"kafkajs","message":"[Consumer] Starting","groupId":"persistence-service"}
{"level":"INFO","timestamp":"2026-06-02T17:34:54.073Z","logger":"kafkajs","message":"[Consumer] Stopped","groupId":"persistence-service"}
{"level":"INFO","timestamp":"2026-06-02T17:35:04.748Z","logger":"kafkajs","message":"[Consumer] Starting","groupId":"persistence-service"}
{"level":"INFO","timestamp":"2026-06-02T17:35:15.299Z","logger":"kafkajs","message":"[Consumer] Stopped","groupId":"persistence-service"}
{"level":"INFO","timestamp":"2026-06-02T17:35:24.083Z","logger":"kafkajs","message":"[Consumer] Starting","groupId":"persistence-service"}
{"level":"INFO","timestamp":"2026-06-02T17:35:36.181Z","logger":"kafkajs","message":"[Consumer] Stopped","groupId":"persistence-service"}
{"level":"INFO","timestamp":"2026-06-02T17:35:46.447Z","logger":"kafkajs","message":"[Consumer] Starting","groupId":"persistence-service"}
{"level":"INFO","timestamp":"2026-06-02T17:35:55.650Z","logger":"kafkajs","message":"[Consumer] Stopped","groupId":"persistence-service"}
{"level":"INFO","timestamp":"2026-06-02T17:36:04.334Z","logger":"kafkajs","message":"[Consumer] Starting","groupId":"persistence-service"}
{"level":"INFO","timestamp":"2026-06-02T17:36:14.073Z","logger":"kafkajs","message":"[Consumer] Stopped","groupId":"persistence-service"}
{"level":"INFO","timestamp":"2026-06-02T17:36:23.157Z","logger":"kafkajs","message":"[Consumer] Starting","groupId":"persistence-service"}
{"level":"INFO","timestamp":"2026-06-02T17:36:28.930Z","logger":"kafkajs","message":"[Consumer] Stopped","groupId":"persistence-service"}
{"level":"INFO","timestamp":"2026-06-02T17:36:34.928Z","logger":"kafkajs","message":"[Consumer] Starting","groupId":"persistence-service"}
{"level":"INFO","timestamp":"2026-06-02T17:36:40.699Z","logger":"kafkajs","message":"[Consumer] Stopped","groupId":"persistence-service"}
{"level":"INFO","timestamp":"2026-06-02T17:36:45.530Z","logger":"kafkajs","message":"[Consumer] Starting","groupId":"persistence-service"}
{"level":"INFO","timestamp":"2026-06-02T17:36:54.219Z","logger":"kafkajs","message":"[Consumer] Stopped","groupId":"persistence-service"}
{"level":"INFO","timestamp":"2026-06-02T17:37:03.775Z","logger":"kafkajs","message":"[Consumer] Starting","groupId":"persistence-service"}
{"level":"INFO","timestamp":"2026-06-02T17:37:15.989Z","logger":"kafkajs","message":"[Consumer] Stopped","groupId":"persistence-service"}
{"level":"INFO","timestamp":"2026-06-02T17:37:29.024Z","logger":"kafkajs","message":"[Consumer] Starting","groupId":"persistence-service"}
{"level":"INFO","timestamp":"2026-06-02T17:37:36.767Z","logger":"kafkajs","message":"[Consumer] Stopped","groupId":"persistence-service"}
{"level":"INFO","timestamp":"2026-06-02T17:37:42.580Z","logger":"kafkajs","message":"[Consumer] Starting","groupId":"persistence-service"}
{"level":"INFO","timestamp":"2026-06-02T17:37:48.337Z","logger":"kafkajs","message":"[Consumer] Stopped","groupId":"persistence-service"}
{"level":"INFO","timestamp":"2026-06-02T17:37:54.061Z","logger":"kafkajs","message":"[Consumer] Starting","groupId":"persistence-service"}
{"level":"INFO","timestamp":"2026-06-02T17:38:02.242Z","logger":"kafkajs","message":"[Consumer] Stopped","groupId":"persistence-service"}
{"level":"INFO","timestamp":"2026-06-02T17:38:11.273Z","logger":"kafkajs","message":"[Consumer] Starting","groupId":"persistence-service"}
{"level":"INFO","timestamp":"2026-06-02T17:38:18.756Z","logger":"kafkajs","message":"[Consumer] Stopped","groupId":"persistence-service"}
{"level":"INFO","timestamp":"2026-06-02T17:38:27.274Z","logger":"kafkajs","message":"[Consumer] Starting","groupId":"persistence-service"}
{"level":"INFO","timestamp":"2026-06-02T17:38:40.004Z","logger":"kafkajs","message":"[Consumer] Stopped","groupId":"persistence-service"}
{"level":"INFO","timestamp":"2026-06-02T17:38:52.504Z","logger":"kafkajs","message":"[Consumer] Starting","groupId":"persistence-service"}
{"level":"INFO","timestamp":"2026-06-02T17:39:01.553Z","logger":"kafkajs","message":"[Consumer] Stopped","groupId":"persistence-service"}
{"level":"INFO","timestamp":"2026-06-02T17:39:11.570Z","logger":"kafkajs","message":"[Consumer] Starting","groupId":"persistence-service"}
{"level":"INFO","timestamp":"2026-06-02T17:39:25.083Z","logger":"kafkajs","message":"[Consumer] Stopped","groupId":"persistence-service"}
{"level":"INFO","timestamp":"2026-06-02T17:39:38.941Z","logger":"kafkajs","message":"[Consumer] Starting","groupId":"persistence-service"}
{"level":"INFO","timestamp":"2026-06-02T17:39:51.151Z","logger":"kafkajs","message":"[Consumer] Stopped","groupId":"persistence-service"}
{"level":"INFO","timestamp":"2026-06-02T17:40:04.232Z","logger":"kafkajs","message":"[Consumer] Starting","groupId":"persistence-service"}
{"level":"INFO","timestamp":"2026-06-02T17:40:11.815Z","logger":"kafkajs","message":"[Consumer] Stopped","groupId":"persistence-service"}
{"level":"INFO","timestamp":"2026-06-02T17:40:19.235Z","logger":"kafkajs","message":"[Consumer] Starting","groupId":"persistence-service"}
{"level":"INFO","timestamp":"2026-06-02T17:40:28.844Z","logger":"kafkajs","message":"[Consumer] Stopped","groupId":"persistence-service"}
{"level":"INFO","timestamp":"2026-06-02T17:40:36.469Z","logger":"kafkajs","message":"[Consumer] Starting","groupId":"persistence-service"}
{"level":"INFO","timestamp":"2026-06-02T17:40:42.902Z","logger":"kafkajs","message":"[Consumer] Stopped","groupId":"persistence-service"}
{"level":"INFO","timestamp":"2026-06-02T17:40:47.986Z","logger":"kafkajs","message":"[Consumer] Starting","groupId":"persistence-service"}
{"level":"INFO","timestamp":"2026-06-02T17:40:59.466Z","logger":"kafkajs","message":"[Consumer] Stopped","groupId":"persistence-service"}
{"level":"INFO","timestamp":"2026-06-02T17:41:11.016Z","logger":"kafkajs","message":"[Consumer] Starting","groupId":"persistence-service"}
{"level":"INFO","timestamp":"2026-06-02T17:41:21.668Z","logger":"kafkajs","message":"[Consumer] Stopped","groupId":"persistence-service"}
{"level":"INFO","timestamp":"2026-06-02T17:41:30.467Z","logger":"kafkajs","message":"[Consumer] Starting","groupId":"persistence-service"}
{"level":"INFO","timestamp":"2026-06-02T17:41:36.605Z","logger":"kafkajs","message":"[Consumer] Stopped","groupId":"persistence-service"}
{"level":"INFO","timestamp":"2026-06-02T17:41:42.056Z","logger":"kafkajs","message":"[Consumer] Starting","groupId":"persistence-service"}
{"level":"INFO","timestamp":"2026-06-02T17:41:49.367Z","logger":"kafkajs","message":"[Consumer] Stopped","groupId":"persistence-service"}
{"level":"INFO","timestamp":"2026-06-02T17:41:56.708Z","logger":"kafkajs","message":"[Consumer] Starting","groupId":"persistence-service"}
{"level":"INFO","timestamp":"2026-06-02T17:42:05.850Z","logger":"kafkajs","message":"[Consumer] Stopped","groupId":"persistence-service"}
{"level":"INFO","timestamp":"2026-06-02T17:42:15.550Z","logger":"kafkajs","message":"[Consumer] Starting","groupId":"persistence-service"}
{"level":"INFO","timestamp":"2026-06-02T17:42:24.394Z","logger":"kafkajs","message":"[Consumer] Stopped","groupId":"persistence-service"}
{"level":"INFO","timestamp":"2026-06-02T17:42:32.978Z","logger":"kafkajs","message":"[Consumer] Starting","groupId":"persistence-service"}
{"level":"INFO","timestamp":"2026-06-02T17:42:41.262Z","logger":"kafkajs","message":"[Consumer] Stopped","groupId":"persistence-service"}
{"level":"INFO","timestamp":"2026-06-02T17:42:48.370Z","logger":"kafkajs","message":"[Consumer] Starting","groupId":"persistence-service"}
{"level":"INFO","timestamp":"2026-06-02T17:42:58.785Z","logger":"kafkajs","message":"[Consumer] Stopped","groupId":"persistence-service"}
{"level":"INFO","timestamp":"2026-06-02T17:43:10.587Z","logger":"kafkajs","message":"[Consumer] Starting","groupId":"persistence-service"}
{"level":"INFO","timestamp":"2026-06-02T17:43:20.545Z","logger":"kafkajs","message":"[Consumer] Stopped","groupId":"persistence-service"}
{"level":"INFO","timestamp":"2026-06-02T17:43:29.801Z","logger":"kafkajs","message":"[Consumer] Starting","groupId":"persistence-service"}
{"level":"INFO","timestamp":"2026-06-02T17:43:40.121Z","logger":"kafkajs","message":"[Consumer] Stopped","groupId":"persistence-service"}
{"level":"INFO","timestamp":"2026-06-02T17:43:48.875Z","logger":"kafkajs","message":"[Consumer] Starting","groupId":"persistence-service"}
{"level":"INFO","timestamp":"2026-06-02T17:44:01.036Z","logger":"kafkajs","message":"[Consumer] Stopped","groupId":"persistence-service"}
{"level":"INFO","timestamp":"2026-06-02T17:44:12.935Z","logger":"kafkajs","message":"[Consumer] Starting","groupId":"persistence-service"}
{"level":"INFO","timestamp":"2026-06-02T17:44:20.250Z","logger":"kafkajs","message":"[Consumer] Stopped","groupId":"persistence-service"}
{"level":"INFO","timestamp":"2026-06-02T17:44:28.673Z","logger":"kafkajs","message":"[Consumer] Starting","groupId":"persistence-service"}
{"level":"INFO","timestamp":"2026-06-02T17:44:39.076Z","logger":"kafkajs","message":"[Consumer] Stopped","groupId":"persistence-service"}
{"level":"INFO","timestamp":"2026-06-02T17:44:51.198Z","logger":"kafkajs","message":"[Consumer] Starting","groupId":"persistence-service"}
{"level":"INFO","timestamp":"2026-06-02T17:45:01.088Z","logger":"kafkajs","message":"[Consumer] Stopped","groupId":"persistence-service"}
{"level":"INFO","timestamp":"2026-06-02T17:45:11.698Z","logger":"kafkajs","message":"[Consumer] Starting","groupId":"persistence-service"}
{"level":"INFO","timestamp":"2026-06-02T17:45:20.555Z","logger":"kafkajs","message":"[Consumer] Stopped","groupId":"persistence-service"}
{"level":"INFO","timestamp":"2026-06-02T17:45:28.850Z","logger":"kafkajs","message":"[Consumer] Starting","groupId":"persistence-service"}
{"level":"INFO","timestamp":"2026-06-02T17:45:34.923Z","logger":"kafkajs","message":"[Consumer] Stopped","groupId":"persistence-service"}
{"level":"INFO","timestamp":"2026-06-02T17:45:41.118Z","logger":"kafkajs","message":"[Consumer] Starting","groupId":"persistence-service"}
{"level":"INFO","timestamp":"2026-06-02T17:45:50.263Z","logger":"kafkajs","message":"[Consumer] Stopped","groupId":"persistence-service"}
{"level":"INFO","timestamp":"2026-06-02T17:45:58.558Z","logger":"kafkajs","message":"[Consumer] Starting","groupId":"persistence-service"}
{"level":"INFO","timestamp":"2026-06-02T17:46:08.211Z","logger":"kafkajs","message":"[Consumer] Stopped","groupId":"persistence-service"}
{"level":"INFO","timestamp":"2026-06-02T17:46:18.602Z","logger":"kafkajs","message":"[Consumer] Starting","groupId":"persistence-service"}
{"level":"INFO","timestamp":"2026-06-02T17:46:29.960Z","logger":"kafkajs","message":"[Consumer] Stopped","groupId":"persistence-service"}
{"level":"INFO","timestamp":"2026-06-02T17:46:39.899Z","logger":"kafkajs","message":"[Consumer] Starting","groupId":"persistence-service"}
{"level":"INFO","timestamp":"2026-06-02T17:46:48.135Z","logger":"kafkajs","message":"[Consumer] Stopped","groupId":"persistence-service"}
{"level":"INFO","timestamp":"2026-06-02T17:46:57.913Z","logger":"kafkajs","message":"[Consumer] Starting","groupId":"persistence-service"}
{"level":"INFO","timestamp":"2026-06-02T17:47:05.283Z","logger":"kafkajs","message":"[Consumer] Stopped","groupId":"persistence-service"}
{"level":"INFO","timestamp":"2026-06-02T17:47:11.279Z","logger":"kafkajs","message":"[Consumer] Starting","groupId":"persistence-service"}
{"level":"INFO","timestamp":"2026-06-02T17:47:19.627Z","logger":"kafkajs","message":"[Consumer] Stopped","groupId":"persistence-service"}
{"level":"INFO","timestamp":"2026-06-02T17:47:26.055Z","logger":"kafkajs","message":"[Consumer] Starting","groupId":"persistence-service"}
{"level":"INFO","timestamp":"2026-06-02T17:47:37.681Z","logger":"kafkajs","message":"[Consumer] Stopped","groupId":"persistence-service"}
{"level":"INFO","timestamp":"2026-06-02T17:47:49.969Z","logger":"kafkajs","message":"[Consumer] Starting","groupId":"persistence-service"}
{"level":"INFO","timestamp":"2026-06-02T17:48:01.011Z","logger":"kafkajs","message":"[Consumer] Stopped","groupId":"persistence-service"}
{"level":"INFO","timestamp":"2026-06-02T17:48:11.199Z","logger":"kafkajs","message":"[Consumer] Starting","groupId":"persistence-service"}
{"level":"INFO","timestamp":"2026-06-02T17:48:20.810Z","logger":"kafkajs","message":"[Consumer] Stopped","groupId":"persistence-service"}
{"level":"INFO","timestamp":"2026-06-02T17:48:30.061Z","logger":"kafkajs","message":"[Consumer] Starting","groupId":"persistence-service"}
{"level":"INFO","timestamp":"2026-06-02T17:48:37.391Z","logger":"kafkajs","message":"[Consumer] Stopped","groupId":"persistence-service"}
{"level":"INFO","timestamp":"2026-06-02T17:48:42.738Z","logger":"kafkajs","message":"[Consumer] Starting","groupId":"persistence-service"}
{"level":"INFO","timestamp":"2026-06-02T17:48:51.427Z","logger":"kafkajs","message":"[Consumer] Stopped","groupId":"persistence-service"}
{"level":"INFO","timestamp":"2026-06-02T17:49:00.148Z","logger":"kafkajs","message":"[Consumer] Starting","groupId":"persistence-service"}
{"level":"INFO","timestamp":"2026-06-02T17:49:06.687Z","logger":"kafkajs","message":"[Consumer] Stopped","groupId":"persistence-service"}
{"level":"INFO","timestamp":"2026-06-02T17:49:14.233Z","logger":"kafkajs","message":"[Consumer] Starting","groupId":"persistence-service"}
{"level":"INFO","timestamp":"2026-06-02T17:49:22.296Z","logger":"kafkajs","message":"[Consumer] Stopped","groupId":"persistence-service"}
{"level":"INFO","timestamp":"2026-06-02T17:49:29.402Z","logger":"kafkajs","message":"[Consumer] Starting","groupId":"persistence-service"}
{"level":"INFO","timestamp":"2026-06-02T17:49:37.834Z","logger":"kafkajs","message":"[Consumer] Stopped","groupId":"persistence-service"}
{"level":"INFO","timestamp":"2026-06-02T17:49:46.802Z","logger":"kafkajs","message":"[Consumer] Starting","groupId":"persistence-service"}
{"level":"INFO","timestamp":"2026-06-02T17:49:56.677Z","logger":"kafkajs","message":"[Consumer] Stopped","groupId":"persistence-service"}
{"level":"INFO","timestamp":"2026-06-02T17:50:06.911Z","logger":"kafkajs","message":"[Consumer] Starting","groupId":"persistence-service"}
{"level":"INFO","timestamp":"2026-06-02T17:50:14.690Z","logger":"kafkajs","message":"[Consumer] Stopped","groupId":"persistence-service"}
{"level":"INFO","timestamp":"2026-06-02T17:50:21.060Z","logger":"kafkajs","message":"[Consumer] Starting","groupId":"persistence-service"}
{"level":"INFO","timestamp":"2026-06-02T17:50:29.340Z","logger":"kafkajs","message":"[Consumer] Stopped","groupId":"persistence-service"}
{"level":"INFO","timestamp":"2026-06-02T17:50:37.312Z","logger":"kafkajs","message":"[Consumer] Starting","groupId":"persistence-service"}
{"level":"INFO","timestamp":"2026-06-02T17:50:44.242Z","logger":"kafkajs","message":"[Consumer] Stopped","groupId":"persistence-service"}
{"level":"INFO","timestamp":"2026-06-02T17:50:51.326Z","logger":"kafkajs","message":"[Consumer] Starting","groupId":"persistence-service"}
{"level":"INFO","timestamp":"2026-06-02T17:51:00.915Z","logger":"kafkajs","message":"[Consumer] Stopped","groupId":"persistence-service"}
{"level":"INFO","timestamp":"2026-06-02T17:51:08.834Z","logger":"kafkajs","message":"[Consumer] Starting","groupId":"persistence-service"}
{"level":"INFO","timestamp":"2026-06-02T17:51:17.249Z","logger":"kafkajs","message":"[Consumer] Stopped","groupId":"persistence-service"}
{"level":"INFO","timestamp":"2026-06-02T17:51:25.613Z","logger":"kafkajs","message":"[Consumer] Starting","groupId":"persistence-service"}
{"level":"INFO","timestamp":"2026-06-02T17:51:32.376Z","logger":"kafkajs","message":"[Consumer] Stopped","groupId":"persistence-service"}
{"level":"INFO","timestamp":"2026-06-02T17:51:38.132Z","logger":"kafkajs","message":"[Consumer] Starting","groupId":"persistence-service"}
{"level":"INFO","timestamp":"2026-06-02T17:51:48.932Z","logger":"kafkajs","message":"[Consumer] Stopped","groupId":"persistence-service"}
{"level":"INFO","timestamp":"2026-06-02T17:52:01.044Z","logger":"kafkajs","message":"[Consumer] Starting","groupId":"persistence-service"}
{"level":"INFO","timestamp":"2026-06-02T17:52:08.586Z","logger":"kafkajs","message":"[Consumer] Stopped","groupId":"persistence-service"}
{"level":"INFO","timestamp":"2026-06-02T17:52:16.863Z","logger":"kafkajs","message":"[Consumer] Starting","groupId":"persistence-service"}
{"level":"INFO","timestamp":"2026-06-02T17:52:25.295Z","logger":"kafkajs","message":"[Consumer] Stopped","groupId":"persistence-service"}
{"level":"INFO","timestamp":"2026-06-02T17:52:33.820Z","logger":"kafkajs","message":"[Consumer] Starting","groupId":"persistence-service"}
{"level":"INFO","timestamp":"2026-06-02T17:52:39.962Z","logger":"kafkajs","message":"[Consumer] Stopped","groupId":"persistence-service"}
{"level":"INFO","timestamp":"2026-06-02T17:52:44.927Z","logger":"kafkajs","message":"[Consumer] Starting","groupId":"persistence-service"}
{"level":"INFO","timestamp":"2026-06-02T17:52:57.938Z","logger":"kafkajs","message":"[Consumer] Stopped","groupId":"persistence-service"}
{"level":"INFO","timestamp":"2026-06-02T17:53:11.371Z","logger":"kafkajs","message":"[Consumer] Starting","groupId":"persistence-service"}
{"level":"INFO","timestamp":"2026-06-02T17:53:21.005Z","logger":"kafkajs","message":"[Consumer] Stopped","groupId":"persistence-service"}
{"level":"INFO","timestamp":"2026-06-02T17:53:32.433Z","logger":"kafkajs","message":"[Consumer] Starting","groupId":"persistence-service"}
{"level":"INFO","timestamp":"2026-06-02T17:53:41.562Z","logger":"kafkajs","message":"[Consumer] Stopped","groupId":"persistence-service"}
{"level":"INFO","timestamp":"2026-06-02T17:53:50.757Z","logger":"kafkajs","message":"[Consumer] Starting","groupId":"persistence-service"}
{"level":"INFO","timestamp":"2026-06-02T17:54:01.328Z","logger":"kafkajs","message":"[Consumer] Stopped","groupId":"persistence-service"}
{"level":"INFO","timestamp":"2026-06-02T17:54:11.377Z","logger":"kafkajs","message":"[Consumer] Starting","groupId":"persistence-service"}
{"level":"INFO","timestamp":"2026-06-02T17:54:22.745Z","logger":"kafkajs","message":"[Consumer] Stopped","groupId":"persistence-service"}
{"level":"INFO","timestamp":"2026-06-02T17:54:36.010Z","logger":"kafkajs","message":"[Consumer] Starting","groupId":"persistence-service"}
{"level":"INFO","timestamp":"2026-06-02T17:54:50.214Z","logger":"kafkajs","message":"[Consumer] Stopped","groupId":"persistence-service"}
{"level":"INFO","timestamp":"2026-06-02T17:55:06.937Z","logger":"kafkajs","message":"[Consumer] Starting","groupId":"persistence-service"}
{"level":"INFO","timestamp":"2026-06-02T17:55:14.125Z","logger":"kafkajs","message":"[Consumer] Stopped","groupId":"persistence-service"}
{"level":"INFO","timestamp":"2026-06-02T17:55:21.930Z","logger":"kafkajs","message":"[Consumer] Starting","groupId":"persistence-service"}
{"level":"INFO","timestamp":"2026-06-02T17:55:33.499Z","logger":"kafkajs","message":"[Consumer] Stopped","groupId":"persistence-service"}
{"level":"INFO","timestamp":"2026-06-02T17:55:44.367Z","logger":"kafkajs","message":"[Consumer] Starting","groupId":"persistence-service"}
{"level":"INFO","timestamp":"2026-06-02T17:55:52.945Z","logger":"kafkajs","message":"[Consumer] Stopped","groupId":"persistence-service"}
{"level":"INFO","timestamp":"2026-06-02T17:56:00.924Z","logger":"kafkajs","message":"[Consumer] Starting","groupId":"persistence-service"}
{"level":"INFO","timestamp":"2026-06-02T17:56:08.581Z","logger":"kafkajs","message":"[Consumer] Stopped","groupId":"persistence-service"}
{"level":"INFO","timestamp":"2026-06-02T17:56:15.867Z","logger":"kafkajs","message":"[Consumer] Starting","groupId":"persistence-service"}
{"level":"INFO","timestamp":"2026-06-02T17:56:24.555Z","logger":"kafkajs","message":"[Consumer] Stopped","groupId":"persistence-service"}
{"level":"INFO","timestamp":"2026-06-02T17:56:32.319Z","logger":"kafkajs","message":"[Consumer] Starting","groupId":"persistence-service"}
{"level":"INFO","timestamp":"2026-06-02T17:56:39.401Z","logger":"kafkajs","message":"[Consumer] Stopped","groupId":"persistence-service"}
{"level":"INFO","timestamp":"2026-06-02T17:56:47.540Z","logger":"kafkajs","message":"[Consumer] Starting","groupId":"persistence-service"}
{"level":"INFO","timestamp":"2026-06-02T17:56:55.324Z","logger":"kafkajs","message":"[Consumer] Stopped","groupId":"persistence-service"}
{"level":"INFO","timestamp":"2026-06-02T17:57:03.718Z","logger":"kafkajs","message":"[Consumer] Starting","groupId":"persistence-service"}
{"level":"INFO","timestamp":"2026-06-02T17:57:12.303Z","logger":"kafkajs","message":"[Consumer] Stopped","groupId":"persistence-service"}
{"level":"INFO","timestamp":"2026-06-02T17:57:21.906Z","logger":"kafkajs","message":"[Consumer] Starting","groupId":"persistence-service"}
{"level":"INFO","timestamp":"2026-06-02T17:57:29.954Z","logger":"kafkajs","message":"[Consumer] Stopped","groupId":"persistence-service"}
{"level":"INFO","timestamp":"2026-06-02T17:57:39.376Z","logger":"kafkajs","message":"[Consumer] Starting","groupId":"persistence-service"}
{"level":"INFO","timestamp":"2026-06-02T17:57:48.245Z","logger":"kafkajs","message":"[Consumer] Stopped","groupId":"persistence-service"}
{"level":"INFO","timestamp":"2026-06-02T17:57:56.368Z","logger":"kafkajs","message":"[Consumer] Starting","groupId":"persistence-service"}
{"level":"INFO","timestamp":"2026-06-02T17:58:06.476Z","logger":"kafkajs","message":"[Consumer] Stopped","groupId":"persistence-service"}
{"level":"INFO","timestamp":"2026-06-02T17:58:17.352Z","logger":"kafkajs","message":"[Consumer] Starting","groupId":"persistence-service"}
{"level":"INFO","timestamp":"2026-06-02T17:58:25.974Z","logger":"kafkajs","message":"[Consumer] Stopped","groupId":"persistence-service"}
{"level":"INFO","timestamp":"2026-06-02T17:58:35.648Z","logger":"kafkajs","message":"[Consumer] Starting","groupId":"persistence-service"}
{"level":"INFO","timestamp":"2026-06-02T17:58:44.775Z","logger":"kafkajs","message":"[Consumer] Stopped","groupId":"persistence-service"}
{"level":"INFO","timestamp":"2026-06-02T17:58:52.593Z","logger":"kafkajs","message":"[Consumer] Starting","groupId":"persistence-service"}
{"level":"INFO","timestamp":"2026-06-02T17:59:01.806Z","logger":"kafkajs","message":"[Consumer] Stopped","groupId":"persistence-service"}
{"level":"INFO","timestamp":"2026-06-02T17:59:10.816Z","logger":"kafkajs","message":"[Consumer] Starting","groupId":"persistence-service"}
{"level":"INFO","timestamp":"2026-06-02T17:59:21.540Z","logger":"kafkajs","message":"[Consumer] Stopped","groupId":"persistence-service"}
{"level":"INFO","timestamp":"2026-06-02T17:59:31.563Z","logger":"kafkajs","message":"[Consumer] Starting","groupId":"persistence-service"}
{"level":"INFO","timestamp":"2026-06-02T17:59:39.565Z","logger":"kafkajs","message":"[Consumer] Stopped","groupId":"persistence-service"}
{"level":"INFO","timestamp":"2026-06-02T17:59:46.502Z","logger":"kafkajs","message":"[Consumer] Starting","groupId":"persistence-service"}
{"level":"INFO","timestamp":"2026-06-02T17:59:52.932Z","logger":"kafkajs","message":"[Consumer] Stopped","groupId":"persistence-service"}
{"level":"INFO","timestamp":"2026-06-02T17:59:58.690Z","logger":"kafkajs","message":"[Consumer] Starting","groupId":"persistence-service"}
{"level":"INFO","timestamp":"2026-06-02T18:00:08.267Z","logger":"kafkajs","message":"[Consumer] Stopped","groupId":"persistence-service"}
{"level":"INFO","timestamp":"2026-06-02T18:00:18.487Z","logger":"kafkajs","message":"[Consumer] Starting","groupId":"persistence-service"}
{"level":"INFO","timestamp":"2026-06-02T18:00:30.099Z","logger":"kafkajs","message":"[Consumer] Stopped","groupId":"persistence-service"}
{"level":"INFO","timestamp":"2026-06-02T18:00:42.846Z","logger":"kafkajs","message":"[Consumer] Starting","groupId":"persistence-service"}
{"level":"INFO","timestamp":"2026-06-02T18:00:53.425Z","logger":"kafkajs","message":"[Consumer] Stopped","groupId":"persistence-service"}
{"level":"INFO","timestamp":"2026-06-02T18:01:05.490Z","logger":"kafkajs","message":"[Consumer] Starting","groupId":"persistence-service"}
{"level":"INFO","timestamp":"2026-06-02T18:01:15.199Z","logger":"kafkajs","message":"[Consumer] Stopped","groupId":"persistence-service"}
{"level":"INFO","timestamp":"2026-06-02T18:01:23.385Z","logger":"kafkajs","message":"[Consumer] Starting","groupId":"persistence-service"}
{"level":"INFO","timestamp":"2026-06-02T18:01:33.074Z","logger":"kafkajs","message":"[Consumer] Stopped","groupId":"persistence-service"}
{"level":"INFO","timestamp":"2026-06-02T18:01:42.133Z","logger":"kafkajs","message":"[Consumer] Starting","groupId":"persistence-service"}
{"level":"INFO","timestamp":"2026-06-02T18:01:54.230Z","logger":"kafkajs","message":"[Consumer] Stopped","groupId":"persistence-service"}
{"level":"INFO","timestamp":"2026-06-02T18:02:06.521Z","logger":"kafkajs","message":"[Consumer] Starting","groupId":"persistence-service"}
{"level":"INFO","timestamp":"2026-06-02T18:02:15.143Z","logger":"kafkajs","message":"[Consumer] Stopped","groupId":"persistence-service"}
{"level":"INFO","timestamp":"2026-06-02T18:02:26.099Z","logger":"kafkajs","message":"[Consumer] Starting","groupId":"persistence-service"}
{"level":"INFO","timestamp":"2026-06-02T18:02:36.350Z","logger":"kafkajs","message":"[Consumer] Stopped","groupId":"persistence-service"}
{"level":"INFO","timestamp":"2026-06-02T18:02:45.739Z","logger":"kafkajs","message":"[Consumer] Starting","groupId":"persistence-service"}
{"level":"INFO","timestamp":"2026-06-02T18:02:55.072Z","logger":"kafkajs","message":"[Consumer] Stopped","groupId":"persistence-service"}
{"level":"INFO","timestamp":"2026-06-02T18:03:02.973Z","logger":"kafkajs","message":"[Consumer] Starting","groupId":"persistence-service"}
{"level":"INFO","timestamp":"2026-06-02T18:03:12.095Z","logger":"kafkajs","message":"[Consumer] Stopped","groupId":"persistence-service"}
{"level":"INFO","timestamp":"2026-06-02T18:03:21.510Z","logger":"kafkajs","message":"[Consumer] Starting","groupId":"persistence-service"}
{"level":"INFO","timestamp":"2026-06-02T18:03:31.134Z","logger":"kafkajs","message":"[Consumer] Stopped","groupId":"persistence-service"}
{"level":"INFO","timestamp":"2026-06-02T18:03:43.090Z","logger":"kafkajs","message":"[Consumer] Starting","groupId":"persistence-service"}
{"level":"INFO","timestamp":"2026-06-02T18:03:53.056Z","logger":"kafkajs","message":"[Consumer] Stopped","groupId":"persistence-service"}
{"level":"INFO","timestamp":"2026-06-02T18:04:05.615Z","logger":"kafkajs","message":"[Consumer] Starting","groupId":"persistence-service"}
{"level":"INFO","timestamp":"2026-06-02T18:04:12.895Z","logger":"kafkajs","message":"[Consumer] Stopped","groupId":"persistence-service"}
{"level":"INFO","timestamp":"2026-06-02T18:04:20.051Z","logger":"kafkajs","message":"[Consumer] Starting","groupId":"persistence-service"}
{"level":"INFO","timestamp":"2026-06-02T18:04:35.512Z","logger":"kafkajs","message":"[Consumer] Stopped","groupId":"persistence-service"}
{"level":"INFO","timestamp":"2026-06-02T18:04:53.897Z","logger":"kafkajs","message":"[Consumer] Starting","groupId":"persistence-service"}
{"level":"INFO","timestamp":"2026-06-02T18:05:02.040Z","logger":"kafkajs","message":"[Consumer] Stopped","groupId":"persistence-service"}
{"level":"INFO","timestamp":"2026-06-02T18:05:09.758Z","logger":"kafkajs","message":"[Consumer] Starting","groupId":"persistence-service"}
{"level":"INFO","timestamp":"2026-06-02T18:05:16.748Z","logger":"kafkajs","message":"[Consumer] Stopped","groupId":"persistence-service"}
{"level":"INFO","timestamp":"2026-06-02T18:05:24.546Z","logger":"kafkajs","message":"[Consumer] Starting","groupId":"persistence-service"}
{"level":"INFO","timestamp":"2026-06-02T18:05:35.039Z","logger":"kafkajs","message":"[Consumer] Stopped","groupId":"persistence-service"}
{"level":"INFO","timestamp":"2026-06-02T18:05:47.182Z","logger":"kafkajs","message":"[Consumer] Starting","groupId":"persistence-service"}
{"level":"INFO","timestamp":"2026-06-02T18:05:57.564Z","logger":"kafkajs","message":"[Consumer] Stopped","groupId":"persistence-service"}
{"level":"INFO","timestamp":"2026-06-02T18:06:08.101Z","logger":"kafkajs","message":"[Consumer] Starting","groupId":"persistence-service"}
{"level":"INFO","timestamp":"2026-06-02T18:06:18.061Z","logger":"kafkajs","message":"[Consumer] Stopped","groupId":"persistence-service"}
{"level":"INFO","timestamp":"2026-06-02T18:06:27.047Z","logger":"kafkajs","message":"[Consumer] Starting","groupId":"persistence-service"}
{"level":"INFO","timestamp":"2026-06-02T18:06:35.229Z","logger":"kafkajs","message":"[Consumer] Stopped","groupId":"persistence-service"}
{"level":"INFO","timestamp":"2026-06-02T18:06:42.117Z","logger":"kafkajs","message":"[Consumer] Starting","groupId":"persistence-service"}
{"level":"INFO","timestamp":"2026-06-02T18:06:53.216Z","logger":"kafkajs","message":"[Consumer] Stopped","groupId":"persistence-service"}
{"level":"INFO","timestamp":"2026-06-02T18:07:04.514Z","logger":"kafkajs","message":"[Consumer] Starting","groupId":"persistence-service"}
{"level":"INFO","timestamp":"2026-06-02T18:07:14.991Z","logger":"kafkajs","message":"[Consumer] Stopped","groupId":"persistence-service"}
{"level":"INFO","timestamp":"2026-06-02T18:07:24.916Z","logger":"kafkajs","message":"[Consumer] Starting","groupId":"persistence-service"}
{"level":"INFO","timestamp":"2026-06-02T18:07:35.421Z","logger":"kafkajs","message":"[Consumer] Stopped","groupId":"persistence-service"}
{"level":"INFO","timestamp":"2026-06-02T18:07:48.974Z","logger":"kafkajs","message":"[Consumer] Starting","groupId":"persistence-service"}
{"level":"INFO","timestamp":"2026-06-02T18:07:56.966Z","logger":"kafkajs","message":"[Consumer] Stopped","groupId":"persistence-service"}
{"level":"INFO","timestamp":"2026-06-02T18:08:03.217Z","logger":"kafkajs","message":"[Consumer] Starting","groupId":"persistence-service"}
{"level":"INFO","timestamp":"2026-06-02T18:08:09.152Z","logger":"kafkajs","message":"[Consumer] Stopped","groupId":"persistence-service"}
{"level":"INFO","timestamp":"2026-06-02T18:08:15.423Z","logger":"kafkajs","message":"[Consumer] Starting","groupId":"persistence-service"}
{"level":"INFO","timestamp":"2026-06-02T18:08:27.089Z","logger":"kafkajs","message":"[Consumer] Stopped","groupId":"persistence-service"}
{"level":"INFO","timestamp":"2026-06-02T18:08:38.882Z","logger":"kafkajs","message":"[Consumer] Starting","groupId":"persistence-service"}
{"level":"INFO","timestamp":"2026-06-02T18:08:50.410Z","logger":"kafkajs","message":"[Consumer] Stopped","groupId":"persistence-service"}
{"level":"INFO","timestamp":"2026-06-02T18:09:00.091Z","logger":"kafkajs","message":"[Consumer] Starting","groupId":"persistence-service"}
{"level":"INFO","timestamp":"2026-06-02T18:09:07.449Z","logger":"kafkajs","message":"[Consumer] Stopped","groupId":"persistence-service"}
{"level":"INFO","timestamp":"2026-06-02T18:09:13.036Z","logger":"kafkajs","message":"[Consumer] Starting","groupId":"persistence-service"}
{"level":"INFO","timestamp":"2026-06-02T18:09:19.262Z","logger":"kafkajs","message":"[Consumer] Stopped","groupId":"persistence-service"}
{"level":"INFO","timestamp":"2026-06-02T18:09:25.736Z","logger":"kafkajs","message":"[Consumer] Starting","groupId":"persistence-service"}
{"level":"INFO","timestamp":"2026-06-02T18:09:33.416Z","logger":"kafkajs","message":"[Consumer] Stopped","groupId":"persistence-service"}
{"level":"INFO","timestamp":"2026-06-02T18:09:41.203Z","logger":"kafkajs","message":"[Consumer] Starting","groupId":"persistence-service"}
{"level":"INFO","timestamp":"2026-06-02T18:09:53.477Z","logger":"kafkajs","message":"[Consumer] Stopped","groupId":"persistence-service"}
{"level":"INFO","timestamp":"2026-06-02T18:10:05.154Z","logger":"kafkajs","message":"[Consumer] Starting","groupId":"persistence-service"}
{"level":"INFO","timestamp":"2026-06-02T18:10:12.731Z","logger":"kafkajs","message":"[Consumer] Stopped","groupId":"persistence-service"}
{"level":"INFO","timestamp":"2026-06-02T18:10:20.549Z","logger":"kafkajs","message":"[Consumer] Starting","groupId":"persistence-service"}
{"level":"INFO","timestamp":"2026-06-02T18:10:28.129Z","logger":"kafkajs","message":"[Consumer] Stopped","groupId":"persistence-service"}
{"level":"INFO","timestamp":"2026-06-02T18:10:34.660Z","logger":"kafkajs","message":"[Consumer] Starting","groupId":"persistence-service"}
{"level":"INFO","timestamp":"2026-06-02T18:10:50.965Z","logger":"kafkajs","message":"[Consumer] Stopped","groupId":"persistence-service"}
{"level":"INFO","timestamp":"2026-06-02T18:11:09.936Z","logger":"kafkajs","message":"[Consumer] Starting","groupId":"persistence-service"}
{"level":"INFO","timestamp":"2026-06-02T18:11:19.962Z","logger":"kafkajs","message":"[Consumer] Stopped","groupId":"persistence-service"}
{"level":"INFO","timestamp":"2026-06-02T18:11:31.633Z","logger":"kafkajs","message":"[Consumer] Starting","groupId":"persistence-service"}
{"level":"INFO","timestamp":"2026-06-02T18:11:43.347Z","logger":"kafkajs","message":"[Consumer] Stopped","groupId":"persistence-service"}
{"level":"INFO","timestamp":"2026-06-02T18:11:56.486Z","logger":"kafkajs","message":"[Consumer] Starting","groupId":"persistence-service"}
{"level":"INFO","timestamp":"2026-06-02T18:12:06.375Z","logger":"kafkajs","message":"[Consumer] Stopped","groupId":"persistence-service"}
{"level":"INFO","timestamp":"2026-06-02T18:12:16.342Z","logger":"kafkajs","message":"[Consumer] Starting","groupId":"persistence-service"}
{"level":"INFO","timestamp":"2026-06-02T18:12:25.007Z","logger":"kafkajs","message":"[Consumer] Stopped","groupId":"persistence-service"}
{"level":"INFO","timestamp":"2026-06-02T18:12:32.861Z","logger":"kafkajs","message":"[Consumer] Starting","groupId":"persistence-service"}
{"level":"INFO","timestamp":"2026-06-02T18:12:39.171Z","logger":"kafkajs","message":"[Consumer] Stopped","groupId":"persistence-service"}
{"level":"INFO","timestamp":"2026-06-02T18:12:44.517Z","logger":"kafkajs","message":"[Consumer] Starting","groupId":"persistence-service"}
{"level":"INFO","timestamp":"2026-06-02T18:12:52.646Z","logger":"kafkajs","message":"[Consumer] Stopped","groupId":"persistence-service"}
{"level":"INFO","timestamp":"2026-06-02T18:13:00.716Z","logger":"kafkajs","message":"[Consumer] Starting","groupId":"persistence-service"}
{"level":"INFO","timestamp":"2026-06-02T18:13:11.332Z","logger":"kafkajs","message":"[Consumer] Stopped","groupId":"persistence-service"}
{"level":"INFO","timestamp":"2026-06-02T18:13:21.071Z","logger":"kafkajs","message":"[Consumer] Starting","groupId":"persistence-service"}
{"level":"INFO","timestamp":"2026-06-02T18:13:35.462Z","logger":"kafkajs","message":"[Consumer] Stopped","groupId":"persistence-service"}
{"level":"INFO","timestamp":"2026-06-02T18:13:49.379Z","logger":"kafkajs","message":"[Consumer] Starting","groupId":"persistence-service"}
{"level":"INFO","timestamp":"2026-06-02T18:13:58.958Z","logger":"kafkajs","message":"[Consumer] Stopped","groupId":"persistence-service"}
{"level":"INFO","timestamp":"2026-06-02T18:14:09.513Z","logger":"kafkajs","message":"[Consumer] Starting","groupId":"persistence-service"}
{"level":"INFO","timestamp":"2026-06-02T18:14:22.809Z","logger":"kafkajs","message":"[Consumer] Stopped","groupId":"persistence-service"}
{"level":"INFO","timestamp":"2026-06-02T18:14:38.497Z","logger":"kafkajs","message":"[Consumer] Starting","groupId":"persistence-service"}
{"level":"INFO","timestamp":"2026-06-02T18:14:44.939Z","logger":"kafkajs","message":"[Consumer] Stopped","groupId":"persistence-service"}
{"level":"INFO","timestamp":"2026-06-02T18:14:49.763Z","logger":"kafkajs","message":"[Consumer] Starting","groupId":"persistence-service"}
{"level":"INFO","timestamp":"2026-06-02T18:14:59.790Z","logger":"kafkajs","message":"[Consumer] Stopped","groupId":"persistence-service"}
{"level":"INFO","timestamp":"2026-06-02T18:15:11.702Z","logger":"kafkajs","message":"[Consumer] Starting","groupId":"persistence-service"}
{"level":"INFO","timestamp":"2026-06-02T18:15:21.191Z","logger":"kafkajs","message":"[Consumer] Stopped","groupId":"persistence-service"}
{"level":"INFO","timestamp":"2026-06-02T18:15:30.649Z","logger":"kafkajs","message":"[Consumer] Starting","groupId":"persistence-service"}
{"level":"INFO","timestamp":"2026-06-02T18:15:40.139Z","logger":"kafkajs","message":"[Consumer] Stopped","groupId":"persistence-service"}
{"level":"INFO","timestamp":"2026-06-02T18:15:47.923Z","logger":"kafkajs","message":"[Consumer] Starting","groupId":"persistence-service"}
{"level":"INFO","timestamp":"2026-06-02T18:15:55.048Z","logger":"kafkajs","message":"[Consumer] Stopped","groupId":"persistence-service"}
{"level":"INFO","timestamp":"2026-06-02T18:16:01.073Z","logger":"kafkajs","message":"[Consumer] Starting","groupId":"persistence-service"}
{"level":"INFO","timestamp":"2026-06-02T18:16:09.677Z","logger":"kafkajs","message":"[Consumer] Stopped","groupId":"persistence-service"}
{"level":"INFO","timestamp":"2026-06-02T18:16:17.708Z","logger":"kafkajs","message":"[Consumer] Starting","groupId":"persistence-service"}
{"level":"INFO","timestamp":"2026-06-02T18:16:28.312Z","logger":"kafkajs","message":"[Consumer] Stopped","groupId":"persistence-service"}
